name,type,confidence,n_entries,spelling_variants,index_letters,example_entry
Abbay of Amphibalus,place,0.97,1,Abbay of Amphibalus,A,Abbay of Amphibalus in Winchester. 109.6.
Abbey Church of Batteil,place,0.97,1,Abbey Church of Batteil,A,"Abbey Church of Batteil, dedicated to S. Martin. 325.36"
Abbey of Lucresse,place,0.97,1,Abbey of Lucresse,A,Abbey of Lucresse conmonly called delacresse built by Radulen Erle of Chester. 618.12.
Abbey of Peterburgh,place,0.92,1,Abbey of Peterburgh,A,Abbey of Peterburgh & Crowland spoyled by King Iohn. 604.73.
Abell,person,0.86,1,Abell,A,Abell hanged for the supremacie 1580.40.
Abingdon abbey,place,0.95,2,Abingdon Abbey | Abingdon abbey,A,"Abingdon Abbey finished, and set in good order. 234.7."
Abingdon battaile,place,0.97,2,Abingdon battaile,A,"Abingdon battaile, one of the forest foughten fieldes that had bin hearde of in those dayes. 213.31."
Abirnethi,uncertain,0.2,1,Abirnethi,A,"Abirnethi, and the peace there concluded. 307.68."
Abbot of Hales,person,0.82,1,Abbot of Hales,A,Abbot of Hales hanged. pag. 1154. col. 1. line. 2.
Abbot of Saint Albons,person,0.74,1,Abbot of Saint Albons,A,Abbot of Saint Albons payeth foure score markes to Lewes in ye name of homage. 610.9.
Abbot of Westminster,person,0.64,1,Abbot of Westminster,A,Abbot of Westminster conspireth against Henry ye .4 pag. 1 <?>. col. 1. lin. 5. dyeth sodainly. pa. 1129. col. 1 li. 39
Abbot of Westminster William,person,0.71,1,Abbot of Westminster William,A,"Abbot of Westminster William deposed for wasting the reuenues of the house, and for inconstancie. 582.90."
Absolon,person,0.81,1,Absolon,A,Absolon a Monke of Canterburie. 382.97.
Aburgalieny,uncertain,0.45,1,Aburgalieny,A,Aburgalieny Lord committed to the tower. 1510.27. confesseth misprison of treason. 1519.45.
Aburgenny,person,0.85,1,Aburgenny,A,Aburgenny Lord distresseth the Kentishe rebels. 1725.20.
Acca,person,0.84,2,Acca,A,"Acca, daughter to Alla, & sister to Edwine. 155.76."
Acce,place,0.81,1,Acce,A,"Acce of land, how many pearches it conteineth. 312.101."
Achelnotus,person,0.91,1,Achelnotus,A,"Achelnotus, Archbyshop of Cãtorbury. 262.115."
Achikelmeslawe,place,0.89,1,Achikelmeslawe,A,"Achikelmeslawe, spoyled by the Danes. 244.36."
Accorde,person,0.83,1,Accorde,A,"Accorde made betweene kyng Maximianus, and Conan Meridock, Duke of Cornewall. 95.57."
Acres Citie,place,0.97,1,Acres Citie,A,Acres Citie besieged by the Christians. 493.73. surrendred into ye Christian mens handes. 500.79.
Act,uncertain,0.2,1,Act,A,Act against fishemongers. 1040 10. b. repealed. 1042.23. a.
Ada,person,0.97,1,Ada,A,"Ada, the sonne of Ida, created King of Brenitia. 140.59."
Adam,person,0.97,1,Adam,A,Adam Byshop of Hereford arested. 873.53. b. his Oration to the armie. 879.16. b
Adam Banester,person,0.97,1,Adam Banester,A,Adam Banester hanged. 854.19. a.
Adarstone,uncertain,0.45,1,Adarstone,A,Adarstone a little towne. page. 1415. col. 1. line. 37. page. 1416. col. 2. line. 27.
Adela,person,0.97,3,Adela,A,"Adela, daughter to the French King giuen in mariage to Richard sonne to King Henrie the second. 438.116."
Adelbert,person,0.7,1,Adelbert,A,Adelbert succeedeth Egbert in the Archbishopricke of York. 199.25.
Adelicia,person,0.97,1,Adelicia,A,"Adelicia, daughter to the Duke of Lor<?>yne, marryed to king Henrie the first. 358.26."
Adeline,person,0.8,2,Adeline,A,"Adeline with his armie of rebelles, discomfited, and pardoned. 193.79."
Adeliza,person,0.95,1,Adeliza,A,"Adeliza, daughter to Duke William of Normãdie. 283.<?>5."
Adelme,person,0.7,1,Adelme,A,"Adelme, succeedeth Pleymond in the Archbyshoprick of Cãtorburie. 224.8."
Adelme Erle,person,0.94,1,Adelme Erle,A,"Adelme Erle moueth a rebellion, against Cuthred King of West Saxons. 193.71."
Adelstan,person,0.91,1,Adelstan,A,"Adelstan, Byshop of Shirebourne. 206.57."
Adelstane,person,0.97,15,Adelstane,A,Adelstane ordeyned Byshop of Saint Germans in Cornwall. 223.56.
Adelstans,person,0.8,1,Adelstans,A,Adelstans swoorde restored to the s<?>bbard by myracle. <?>26.68.
Adelward,uncertain,0.2,1,Adelward,A,Adelward put to death. 260.43.
Adelwold,person,0.94,6,Adelwold,A,"Adelwold, byshop of Winchester. <?>34.19."
Adethelme Erle,person,0.97,1,Adethelme Erle,A,"Adethelme Erle, slayne by the Danes. 206.83"
Adnothus,person,0.68,1,Adnothus,A,"Adnothus slaine in battayle, by Godwyn and Edmond the great. 299.28."
Adolfe,person,0.91,1,Adolfe,A,"Adolfe, Earle of Bulleigne. 225.102."
Adrian,person,0.92,10,Adrian,A,Adrian refuseth to be made Archbyshop of Cantorburie 178.8.
Aduentrers,uncertain,0.2,1,Aduentrers,A,Aduentrers. 1522.5. &. 1529.10. &. 1531.30. &. 34. their ende. 1533.
Aduersitie,uncertain,0.45,1,Aduersitie,A,"Aduersitie promiseth more, then prosperitie meaneth to performe. 27<?>.64."
Adulf,person,0.93,1,Adulf,A,"Adulf, Byshop of Myeth. 199.3."
Adulfe,person,0.3,2,Adulfe,A,"Adulfe rebelling, is expulsed out of Northumberlande. 224.53."
Aetius,person,0.46,2,Aetius,A,Aetius gouernour of Fraunce vnder Honorius the Emperour. 101.47.
Ae<?>woo<?>e,uncertain,0.2,1,Ae<?>woo<?>e,A,"Ae<?>woo<?>e, looke, Eltwold."
Affrica,place,0.81,1,Affrica,A,Affrica alotted vnto Cham. 1.77.
Aganippus,person,0.86,2,Aganippus,A,"Aganippus passeth into Britaine with an armie, and restoreth Lei<?> to his kingdome. 20.41."
Agatha,person,0.97,1,Agatha,A,"Agatha, daughter to Henrie the Emperour, marryed to Edward, sonne to king Edmond. 259.34."
Agathyrses,uncertain,0.2,1,Agathyrses,A,"Agathyrses, otherwise called Pictes. 13.89."
Age of Arthur,person,0.97,1,Age of Arthur,A,Age of Arthur Duke of Britaine. 543.27.
Agelnothus,person,0.91,1,Agelnothus,A,"Agelnothus, Abbot of Glastenburie. 297.13."
Agencourt battell,place,0.95,1,Agencourt battell,A,Agencourt battell. page. 1178 col. 2. line. 14.
Agendis,place,0.8,1,Agendis,A,Agendis recouered from the Frenche. 876.38. b.
Ager Anthonie,person,0.97,1,Ager Anthonie,A,Ager Anthonie knight is slaine fighting valiantly. 1771.30
Agilbertus,person,0.96,1,Agilbertus,A,"Agilbertus returneth into Fraunce, and is made Byshop of Paris. 171.74."
Agilbeetus,person,0.9,1,Agilbeetus,A,Agilbeetus Byshop commeth into England. 171.61.
Agnes,person,0.8,2,Agnes,A,"Agnes, daughter to Hugh le Grand, Earle of Paris, maried to Richard the seconde Duke of Normandie. 288.116."
Agnexus,person,0.81,1,Agnexus,A,"Agnexus and Hubbo brethren, chosen captaines of y Danes 210.77."
Agricola,person,0.9,1,Agricola,A,Agricola <?> <?>mmaunded home to Rome by Domitianus. 73.69.
Agricolas,uncertain,0.45,1,Agricolas,A,Agricolas fame groweth by neglecting it. 69.4.
Agricula,person,0.86,1,Agricula,A,Agricula sent Lieutenant into Britaine. 68.57.
Agriculas,uncertain,0.2,1,Agriculas,A,Agriculas gouernment <?>th commended. 69.9.
Aguell Henrie,person,0.84,1,Aguell Henrie,A,"Aguell Henrie, drowned in a tempest. 411.94."
Aydan,person,0.48,3,Aydan,A,Aydan sent into Englande to preach the Gospel. 168.25.
Aydans,uncertain,0.33,2,Aydans,A,Aydans aduice concerning the preaching of the Gospell in Northumberland. 167.107
Aiguillon,uncertain,0.2,1,Aiguillon,A,Aiguillon beseged by the French+men. 928.7. b.
Aylewin,person,0.81,1,Aylewin,A,Aylewin Earle. 234.23.
Aimouth,uncertain,0.2,1,Aimouth,A,Aimouth furtifyed. 1779.10.
Ayre,uncertain,0.45,1,Ayre,A,Ayre appeareth red and burning. 353.29.
Ayre Towne,place,0.87,1,Ayre Towne,A,Ayre Towne wonne and brent by kyng Iohns Souldiers. 584.10.
Akalon,place,0.84,1,Akalon,A,"Akalon, a riuer in Greece. 11.37."
Alla,person,0.5,1,Alla,A,"Alla, looke Ella."
Alaine,person,0.91,1,Alaine,A,Alaine Duke of Britaine. 372.10.
Alane Ecle of Britaine,person,0.96,1,Alane Ecle of Britaine,A,"Alane Ecle of Britaine, created Earle of Richmonde. 301.44."
Alanson,uncertain,0.45,1,Alanson,A,Alanson beseiged and yelded to Henry the fifth page. 1190. col. 1. line. 25.
Alba Siluius,person,0.86,1,Alba Siluius,A,"Alba Siluius, the eleuenth king of Italy. 17.105."
Alban,person,0.86,1,Alban,A,Alban martyred for the faith of Christ. 88.2.
Albanact,person,0.92,2,Albanact,A,"Albanact, third sonne to Brute. 16.33."
Albaney William Erle of Arndell,person,0.97,1,Albaney William Erle of Arndell,A,Albaney William Erle of Arndell dyeth. 622.5.
Albania,place,0.74,1,Albania,A,"Albania lyeth Northward, beyonde Humber. 16.48."
Albanye,place,0.83,1,Albanye,A,"Albanye allotted to Albanact, now called Scotlãd. 16.44."
Albemarle castle,place,0.9,2,Albemarle castle,A,Albemarle castle burned. 468.8.
Albemarle in Normandie,place,0.67,1,Albemarle in Normandie,A,Albemarle in Normandie taken by king William Rufus. 321.58.
Albemarle towne,place,0.85,1,Albemarle towne,A,"Albemarle towne besieged by the Earle of Flaunders, and taken. 429.21."
Albeney William,person,0.93,1,Albeney William,A,Albeney William captayne of Rochester Castle. 592.65.
Albericke,person,0.86,1,Albericke,A,"Albericke, made gouernour of Northumberland. 312.47."
Alberike,person,0.79,1,Alberike,A,"Alberike Byshop of Hostia, the Popes Legate in England. 371.26."
Albert,person,0.93,1,Albert,A,Albert Duke of Saxon taketh Dam by sleight. 1438. 10. wynneth the towne of Scluse. ibidem.
Albert de Suma,person,0.89,1,Albert de Suma,A,"Albert de Suma, sent Legate from the Pope into England. 451.83."
Albina,uncertain,0.2,1,Albina,A,"Albina, none of Danaus daugh+ters names. 8.69."
Albinus,person,0.87,1,Albinus,A,"Albinus the famous Clearke, wrote a booke agaynst the worshipping of Images. 199.55."
Albion,uncertain,0.34,4,Albion,A,"Albion, when this Iland first so called. 5.45. & .6.30."
Alchfled,person,0.95,1,Alchfled,A,"Alchfled, daughter to king Oswy. 172.21."
Alchfride,person,0.89,2,Alchfride,A,"Alchfride, brother in lawe to Peda. 173.29."
Alclud citie,place,0.92,1,Alclud citie,A,"Alclud citie now decayed, builded. 18.15."
Alcluid Citie,place,0.97,2,Alcluid Citie,A,Alcluid Citie destroyed by the Danes. 211.54.
Alcoch Iohn,person,0.97,1,Alcoch Iohn,A,Alcoch Iohn Byshop of Ely foundeth Iesus Colledge. 1462.51.
Alda,person,0.82,1,Alda,A,"Alda, sister to Vter Pendragon marryed to Conran kyng of Scots. 132.17."
Aldayne,person,0.91,1,Aldayne,A,Aldayne Byshop of Durham. 241.18.
Aldane Giles,person,0.87,1,Aldane Giles,A,"Aldane Giles, consecrated Byshop of Saint Nynian in Scotland. 352.21."
Aldegate,uncertain,0.43,1,Aldegate,A,Aldegate and Byshops gate assaulted by Bastard Fanconbridge. page. 1342. col. 1. line. 52.
Aldemarle,person,0.84,1,Aldemarle,A,Aldemarle Wyl. bastard sonne to Robert Earle of Northũberland. 326.43.
Alderman of London,uncertain,0.45,1,Alderman of London,A,Alderman of London setteth forth a fleete. 1009.19. b.
Aldermen,person,0.43,2,Aldermen,A,"Aldermen seuen dyed within .x. monethes, 1837.30."
Aldgitha,person,0.86,1,Aldgitha,A,"Aldgitha Queene, sent away from London to Chester. 291.35."
Aldhelme,person,0.91,1,Aldhelme,A,Aldhelme ordeyned Byshop of Shirebourne. 190.10.
Aldiminus,uncertain,0.2,1,Aldiminus,A,"Aldiminus, looke Ealdbright."
Alditha,person,0.97,1,Alditha,A,"Alditha daughter to Earle Ormus, marryed to king Aulafe. 227.69."
Aldred,person,0.93,4,Aldred,A,Aldred Archbyshop of Yorke departeth this life. 300.39.
Aldrede,person,0.91,1,Aldrede,A,Aldrede Abbot of Lindesserne. 219.41.
Aldredus,person,0.91,1,Aldredus,A,Aldredus Archbyshop of Yorke. 222.48.
Aldroenus,person,0.47,2,Aldroenus,A,"Aldroenus, king of little Britaine. 102.30."
Aldulfe,person,0.97,1,Aldulfe,A,"Aldulfe, sonne to Bosa slayne. 196.39."
Aldwine,person,0.86,2,Aldwine | Aldwyne,A,"Aldwyne, a Monke. 307.103."
Aldwolfe,person,0.91,1,Aldwolfe,A,"Aldwolfe, Byshop of Rochester. 191.100."
Alectus,person,0.9,3,Alectus,A,Alectus taketh vpon him the gouernment of Britaine. 81.96
Allegations,person,0.83,1,Allegations,A,Allegations made by the French king Phillip to the Popes Legate concerning his ayding of the barons of England against king Iohn. 598 83.
Alered,person,0.93,1,Alered,A,"Alered, Archbyshop of Yorke, obtaineth pardon for Swaine 270.22."
Aleria,place,0.82,1,Aleria,A,Aleria called Alize in Burgogne by whom builded. 6.45.
Alerium Castle,place,0.87,1,Alerium Castle,A,"Alerium Castle, deliuered to king Henry the second. 410.6."
Allerton castle,place,0.93,2,Allerton castle,A,Allerton castle. 436.28.
Alewine,person,0.8,1,Alewine,A,Alewine sent Ambassador vnto Charles the great. 195.43.
Alexander,person,0.97,5,Alexander,A,"Alexander Byshop of Lincolne Nephew or sonne to Roger Byshop of Salisburie, committed to prison. 371.65."
Alexander Neuil Archbshop of Yorke,person,0.97,1,Alexander Neuil Archbshop of Yorke,N,Alexander Neuil Archbshop of Yorke fleeth. 1070.36. a. attaynted. 1071.25.
Alferd,person,0.86,1,Alferd,A,Alferd departeth this lyfe. 185. 114.
Alfin,person,0.7,1,Alfin,A,"Alfin succeedeth Odo in ye Archbyshoprike of Canterburye, and"
Alfonse,person,0.97,1,Alfonse,A,Alfonse king of Castill requyreth ayde of Henry the third against his natural brother Richard king of Almaigne. 747.58. he is denyed aide as an vnreasonable request. 747.60.
Alfred,person,0.95,10,Alfred,A,Alfred professeth her selfe a Nunne. 237.31.
Alfreda,person,0.91,2,Alfreda,A,Alfreda professeth hirselfe a Nunne. 197.15.
Alfredes,uncertain,0.33,2,Alfredes,A,"Alfredes deede in procuring king Edwardes death, in no wise excusable. 237.59."
Alfride,person,0.86,1,Alfride,A,"Alfride Earle, high Admiral of a nauie against the Danes. 240.11."
Alfrike,person,0.93,3,Alfrike,A,"Alfrike turneth from his owne countrey, to the Danes. 240.21."
Alfrikes,person,0.8,1,Alfrikes,A,"Alfrikes ship taken, and he himselfe reconciled to king Egelredes fauour. 240.38."
Alfwen,person,0.92,1,Alfwen,A,"Alfwen, daughter to Ethelfleda disinherited. 222.55."
Algar,person,0.94,11,Algar,A,"Algar, sonne to Duke Alfrike, his eyes put out. 240.44."
Alice,person,0.97,1,Alice,A,"Alice, eldest daughter to Hubert Earle of Morieune, affianced to Iohn, youngest sonne to king Henry the second. 423.58."
Alice Perers,person,0.97,1,Alice Perers,P,Alice Perers Concubine to king Edward the third. 997 27. a. banished the Realme. 1008.45. a.
Almaine Campe,group,0.85,1,Almaine Campe,A,Almaine Campe a fort yelded to the Frenchmen. 1696.10
Almaricus,uncertain,0.45,1,Almaricus,A,"Almaricus a Deacon, betrayeth Canterburie to the Danes. 246.7."
Alnewicke castle,place,0.95,1,Alnewicke castle,A,Alnewicke castle. 324.64.
Alnewike,place,0.97,1,Alnewike,A,"Alnewike besieged by the scots, but in vaine. 434.1."
Alnewike battaile,place,0.97,1,Alnewike battaile,A,"Alnewike battaile, fought by the Englishmen against the Scottes. 434.69."
Alnewike Castle,place,0.97,1,Alnewike Castle,A,Alnewike Castle beseiges. pag. 1315. col. 1. line. 23.
Allowãce,uncertain,0.45,1,Allowãce,A,"Allowãce for the king of Scots alwayes, at his comming vnto the Englishe court. 518.39."
Alpher,person,0.63,3,Alpher,A,"Alpher, Duke of Mercia, taketh part for the aduauncing of Egelredus to the crowne of England. 235.48."
Alphouse,person,0.97,1,Alphouse,A,Alphouse Duke of Calabre chosen knight of the garter. 1440.30.
Alrick,person,0.97,1,Alrick,A,"Alrick, sonne to Herbert, slayne. 201.74."
Alrike,person,0.46,2,Alrike,A,Alrike succeedeth his brother Ethelbert in the kingdome of Kent. 191.84.
Alsled,person,0.97,1,Alsled,A,"Alsled, daughter to Offa, married to K. Ethelhet. 201.43."
Alstane,person,0.91,1,Alstane,A,"Alstane, Bishop of Sh<?>reburue, a wariour. 203.55."
Alswaldes,person,0.96,1,Alswaldes,A,Alswaldes sonnes myserably slayne. 201.34.
Alswyn,person,0.81,1,Alswyn,A,"Alswyn, a Monke. 307.103."
Alswine,person,0.97,1,Alswine,A,"Alswine, brother to king Ecgfride slaine. 182.95."
Alswold,person,0.91,1,Alswold,A,"Alswold, king of Northumberland. 198.67."
Altred,uncertain,0.43,2,Altred,A,Altred succeeded Molle in the kingdome of Northumberland. 196.30.
Aluergne Earledome,uncertain,0.45,1,Aluergne Earledome,A,Aluergne Earledome inuaded and wasted by king Henrie the second. 410.41.
Alured,person,0.97,11,Alured,A,"Alured, sonne to king Ethelwolfus, sent to Rome. 207.26."
Aluredes,place,0.43,2,Aluredes,A,"Aluredes diligence, in deuiding the day and night vnto seuerall purposes. 218.43."
Aluredes kingdome,place,0.95,1,Aluredes kingdome,A,Aluredes kingdome bounded. 214.110.
Alureds,person,0.85,4,Alureds,A,"Alureds last wil, and the implosing of his goods to godlye purposes. 218.55."
Alwine,person,0.86,2,Alwine | Alwynne,A,"Alwynne, concubine to Kyng Cuate, daughter to Alselme. 262.81."
Ambassade,uncertain,0.45,1,Ambassade,A,Ambassade sent by king Iohn to ye king of Scots. 549.67.
Ambassadours of England,person,0.94,1,Ambassadours of England,A,Ambassadours of England and Fraunce meete at Balingham. 1083.23. a.
Ambassadours.pag,uncertain,0.2,1,Ambassadours.pag,A,Ambassadours.pag. 1125. col. 2. line. 30. pag. 1131. col. 1. line. 15. page. 1135. col. 2. line. 41. page. 1155. col. 1. line. 20.
Amboys castle,place,0.94,2,Amboys castle,A,Amboys castle assured to Theo. bald Earle of Bloys. 427.20.
Ambrei,place,0.83,1,Ambrei,A,"Ambrei, nowe called Salisburie. 118.36."
Ambresburie Nunrie,uncertain,0.2,1,Ambresburie Nunrie,A,Ambresburie Nunrie buylded. 237.30.
Ambreuilliers castle,place,0.75,1,Ambreuilliers castle,A,Ambreuilliers castle taken by the Earle of Salisburie. pa. 1187. col. 2. lin. 6.
Amerie de Pauie,person,0.72,1,Amerie de Pauie,P,Amerie de Pauie knight Captayne of Calais Castle. 943.1. b. selleth Calais to the French men. 944.3. a.
Ammianus Marcellinus,uncertain,0.2,1,Ammianus Marcellinus,A,Ammianus Marcellinus cyted. 96.94. & .102.74.
Ammond,person,0.81,1,Ammond,A,"Ammond, a king of the Danes. 212.19."
Amphibalus,place,0.83,2,Amphibalus,A,"Amphibalus, a zelous Christian in Britayne. 88.6."
Amphibulus,person,0.86,1,Amphibulus,A,"Amphibulus, where borne. 27.108."
Amphitrita,person,0.82,1,Amphitrita,A,"Amphitrita, wyfe to Neptune God of the seas. 5.20."
Anna,person,0.97,3,Anna,A,"Anna, king of the Eastangles. 169.54."
Anabaptistes,person,0.81,1,Anabaptistes,A,"Anabaptistes discouered, of whomsome recanting, beare fagottes. 1871.54. some are whipped and banished, 1872.12. two are burnt, 1872.29."
Anacletus,person,0.85,1,Anacletus,A,Anacletus taken prisoner by Brute. 11.76.
Anandale,place,0.89,1,Anandale,A,Anandale spoyled. 830.27. b.
Anatholius,person,0.84,1,Anatholius,A,"Anatholius, an holy and woorthy father. 168.37."
Andates,uncertain,0.2,1,Andates,A,Andates the British Goddesse of victorie. 64.47.
Andauer,uncertain,0.2,1,Andauer,A,Andauer. 233.17
Andell riuer in Normandie,place,0.97,1,Andell riuer in Normandie,A,Andell riuer in Normandie. 385.31.
Andragatius,person,0.8,1,Andragatius,A,"Andragatius, Admirall of the seas perteyning to the Empire. 97.38."
Andredecester Citie,place,0.82,1,Andredecester Citie,A,Andredecester Citie ouerthrowen. 125.87. and. 126.71
Andredescester Citie,place,0.97,1,Andredescester Citie,A,Andredescester Citie besieged. 126.56.
Andredesley wood,place,0.95,1,Andredesley wood,A,"Andredesley wood, with the length and breadth. 215.77"
Andredeswald wood,place,0.95,1,Andredeswald wood,A,Andredeswald wood. 194.12.
Andredeswold,place,0.81,1,Andredeswold,A,Andredeswold in Sussex. 125.60.
Andresey Ile,place,0.97,1,Andresey Ile,A,Andresey Ile. 208.16.
Andrew,person,0.96,2,Andrew,AB,"Andrew Barton, a famous Scottishe Pirate slayne. 1441.56."
Andrew Harcley,person,0.97,1,Andrew Harcley,A,"Andrew Harcley created Earle of Caerlile. 869.3. a. conspireth agaynst the king, and is executed. 871.55. a."
Andrewe,person,0.96,1,Andrewe,A,"Andrewe nominated Archbyshop of Cantorburie, is preuented by death. 178.12."
Androgeus,person,0.72,3,Androgeus,A,"Androgeus Earle of London, disobeyeth the summonance of Cassibelsane. 43.66."
Anne,person,0.96,9,Anne,A,Anne beame a hill. pag. 1416. col. 2. lin. 57.
Anne of Cleue,person,0.97,1,Anne of Cleue,A,Anne of Cleue dyeth. 1769.4.
Angiers,place,0.74,1,Angiers,A,Angiers taken by Queene Elianor. 543.82.
Angiers Citie,place,0.94,2,Angiers Citie | Angiers citie,A,Angiers citie repaired agayne by king Iohn. 564.10.
Angles,person,0.82,3,Angles,A,Angles receiued by the Britaines. 545.97
Anglesey,place,0.89,3,Anglesey,A,Anglesey woonne by the Romanes. 59.114
Anglesey Ile,place,0.97,2,Anglesey Ile,A,Anglesey Ile. 787.12. b. won 791.4. b.
Angli,uncertain,0.2,2,Angli,A,"Angli, all one people with the Thuringi. 113.45."
Angolesme,place,0.66,1,Angolesme,A,Angolesme surrendred to the Earle of Derby. 927.55. b recouered. 928.35. b.
Angussel,person,0.46,2,Angussel,A,Angussel slayne. 134.27.
Aniou,place,0.77,1,Aniou,A,Aniou wasted by Queene Elianor. 543.78.
Aniow,uncertain,0.45,1,Aniow,A,"Aniow inhabitantes take part with king Henry the fyrst, against Robart Duke of Normandie. 344.22."
Annius,person,0.85,1,Annius,A,Annius cited. 3.110. and. 4.67. and. 5.6.
Annius of Viterbo,person,0.85,1,Annius of Viterbo,A,Annius of Viterbo cited. 1.63. and. 2.68. and. 2.89. and. 3 16. and. 3.46. a.
Anlafe,person,0.91,1,Anlafe,A,"Anlafe king of Norway baptised, and receiueth the fayth. 241.7."
Anselme,person,0.95,16,Anselme,A,Anselme fleeth out of ye realme to Rome. 333.21.
Anteus,person,0.8,1,Anteus,A,Anteus slayne by Hercules in Mauritania. 5.107.
Anthony Bek,person,0.95,1,Anthony Bek,A,Anthony Bek made Patriarch of Hierusalem. 843.38. b. contendeth with the Prior of Darham. 844.1. a.
Anthonie,person,0.8,1,Anthonie,R,Anthonie Earle Riuers. pa. 1351. co. 1. lin. 6.
Anthonie Wooduile,person,0.9,1,Anthonie Wooduile,A,Anthonie Wooduile. pa. 1298 col. 1. lin. 4.
Antigonus,person,0.97,1,Antigonus,A,"Antigonus, brother to Pandrasus, taken prisoner by Brute. 11.41."
Antony,person,0.94,2,Antony,A,Antony bastard of Burgongne. pag. 1317. col. 2. lin. 16. chalenged the lorde Scales. lin. 44.
Antony Woduile,person,0.88,1,Antony Woduile,A,"Antony Woduile Lord Riuers brother to Elizabeth, wyfe to Ed. 4. pag. 1360. col. 1. lin. 11. put in ward. pa. 1361 co. 2. li. 3. beheaded at Pomfret. pag. 1362. col. 1. lin. 36"
Antoninus,person,0.91,2,Antoninus,A,"Antoninus, sonne to Seuerus the Empe. looke Bassianus."
Appeales,uncertain,0.33,2,Appeales,A,"Appeales to Rome forbidden, and howe such appeales shalbe determined. 1559.53."
Apleby castle,place,0.82,1,Apleby castle,A,Apleby castle taken by ye Scots. 433.113.
Appledore castle,place,0.87,1,Appledore castle,A,Appledore castle builded. 216.3.
Appointing,person,0.8,1,Appointing,A,"Appointing of the Pope, belongeth only to the Emperour. 330.99."
Apre Riuar,uncertain,0.2,1,Apre Riuar,A,Apre Riuar. page. 1310. col. 2. line. 40.
Aques citie,place,0.97,1,Aques citie,A,Aques citie besieged & woonne. 447.18.
Aquitaine,place,0.89,2,Aquitaine,A,Aquitaine troubled with warre 978.40. b.
Aqutia,person,0.8,1,Aqutia,A,"Aqutia a British prophet, what time he wrote. 19.5."
Arraine Therle,person,0.91,1,Arraine Therle,A,Arraine Therle gouernour of Scotland. 1589.50.
Arbogastes,uncertain,0.45,1,Arbogastes,A,"Arbogastes a Goth, slayeth Flauius Victor nobilissimus. 97.98."
Archby. of Yorke,person,0.81,1,Archby. of Yorke,A,Archby. of Yorke lord Chauncelor. pag. 1362. col. 2. lin. 3. came before day to ye queene lin. 22. deliuered her ye great Seale. lin. 47. was blamed for deliuerie. pa. 1363. col. 2 lin. 49. taken from him. lin. 50.
Archbyshop of Cantorbury,uncertain,0.45,1,Archbyshop of Cantorbury,A,Archbyshop of Cantorbury his Oration. pag. 1168. col. 2. lin. 11.
Archbyshop of Cantorburie,uncertain,0.27,5,Archbyshop of Cantorburie | Archbyshop of Cantorburye,A,"Archbyshop of Cantorburie, or Yorke, to haue aucthoritie to place another, the Sea of eyther being voyde. 163.20."
Archbyshop of Cantorburie Steuen Langton,person,0.73,1,Archbyshop of Cantorburie Steuen Langton,A,"Archbyshop of Cantorburie Steuen Langton taketh possession of his see, and restoreth the Monkes of Cantorburie. 581.71."
Archbishop of Colen,person,0.83,1,Archbishop of Colen,A,"Archbishop of Colen sent Ambassadour to Richard elect, king of Almayne. 746.70."
Archbyshop of Yorke,uncertain,0.3,6,Archbishop of Yorke | Archbyshop of Yorke,A,Archbyshop of Yorke deliuereth Hen. the sixt. to Ed. the fourth. pag. 1332. col. 2. lin. 28. was sent prisoner to Guynes. pag. 1345. col. 1. lin. 47.
Archbyshop of Yorke Geffrey,person,0.76,2,Archbyshop of Yorke Geffrey,A,"Archbyshop of Yorke Geffrey, depriued. 548.113."
Archbyshop of Yorke Richarde Scrope,person,0.75,1,Archbyshop of Yorke Richarde Scrope,A,Archbyshop of Yorke Richarde Scrope deuised articles against Henry the fourth. pag. 1137. col. 1. line. 41. Conspireth against him. pag. 1147. col. 2. lin. beheaded pag. 1148. col. 2. lin. 48.
Archbyshop of Messina,person,0.66,1,Archbyshop of Messina,A,Archbyshop of Messina sent legate into England. 745.27
Archbyshop of Roan,person,0.64,1,Archbyshop of Roan,R,Archbyshop of Roan slayne comming to Cressey. 935.10. b.
Archbyshopricke of Cantorburie,place,0.76,1,Archbyshopricke of Cantorburie,A,Archbyshopricke of Cantorburie kept voide in the kinges handes. 351.73
Archbyshopricke of Yorke,place,0.81,1,Archbyshopricke of Yorke,A,"Archbyshopricke of Yorke, subiect to the Archbyshopricke of Cantorburie. 305.72."
Archbyshops of Cantorburie,person,0.97,1,Archbyshops of Cantorburie,A,"Archbyshops of Cantorburie, spirituall father to the kyng and all his people. 404.17."
Archenbray battaile,place,0.76,1,Archenbray battaile,A,"Archenbray battaile fought by Robert eldest sonne to king William, against his father. 310.37."
Archigallo,person,0.89,5,Archigallo,A,Archigallo depriued of his kingdome. 31.5
Archilochus,person,0.85,1,Archilochus,A,Archilochus cited. 2.61.
Arde,place,0.85,2,Arde,A,Arde woonne by the Frenchmen. 1007.15. b.
Arde castle,place,0.97,1,Arde castle,A,Arde castle built. 1581.2
Arden,person,0.8,1,Arden,A,Arden murdered. 1703.40.
Ardmach in Ireland,place,0.82,1,Ardmach in Ireland,A,"Ardmach in Ireland, ordeyned an Archbyshopricke. 386.32."
Ardulf,person,0.97,1,Ardulf,A,"Ardulf, sonne to Arnulf, made king of Northumberland. 201.57."
Ardult,uncertain,0.45,1,Ardult,A,Ardult expulsed out of his esstate. 201.80.
Ardune,person,0.91,1,Ardune,A,Ardune byshop of Geneua. 423 112.
Areani,uncertain,0.2,1,Areani,A,"Areani remoued, & what was their office. 105.57."
Aristotle,person,0.85,1,Aristotle,A,Aristotle cited. 2.20. & 5.47.
Arlet,person,0.95,1,Arlet,A,"Arlet, mother to king Wylliam Conquerour. 323.32."
Armach,place,0.81,1,Armach,A,"Armach, Metropolitane towne of all Ireland, woonne. 448.74."
Armager,person,0.5,1,Armager,A,"Armager, looke Aruiragus."
Armeny,person,0.86,1,Armeny,A,Armeny commeth into England. 1051.13. a.
Armes,person,0.83,1,Armes,A,"Armes of king Wylliam, made sithence the armes of the crowne of England. 315.47."
Armetrida,person,0.85,1,Armetrida,A,"Armetrida, wyfe to Hugh Lupus Earle of Thester. 323.59."
Armeus,uncertain,0.2,1,Armeus,A,"Armeus, one of the names of Danaus. 7.22."
Armorica,place,0.57,3,Armorica,A,"Armorica, what in the Britishe tongue it signifieth. 95.79. & 98.78."
Arnault Nicholas,person,0.97,1,Arnault Nicholas,A,Arnault Nicholas knight valiantly defendeth Bullenberg. 1640.54.
Arnold,person,0.88,2,Arnold,A,Arnold confined for his trayterous demeanour. 340.17.
Arnold Butlar,person,0.83,1,Arnold Butlar,A,Arnold Butlar a valiant captayne. pag. 1413. col. 2. lin. 57.
Arnold Dandreghen,person,0.96,1,Arnold Dandreghen,D,Arnold Dandreghen Marshall of Fraunce. 915.43. a.
Arnulfe,uncertain,0.45,1,Arnulfe,A,"Arnulfe, or Athelwoolfe, fyrst byshop of Caerleil. 362.83."
AAron,person,0.42,2,AAron | Aaron,A,"AAron and Iulius, martyred for ye faith of Christ. 88.32"
Arthur,person,0.96,20,Arthur,A,Arthur had .ii. wyues. 137.31.
Arthur of Britaine,person,0.97,1,Arthur of Britaine,A,Arthur of Britaine made knight. 546.61.
Arthurs,person,0.82,5,Arthurs,A,"Arthurs bones and his wiues, translated. 135.49."
Artogail,uncertain,0.2,1,Artogail,A,"Artogail, looke Archigallo."
Aruiragus,person,0.97,9,Aruiragus,A,"Aruiragus, youngest sonne to Kymbeline, admitted kyng of Britaine. 51.21."
Arundel,person,0.77,2,Arundel,A,Arundel Archbyshop of Cantorburie condemned and banished. 1095.10. b.
Arundel Castel,place,0.78,1,Arundel Castel,A,Arundel Castel besieged. 373.23.
Arundel castle,place,0.74,1,Arundel castle,A,Arundel castle fortified against king Henry the fyrst. 339.62.
Arundel Humfrey,person,0.74,1,Arundel Humfrey,A,Arundel Humfrey Captaine of the rebels in Deuonshire executed. 1655.24.
Arundell Thomas,person,0.89,1,Arundell Thomas,A,Arundell Thomas knight committed to the Towre. 1709 30. is beheaded. 1712.6.
Assaracus,person,0.81,1,Assaracus,A,Assaracus deliuereth places of defence vnto Brute in Greece. 10.54.
Ascalon towne,place,0.82,1,Ascalon towne,A,Ascalon towne taken by the Englishmen. 503.49.
Aschdon battel,place,0.95,1,Aschdon battel,A,"Aschdon battel, fought by the Englishmen against the Danes. 210.11"
Asclepiodotus,person,0.97,3,Asclepiodotus,A,"Asclepiodotus Duke of Cornewall, chiefe captayne of a conspiracie agaynst the Romanes. 82.7."
Asserius Meneuensis,person,0.91,1,Asserius Meneuensis,A,"Asserius Meneuensis, byshop of Shirebourne. 218.25."
Ashbert,person,0.83,1,Ashbert,A,Ashbert murdered young kyng Kenelme. 203.50.
Ashdon Churche,place,0.96,1,Ashdon Churche,A,Ashdon Churche in Essex builded. 262.97.
Ashdone battell,place,0.95,1,Ashdone battell,A,Ashdone battell fought by the Danes agaynst the Englishe men. 255.77.
Ashrugge Abbey,place,0.97,1,Ashrugge Abbey,A,Ashrugge Abbey founded. 782.4.
Asia,place,0.87,1,Asia,A,Asia alotted vnto Sem. 1.75.
Aske Robert,person,0.86,1,Aske Robert,A,Aske Robert hanged in chaines 1570.20.
Askewe Anne,person,0.97,1,Askewe Anne,A,Askewe Anne arraigned vppon the statute of the sixe articles and acquitted. 1601.46.
Asteley Iohn,person,0.97,1,Asteley Iohn,A,"Asteley Iohn, a Scriuener, a counsellor to Perkin Warbecke. 1450.1"
Astoulfe de S,person,0.82,1,Astoulfe de S,A,"Astoulfe de S. Hillarie, a counsellor, or rather corrupter of Henry, sonne to king Henry the second. 425.105."
Astwood Thomas,person,0.97,1,Astwood Thomas,A,Astwood Thomas. 1443.38.
Aswald,person,0.73,2,Aswald,A,Aswald trayterously murdered by his owne people. 199.38.
Attacotti,uncertain,0.2,1,Attacotti,A,"Attacotti, a kinde of Scots or Pictes. 104.7."
Athanasius,person,0.85,1,Athanasius,A,Athanasius cited. 94.44.
Athelilan,person,0.97,1,Athelilan,A,"Athelilan, second sonne to Egbert, ordeyned king of Kent, Sussex, and Essex. 205.12."
Athelmare,person,0.81,1,Athelmare,A,Athelmare confirmed byshop of Wynchester. 725.1
Athelney,place,0.86,1,Athelney,A,"Athelney, in old time called Edlingsey. 217.55."
Athelney fortresse in Edelynsey Ile,place,0.87,1,Athelney fortresse in Edelynsey Ile,A,Athelney fortresse in Edelynsey Ile builded. 214.74.
Athelstan,uncertain,0.45,1,Athelstan,A,Athelstan vanquisheth the Danes by sea. 207.8.
Atonement,person,0.83,1,Atonement,A,"Atonement made betwene king Stephen, and Archbyshop Theobald of Cantorburie. 383.3."
Atrius,person,0.83,1,Atrius,A,"Atrius made by Cesar, Lieutenant of the nauie. 40.89."
Auberoch,place,0.89,1,Auberoch,A,Auberoch besieged by ye French men. 927.53. a.
Aubrey de Veer,person,0.97,1,Aubrey de Veer,A,Aubrey de Veer created Earle of Oxford. 1083.7. a.
Audeley Thomas,person,0.97,2,Audeley Thomas,A,"Audeley Thomas, lord Audeley Chauncellour, is ordeyned high Steward of England. 1572.16. and 1582.13."
Audley Iames,person,0.97,1,Audley Iames,A,Audley Iames Lorde warreth on the welchmen. 748.45.
Auelina,person,0.97,1,Auelina,A,"Auelina, daughter to the Earle of Aumarle, married to lord Edmund, sonne to king Henry the third. 780.75."
Auesia,person,0.84,1,Auesia,A,"Auesia, or Aetesia Countesse of Warren dyeth. 742.57."
Augustine,person,0.62,12,Augustine,A,Augustine ordeined Archbishop of the englishe nation. 148.66.
Augustines,place,0.83,2,Augustines,A,Augustines Oake. 151.12
Augustus,uncertain,0.2,3,Augustus,A,"Augustus Cesar comming towardes Britaine with an armie, turneth another way. 46.53."
Aulafe,person,0.95,22,Aulafe,A,"Aulafe prince of Sweden, expulsed out of his kingdome. 261.40."
Aulus Atticus,person,0.87,1,Aulus Atticus,A,"Aulus Atticus, a Romane captayne slayne. 72.94."
Auncientie,uncertain,0.45,1,Auncientie,A,Auncientie of the Christian religion in Britaine declared. 53.29.
Auon castle,place,0.89,1,Auon castle,A,Auon castle builded. 222.80.
Auon Riuer,place,0.97,1,Auon Riuer,A,Auon Riuer. 222.80.
Aurea,person,0.85,1,Aurea,A,Aurea historia cited. 137.68.
Aurelius Ambrose,person,0.97,7,Aurelius Ambrose,A,"Aurelius Ambrose, and Vter Pendragon, returne into great Britaine with an armie. 122.19."
Aurelius Conanus,person,0.97,4,Aurelius Conanus,A,Aurelius Conanus dyeth. 139.55.
Authune,person,0.91,1,Authune,A,"Authune, Duke of Susser. 184.41."
Badon hill,place,0.97,1,Badon hill,B,"Badon hill, supposed to be blackamore. 128.64."
Baffus,uncertain,0.2,1,Baffus,B,"Baffus, a valiant man of war. 164.22."
Bayeult,person,0.86,1,Bayeult,B,Bayeult yeeldeth to Chastillion. 1824.38.
Bayeux,person,0.8,1,Bayeux,B,Bayeux taken by Englishmen. pag. 1189. col 2. lin. 18.
Baieux in Normandie,uncertain,0.45,1,Baieux in Normandie,B,Baieux in Normandie taken by kyng Henry the first. 344.14.
Bailleuile Focelin,uncertain,0.45,1,Bailleuile Focelin,B,"Bailleuile Focelin, accursed by Archbyshop Thomas Becket. 409.62."
Bayliffes,person,0.4,2,Bayliffes,B,Bayliffes names that were first appointed to gouerne the citie of London. 479.20.
Bayliffes of London,uncertain,0.2,1,Bayliffes of London,B,"Bayliffes of London discharged of their office, and committed to warde. 565.69."
Baynam Alexander,person,0.97,1,Baynam Alexander,B,Baynam Alexander knight. 1450.13.
Baynardes Castle,place,0.95,1,Baynardes Castle,B,Baynardes Castle. pag. 1307. col. 1. lin. 41.
Bayon,place,0.83,1,Bayon,B,Bayon yeelded to the Englishmen. 810.57. b.
Bayon citie,place,0.97,1,Bayon citie,B,Bayon citie wonne. 447.22.
Bayot Francis,person,0.97,1,Bayot Francis,B,"Bayot Francis knight, eftsones rebelleth. 1569.27."
Baldred,uncertain,0.45,2,Baldred,B,Baldred succedeth Cuthred in the kingdome of Kent. 205.16.
Baldud,person,0.71,3,Baldud,B,"Baldud, sonne to Ludhurdibras of Rud, beginneth to reigne ouer Britaine. 19.14."
Baldud well,place,0.75,1,Baldud well,B,Baldud well seene in the knowledge of Astrologie and Necromancie. 19.18.
Baldwyn,person,0.96,5,Baldwin | Baldwyn,B,"Baldwyn Earle of Flaunders, commeth into Englande. 270.79"
Baldwyn Emperour of Constantinople,person,0.97,1,Baldwyn Emperour of Constantinople,B,Baldwyn Emperour of Constantinople commeth into England. 717.32.
Baldwine,person,0.97,1,Baldwine,B,"Baldwine Earle of Flaũders, maryeth Ethelswida, daughter to king Alured. 218.76."
Baldwins,person,0.97,1,Baldwins,B,Baldwins Earle his Oration to his souldiours. 375.30.
Bale,person,0.97,1,Bale,B,Bale cited. 118.38. & .123.73
Bale Iohn,person,0.97,3,Bale Iohn,B,Bale Iohn cited. 53.3.
Balences,uncertain,0.2,1,Balences,B,"Balences, looke Basclenses."
Baliol hugh,person,0.97,1,Baliol hugh,B,Baliol hugh. 595.67.
Balliolle Bernard,person,0.97,1,Balliolle Bernard,B,"Balliolle Bernard, an Englishe captaine. 434.27."
Balun Castle,place,0.9,1,Balun Castle,B,Balun Castle wonne by the Frenche king. 547.12.
Balwin,person,0.89,1,Balwin,B,Balwin Earle taken prisoner. 376.33.
Bamborrough Castle,place,0.95,1,Bamborrough Castle,B,Bamborrough Castle. pag. 1313. col. 2. lin. 30. taken. pag. 1315. col. 1. lin. 38.
Bambrough,place,0.84,1,Bambrough,B,Bambrough destroyed by the Danes. 240.46
Bambure castle,place,0.87,1,Bambure castle,B,Bambure castle builded. 140.44.
Bamburge castle,place,0.97,1,Bamburge castle,B,Bamburge castle recouered fron the Scots. 397.6.
Banbery fielde,place,0.95,1,Banbery fielde,B,Banbery fielde. page. 1320. col. 1. lin. 27.
Banbourgh castle,place,0.9,1,Banbourgh castle,B,"Banbourgh castle besieged, & yeelded to king William Rufus. 326.6."
Banerectes,person,0.8,1,Banerectes,B,Banerectes made. 163.2.10.
Banishing,place,0.85,1,Banishing,B,"Banishing of men in England, when, and by whom ordeyned. 346.39."
Barbitus,uncertain,0.2,1,Barbitus,B,"Barbitus, looke Gurg<?>s."
Barcehãdowne,place,0.74,1,Barcehãdowne,B,Barcehãdowne in Kent where king Iohn assembled together his great army to resist the French king. 574.70.
Bardeny Abbey,place,0.95,1,Bardeny Abbey,B,Bardeny Abbey. 189.7.
Bardi,uncertain,0.28,3,Bardi,B,"Bardi, a sect of Philosophers. whence descended. 4.1."
Bardolph Hugh,person,0.97,1,Bardolph Hugh,B,Bardolph Hugh against the treation of Hubert to the Chancelours office. 545.50.
"Bardsey, an Iland in Wales",place,0.64,1,"Bardsey, an Iland in Wales",B,"Bardsey, an Iland in Wales 4.51."
Bardus,person,0.48,2,Bardus,B,Bardus made king of the Celtes. 3.103.
Barres William,person,0.97,1,Barres William,B,"Barres William, taken prisoner. 468.36."
Barke,uncertain,0.45,1,Barke,B,Barke Ager lost & recouered againe. 1604.46.
Barkeley Maurice,person,0.97,1,Barkeley Maurice,B,Barkeley Maurice knight. 1450.13.
Barkeley Wylliam of Weley,person,0.97,1,Barkeley Wylliam of Weley,B,Barkeley Wylliam of Weley atteinted. 1425.43
Barkesen,person,0.85,1,Barkesen,B,Barkesen his fayth. 1244. col. 2. lin. 50.
Barley Wylliam,person,0.9,1,Barley Wylliam,B,Barley Wylliam. 1442.30. and. 1443.26.
Barlow,person,0.87,1,Barlow,B,"Barlow doctor, byshop of Chichester. 1803.8."
Barnards castle,place,0.87,1,Barnards castle,B,Barnards castle geuen to the Earle of Warwick. 844.37. a.
Barney Kenelme,person,0.97,1,Barney Kenelme,B,Barney Kenelme executed for treason. 1861.37.
Barnes,person,0.57,3,Barnes,B,Barnes Doctor beareth a fagot. 1536.48.
Barnes Wylliam,person,0.97,1,Barnes Wylliam,B,Barnes Wylliam created byshop of London. 1458.37.
Barnet field,place,0.95,1,Barnet field,B,Barnet field. 1333. co. 1. li. 29
Barons of England,place,0.44,3,Barons of England,B,Barons of England complaine to Henry the thirde of the <?>
Barons of Mayne,person,0.88,1,Barons of Mayne,B,"Barons of Mayne, and of the Marches of Britaine, subdued by the Englishmen. 409.44."
Barons of Phictow,person,0.91,1,Barons of Phictow,B,"Barons of Phictow reuolt fron the French king, and doo homage to king Iohn. 584.32."
Bartham Antwisell,person,0.81,1,Bartham Antwisell,B,Bartham Antwisell Knyght slayn. pag. 1288. col. 1. lin. 7.
Barthes,place,0.81,1,Barthes,B,"Barthes, in olde tune called Bardi. 4.49."
Bartholoin,person,0.91,1,Bartholoin,B,"Bartholoin, captaine of the Basclenses. 28.47."
Bartholomew,person,0.97,1,Bartholomew,B,"Bartholomew, byshop of Exeter sent Ambassadour to the Pope. 406.90."
Barton Elizabeth,person,0.97,1,Barton Elizabeth,B,Barton Elizabeth the holye mayd of Kent. 1561.27. her adherentes eadem. 36. her historie at large. eadem. 42. is executed with her adherents. 1<?>62.24.
Barwicke bridge,place,0.97,1,Barwicke bridge,B,Barwicke bridge broken with a flud of water. 547.53.
Barwike,place,0.89,1,Barwike,B,Barwike wonne by the Englishe. pag. 1352. col. 2. lin. 48.
Barwike castle,place,0.9,1,Barwike castle,B,"Barwike castle, gaged to the king of England. 439.40."
Bascheruille Castle,place,0.97,1,Bascheruille Castle,B,Bascheruille Castle burnt. 385 39.
Basclenses,place,0.85,1,Basclenses,B,Basclenses assigned to dwell in Ireland. 28.62.
Basels,uncertain,0.2,1,Basels,B,Basels abrogated. 398.17.
Basesenses,person,0.87,1,Basesenses,B,Basesenses with their captaine banished out of Spaine. 28.50.
Basset Philip,person,0.97,2,Basset Philip,B,"Basset Philip, L. chiefe Iustice. 761.26."
Bassianus,person,0.92,7,Bassianus,B,Bassianus slayne by one of his owne souldiers. 81.41.
Basing battaile,place,0.97,1,Basing battaile,B,"Basing battaile, fought by the Danes against the Englishmen. 210.42."
Basingstoke,uncertain,0.2,1,Basingstoke,B,Basingstoke. 220.25.
Basingwerke Castle,place,0.95,1,Basingwerke Castle,B,Basingwerke Castle buylded. 398.2.
Basreeg,person,0.87,2,Basreeg,B,Basreeg slayne. 210.35.
Bastard,person,0.96,2,Bastard,B,Bastard sonne of king Richard slewe the Vicount of Limoges. 547.48.
Bastard Fanconbridge,person,0.97,1,Bastard Fanconbridge,B,Bastard Fanconbridge beheaded. pag. 1344. col. 2 lin. 37
Bastard of Borgongde,person,0.95,1,Bastard of Borgongde,B,Bastard of Borgongde. pag. 1317. col. 2. lin. 16. chalenged the lord Scales. lin. 44.
Bastard of Bourbon,person,0.97,1,Bastard of Bourbon,B,Bastard of Bourbon Admirall of France. pag. 1324. col. 1. lin. 2.
Battail of Morleis,uncertain,0.2,1,Battail of Morleis,B,Battail of Morleis. 919.20. a
Battaile of Ageincourt,place,0.97,1,Battaile of Ageincourt,B,Battaile of Ageincourt. pag. 1178. col. 2. lin. 14.
Battaile of Aulroy,place,0.97,1,Battaile of Aulroy,B,Battaile of Aulroy. 969.51. b.
Battaile of Boswortha,place,0.97,1,Battaile of Boswortha,B,Battaile of Boswortha. pag. 1420. col. 2. lin. 36. pag. 1422. col. 1. lin. 57.
Battaile of Otterbourn,place,0.97,1,Battaile of Otterbourn,B,Battaile of Otterbourn. 1074.12. a.
battayle of Spurres,uncertain,0.2,1,battayle of Spurres,S,The battayle of Spurres 1484.<?>.
Battaile of Vernoile,place,0.97,1,Battaile of Vernoile,B,"Battaile of Vernoile. pa. 1224 col. 1. lin. 46. battaile of Herings. pa. 1241. co. 1. lin. 12 at Saint Albous. pag. 1287 col. 1. lin. 57. at Blorhothe. pag. 1295. col. 2. lin. 4. at Northampton. pag. 1299. col. 1. lin. 20. at Wakfeeld. pag. 1303. col. 2. lin. 37. at Mortimers crosse. pa. 1304 col. 2. lin. 43. at Saint Albons, the second. pag. 1305. col. 1. lin. 30. at Erham. pa. 1314. col. 2. lin. 16."
Battel of Algeberota,place,0.97,1,Battel of Algeberota,B,Battel of Algeberota. 1049.54. b.
Batel of Banocks,person,0.86,1,Batel of Banocks,B,Batel of Banocks Borne. 852 40. b.
Battel of Comeran in Ireland,place,0.97,1,Battel of Comeran in Ireland,B,Battel of Comeran in Ireland 854.30. a.
Battell of Cressy,place,0.97,1,Battell of Cressy,B,Battell of Cressy. 932.24. b.
Battell of Dunkel,place,0.97,1,Battell of Dunkel,B,Battell of Dunkel or Methsen. 842.40. a
Battell of Faukirke,place,0.97,1,Battell of Faukirke,B,Battell of Faukirke. 833.20. a.
Battell of Graueling,place,0.97,1,Battell of Graueling,B,Battell of Graueling. 1780.40
Battel of Miton vpon Swale,place,0.97,1,Battel of Miton vpon Swale,B,"Battel of Miton vpon Swale, or ye white battel. 857.13. b."
Battel of Nauertet,place,0.97,1,Battel of Nauertet,B,Battel of Nauertet. 972.50. a
Battel of Potyers,place,0.97,1,Battel of Potyers,B,Battel of Potyers. 957.50. b.
Battel of Ratcote bridge,place,0.97,1,Battel of Ratcote bridge,B,Battel of Ratcote bridge. 1067 30. b.
Battel of S,place,0.9,1,Battel of S,B,Battel of S. Luce. 908.40. b.
battel of Stoke,place,0.97,1,battel of Stoke,B,The battel of Stoke. 1430.50 the battell of Saint Albin. 1433.50. the battell of Dixuew. 1436.10. the battel of Blacke heath. 1427.20.
Bath Citie,place,0.89,1,Bath Citie,B,Bath Citie taken and sacked by the Byshop of Constans. 318.52.
Bath Monasterie,place,0.97,1,Bath Monasterie,B,Bath Monasterie ioyned to the Sea of Bath. 336.1.
Bathe,place,0.84,2,Bathe,B,Bathe beseiged by the Saxons. 133.20.
Bathe Citie,place,0.97,1,Bathe Citie,B,Bathe Citie called Caerbran. 19.24.
Bats Abbey,place,0.87,1,Bats Abbey,B,Bats Abbey builded. 195.52.
Bau<?>an Stephen,person,0.97,1,Bau<?>an Stephen,B,Bau<?>an Stephen a captayne slayne by the Welchmen. 744.60.
Beamfeeld castle,place,0.87,1,Beamfeeld castle,B,Beamfeeld castle builded. 216.20.
Beamfield castle,place,0.82,1,Beamfield castle,B,Beamfield castle taken by the Englishmen. 216.22.
Beandune,uncertain,0.45,1,Beandune,B,Beandune or Beanton battaile fought by the Westsaxons against the Britaines. 155.61.
Beaner Towne,place,0.94,1,Beaner Towne,B,Beaner Towne and Fortresse builded. 411.53.
Bearn,uncertain,0.45,1,Bearn,B,"Bearn, a Iudge, burnt for hys crueltie. 199.30."
Bearne,person,0.86,2,Bearne,B,Bearne flyeth into Denmarke to seeke reuenge against Osbright. 211.62.
Beatrice,person,0.97,5,Beatrice,B,Beatrice Countesse of Prouance vniust dealinges. 714 106.
Beauchampe Wylliam,person,0.79,1,Beauchampe Wylliam,B,"Beauchampe Wylliam Lord, dyeth. 758.110."
Beaumaries,place,0.84,1,Beaumaries,B,Beaumaries built. 811.53. b.
Beauuoys,person,0.86,1,Beauuoys,B,Beauuoys Byshop restored to libertie. 546.56.
Beauvoisin,place,0.87,1,Beauvoisin,B,"Beauvoisin Countie spoyled and burnt, by Kyng Henry the second. 399.55."
Beche Iohn,person,0.97,1,Beche Iohn,B,"Beche Iohn, Abbot of Colchester executed for the supremacie. 1574.38."
Bechellouyn,place,0.85,1,Bechellouyn,B,"Bechellouyn, or Ber in Normandie. 346.8."
Becker Thomas,person,0.97,1,Becker Thomas,B,Becker Thomas his aucthoritie with the Kyng & Realme. 401.43.
Becket Tho,person,0.93,1,Becket Tho,B,"Becket Tho. flying the realme, is brought backe agayne by a contrary winde. 403.100"
Becket Thomas,person,0.96,33,Becket Thomas,B,"Becket Thomas, Lord Chauncellour, sent Ambassadour into Fraunce. 398."
Becket Thomas Arcbyshop of Cantorburie,person,0.97,1,Becket Thomas Arcbyshop of Cantorburie,B,Becket Thomas Arcbyshop of Cantorburie translated. 617.7.
Beckets,person,0.95,1,Beckets,B,Beckets swoord. 826.43. b.
Beda,person,0.77,10,Beda,B,Beda cited. 38.76.44.19. and 50.18.
Bedfoord battel,place,0.95,1,Bedfoord battel,B,Bedfoord battel fought against the Britaines. 142.105.
Bedford castle,place,0.95,1,Bedford castle,B,Bedford castle besieged and taken by Henry the third. 625.20.
Bedford towne,place,0.96,2,Bedford towne,B,Bedford towne besieged and taken. 368.20.
Bedforde Castle,place,0.87,1,Bedforde Castle,B,Bedforde Castle deliuered to the Barons by Williã Beauchampe captayne of ye same. 588.96.
Bedfordshire,place,0.89,1,Bedfordshire,B,Bedfordshire wasted by the Danes. 245.71.
Begemini castle,place,0.95,1,Begemini castle,B,Begemini castle. 439.115.
Beeland Abbey,place,0.97,1,Beeland Abbey,B,Beeland Abbey founded. 394.28.
Bellencumbre castle,place,0.95,1,Bellencumbre castle,B,Bellencumbre castle. 390.45.
Belesham,place,0.89,1,Belesham,B,Belesham wasted by the Danes 245.61.
Belesme Robert,person,0.97,4,Belesme Robert,B,"Belesme Robert Earle of Shrewsburie, rebelleth against King Henrie the first. 339.55."
Bellings gate in London,place,0.87,1,Bellings gate in London,B,Bellings gate in London builded. 27.110.
Belinus,person,0.78,4,Belinus,B,"Belinus, Generall of Cassibellanes armie against the Romanes. 39.15."
Bellius castle,place,0.97,1,Bellius castle,B,"Bellius castle, nowe called the Tower of London builded. 28.6."
Belknap,uncertain,0.2,1,Belknap,B,Belknap conpelled to subscribe 1060.50. b.
Belman,uncertain,0.4,1,Belman,B,Belman and outcrier ordeined in London for the sale of goods. 1834.21.
Benbridge,person,0.87,1,Benbridge,B,"Benbridge doctor, Archbyshop of Yorke. 1461.3."
Benedict,person,0.9,1,Benedict,B,"Benedict Byshop, commeth into England with the Archbyshop Theodore. 178.101"
Bensington battayle,uncertain,0.2,1,Bensington battayle,B,"Bensington battayle, fought by Offa against Kinewulfe. 197.87."
Beorcham,uncertain,0.2,1,Beorcham,B,Beorcham. 291.29.
Beorne,person,0.61,1,Beorne,B,Beorne succeedeth Etwold in the kingdome of Eastangles 190.55.
Beranburie battel,place,0.95,1,Beranburie battel,B,"Beranburie battel, fought betweene the Britaines & the Saxons. 142.56."
Bere Richard,person,0.97,1,Bere Richard,B,Bere Richard Abbot of Glastenburie Ambassadour to the Pope. 1461.20.
Bereford battell,place,0.76,1,Bereford battell,B,Bereford battell fought by the West Saxons agaynst the Mercians. 189.64.
Berengaria,person,0.97,1,Berengaria,B,"Berengaria, daughter to Sanctius king of Nauarre, affianced to King Richard the first 491.56. maryed to king Richard the first. 493.27."
Berennus,person,0.76,6,Berennus,B,Berennus and Belinus made freendes by intercession of their mother. 52.60.
Beretgiles,person,0.61,1,Beretgiles,B,"Beretgiles succeedeth Thomas, in the Byshopricke of the Eastangles. 172.47."
Bergion,person,0.88,2,Bergion,B,Bergion slayne by Hercules in Gallia. 6.18.
Berhara downe,place,0.95,1,Berhara downe,B,Berhara downe. 393.2.
Bericus,uncertain,0.45,1,Bericus,B,"Bericus a Britaine, perswadeth Claudius the Emperour to make warre agaynst the Britaines. 48.61"
Berkamsted,uncertain,0.2,1,Berkamsted,B,Berkamsted. 306.56.
Berkhamsted Castle,place,0.94,1,Berkhamsted Castle,B,"Berkhamsted Castle besieged, is yeelded to Lewes. 609.49."
Berking Nonrie,uncertain,0.45,1,Berking Nonrie,B,Berking Nonrie builded. 181 21.
Berkley towne,place,0.84,1,Berkley towne,B,"Berkley towne taken, and sacked by the byshop of Constans. 318.53."
Bernard of Neumerch,person,0.97,1,Bernard of Neumerch,B,Bernard of Neumerch. 318.67.
Bernards Castle,place,0.71,1,Bernards Castle,B,Bernards Castle besieged and wonne. 1849.
Bernegus,person,0.91,1,Bernegus,B,"Bernegus, ordeyned Byshop of Sussex. 223.59"
Bernicia,place,0.83,1,Bernicia,B,Bernicia nowe called Northumberland. 164.43
Bernulf,person,0.92,3,Bernulf,B,"Bernulf slayne, and his armie discomfited by the East Angles. 203.73."
Bernwine,uncertain,0.45,1,Bernwine,B,"Bernwine, one of Byshop Wilfrides Nephewes. 184.61."
Berosus,person,0.85,2,Berosus,B,Berosus cited. 4.68. &. 5.53.
Bertha,person,0.97,1,Bertha,B,"Bertha daughter to Cheribret king of Fraunce, married to Ethelbert king of Kent vpon condition. 145.102"
Berthfride,person,0.81,1,Berthfride,B,"Berthfride Earle, a Northumber. 190.67."
Berthune,person,0.97,1,Berthune,B,"Berthune, Duke of Sussex slayne. 184.47."
Bertine Churche,place,0.95,1,Bertine Churche,B,"Bertine Churche, endued with great giftes by kyng Adelstane 225.108."
Bertrain de Cleaquin,uncertain,0.45,1,Bertrain de Cleaquin,C,Bertrain de Cleaquin disconfiteth the Englishmen. 990.16. b.
Bertus,person,0.88,2,Bertus,B,Bertus slayne by the Pictes. 185.107.
Bertwald,person,0.95,1,Bertwald,B,"Bertwald, Archbyshop of Canterburie departeth this lyfe. 191.98."
Beertwell Castle,place,0.87,1,Beertwell Castle,B,Beertwell Castle delyuered to Duke Henrie Fitzempresse. 387.116.
Bertwolf,person,0.95,1,Bertwolf,B,"Bertwolf kyng of Mercia, succeedeth Wighclafe, and his chased out of his countrey by the Danes. 207.109."
Berured,person,0.78,2,Berured,B,"Berured rebelleth agaynst Ethelbaldus, and slayeth hym. 189.70."
Berwick,place,0.94,5,Berwick,B,Berwick besieged by Edward the .ii. 857.20. a. 896.5. a
Berwick castle,place,0.97,2,Berwick Castle | Berwick castle,B,Berwick Castle wonne by the Scottes. 1048.1. a. recouered agayne by the Earle of Northumberland. 1048.20. a.
Berwike,uncertain,0.45,1,Berwike,B,Berwike taken by the Scots. 951.20. b. surrendred again. 954.52. b.
Beeston Castle,place,0.9,1,Beeston Castle,B,Beeston Castle founded by Ranulphe Earle of Chester. 618.11.
Beubrick,person,0.97,1,Beubrick,B,"Beubrick Archbyshop of Yorke and Cardinall, dyeth. 1496.46."
Beuer Castle,place,0.92,1,Beuer Castle,B,Beuer Castle surrendred to King Iohn. 595.26.
Beuerley Churche,place,0.85,1,Beuerley Churche,B,Beuerley Churche & Colledge builded. 186.15.
Beuerley Iohn,person,0.64,1,Beuerley Iohn,B,"Beuerley Iohn, maister to Beda. 192.110."
Beuerley towne,place,0.88,1,Beuerley towne,B,Beuerley towne burned. 469.60.
Beuerstane,uncertain,0.2,1,Beuerstane,B,Beuerstane. 271.37.
Beumount Rafe,person,0.97,1,Beumount Rafe,B,"Beumount Rafe, Phisition to king Henry the second drowned in a tempest. 411.96."
Bickncle Iohn,person,0.97,1,Bickncle Iohn,B,Bickncle Iohn knight. 1450.17.
Biez,person,0.95,1,Biez,B,"Biez, Marshall of France, entreth Muttrel. 1594.52. commeth before Bulleyne, 1599.30. buildeth a fort neare to Bullogne called Momplaisir. 1604.8. doeth much mischiefe in the Englishe pale about Calice. eadem. 14."
Bigod Rafe,person,0.97,1,Bigod Rafe,B,Bigod Rafe Knight. 1448.47.
Bigod Roger,person,0.93,2,Bigod Roger,B,Bigod Roger made Erle Marshall. 715.95.
Bigod William,person,0.97,1,Bigod William,B,Bigod William drowned. 357.112.
Bigot Hugh,person,0.96,4,Bigot Hugh,B,"Bigot Hugh, Earle of Norfolke, a valiant chiefteine. 367.43."
Biham Castle,place,0.87,2,Biham Castle,B,Biham Castle yeelded to Kyng Henry the third. 618.66.
Biligelhage,uncertain,0.2,1,Biligelhage,B,Biligelhage. 276.53.
Bylney Arthur,person,0.97,1,Bylney Arthur,B,Bylney Arthur abiured. 1541.
Bilney Thomas,person,0.79,1,Bilney Thomas,B,"Bilney Thomas, Bacheler of lawe, brent. 1557.40."
Bintre William,person,0.97,1,Bintre William,B,Bintre William. 1463.2.
Byrth of Henry,person,0.9,1,Byrth of Henry,B,Byrth of Henry the thyrd. 565.61.
Byshop of Beaunoys,person,0.9,1,Byshop of Beaunoys,B,Byshop of Beaunoys taken prisoner. 531.59.
Byshop of Carlest,person,0.86,1,Byshop of Carlest,B,Byshop of Carlest bolde and faythfull. pag. 1123. col. 1. lin. 47. attached. pag. ibiden. col. 2. lin. 19. dyeth through greefe of mind. pag. 1129. col. 1. lin. 44.
Byshop of Durham,uncertain,0.45,1,Byshop of Durham,B,Byshop of Durham made an Earle. 478.67.
Byshop of Erceter,person,0.66,1,Byshop of Erceter,B,"Byshop of Erceter being blind, sent in Ambassade to Rome. 352.5."
Byshop of London,uncertain,0.45,1,Byshop of London,B,Byshop of London Deane to the Archbyshop of Cantorburie. 349.1.
Byshop of Londons Palace,place,0.73,1,Byshop of Londons Palace,B,Byshop of Londons Palace builded. 33.105.
Byshop of Norwiche,person,0.73,1,Byshop of Norwiche,N,Byshop of Norwiche dyeth in the Popes Court. 948.44. b.
Byshop of Rochester,uncertain,0.45,1,Byshop of Rochester,B,"Byshop of Rochester, houshold Chaplain to the Archbishop of Canterburie. 349.2."
Byshop of Salisburie,person,0.76,1,Byshop of Salisburie,B,Byshop of Salisburie murdered. pag. 1281. col. 1. lin. 16.
Byshopricke of London,place,0.87,1,Byshopricke of London,B,Byshopricke of London bought 171.78.
Byshopriekes,uncertain,0.2,1,Byshopriekes,B,Byshopriekes openly bought and sold for money. 330.27.
Byshops of Englãd,uncertain,0.45,1,Byshops of Englãd,B,"Byshops of Englãd complaine to the Kyng, of the extreame dealyng of the Archbyshop Thomas Becket. 415.18."
Bisi,person,0.93,1,Bisi,B,"Bisi, Byshop of East Angles. 179.90."
Blackamore,uncertain,0.45,1,Blackamore,B,"Blackamore, supposed to bee Badon hyl. 128.65."
Blacke Crosse of Scotlande,place,0.97,1,Blacke Crosse of Scotlande,B,Blacke Crosse of Scotlande. 891.47. b.
Blackney William,person,0.97,1,Blackney William,B,Blackney William. 1463.26.
Blacknesse,uncertain,0.45,1,Blacknesse,B,Blacknesse yeelded to ye French King. 1697.54.
Blackwell hall in London,place,0.97,1,Blackwell hall in London,B,"Blackwell hall in London, supposed to be buylded for the temple of peace. 23.30."
Bladulfe,person,0.96,2,Bladulfe,B,Bladulfe slayne by the Brytaines. 133.25.
Blanch,person,0.74,1,Blanch,B,Blanch King Iohns Neece promised in marriage to Lewes the French Kings son. 548.28.
Blanche,person,0.97,1,Blanche,B,Blanche daughter to King Edward the third borne. 915.16. b.
Blanche Duches of Lancaster,person,0.84,1,Blanche Duches of Lancaster,L,Blanche Duches of Lancaster dyeth. 981.28. a Lawes and officers after the Englishe manner appoynted to be vsed in Ireland by King Iohn. 570.4.
Blauke,uncertain,0.2,1,Blauke,B,Blauke Charters. 1102.20. a. 1103.17. a.
Blaunche,person,0.92,1,Blaunche,B,Blaunche daughter to Henry ye fourth marryed to William Duke of Bauer. pag. 1134. col. 2. lin. 48.
Blecca,person,0.91,1,Blecca,B,"Blecca, gouernour of Lincolne conuerted to the faythe of Christ. 162.67."
Blederike,person,0.94,2,Blederike,B,Blederike Duke of Tornewall. 154.66.
Bleothgent,person,0.8,1,Bleothgent,B,"Bleothgent, King of Wales. 297.26."
Bleugent,person,0.82,1,Bleugent,B,"Bleugent and Riuall, sonnes to Griffin, made gouernors of Wales. 277.76."
Blewberde,uncertain,0.2,1,Blewberde,B,Blewberde a rebel. pag. 1278. col. 2. lin. 56.
Blorehatha,uncertain,0.2,1,Blorehatha,B,Blorehatha. pag. 1295. col. 2. lin. 4.
Bloud,uncertain,0.45,1,Bloud,B,Bloud rayneth in the Ile of Wight. 449.62.
Bluet Robert,person,0.97,1,Bluet Robert,B,"Bluet Robert, made Byshop of Lincolne. 323.104."
Blunt William,person,0.97,1,Blunt William,B,Blunt William Lord Montiny almost slaine by the mutining souldiours at Tourney. 498.10.
Boallogie,person,0.91,1,Boallogie,B,Boallogie slayne. 1604.40.
Boates,uncertain,0.45,1,Boates,B,Boates might haue ben rowed in Westminster hall. 649.4
Bodinus Cited,person,0.8,1,Bodinus Cited,B,Bodinus Cited. 1.93. and .4.80. and .4.92.
Bodumni,uncertain,0.45,1,Bodumni,B,"Bodumni, a people in Britaine. 49.10."
Boetius,person,0.9,1,Boetius,B,Boetius Hector cited. 3.75.
Bohom,uncertain,0.2,1,Bohom,B,Bohom. pag. 1243. col. 2. lin. 37. pag. 1244. col. 2. lin. 16.
Bohun Iohn,person,0.97,1,Bohun Iohn,B,"Bohun Iohn, marrieth Margaret, sister to Hugh Lupus Earle of Chester. 323.65."
Bohun Randulfe,person,0.95,1,Bohun Randulfe,B,Bohun Randulfe. 323.66.
Boiac Almiramumoli,person,0.91,1,Boiac Almiramumoli,B,Boiac Almiramumoli kyng of the Sarasins. 486.8.
Boyham castle,place,0.97,1,Boyham castle,B,Boyham castle wonne. 1529.35.
Booke of Common,place,0.9,2,Booke of Common,B,Booke of Common prayer set foorth. 1640.32
Bokingham Iohn,person,0.97,1,Bokingham Iohn,B,Bokingham Iohn. 1463.25.
Bologne,place,0.75,2,Bologne,B,"Bologne, and Bolognous, surrendred vnto the Frenche King. 1703.50"
Bolton,person,0.94,1,Bolton,B,"Bolton, Prior of Saint Bartholmew, his madnes. 1531 47."
Bonnehomme Monkes,person,0.62,1,Bonnehomme Monkes,B,"Bonnehomme Monkes order, first seene and established in England. 782.5."
Bonner,person,0.7,1,Bonner,B,"Bonner doctor, restored to the Byshoprick of London. 1721 16."
Boniface,person,0.93,2,Boniface,B,Boniface Archbyshop of Cantorburie intronizated. 729.50.
Bonifacius,person,0.91,1,Bonifacius,B,"Bonifacius byshop of Eastangles being dead, Bisi succeedeth him. 180.48."
Bonifacius Archby. of Mentz,uncertain,0.43,1,Bonifacius Archby. of Mentz,B,Bonifacius Archby. of Mentz reproueth certain offences in Ethelbaldus. 190.9.
Bosa,person,0.97,1,Bosa,B,Bosa ordeined Bishop of Yorke 182.14.
Boseham,uncertain,0.2,1,Boseham,B,Boseham. 277.100.
Bosworth feeld,place,0.97,1,Bosworth feeld,B,Bosworth feeld. pag. 1416. col. 2. lin. 56. pag. 1422. col. 1. lin. 57.
Boucher Iohn,person,0.97,1,Boucher Iohn,B,Boucher Iohn redemed. 1426.15.
Boucher Thomas,person,0.97,2,Boucher Thomas,B,Boucher Thomas Knight. 1447.21.
Bouchier Henry,person,0.97,1,Bouchier Henry,B,Bouchier Henry Earle of Essex. 1447.1.
Bouchier Thomas,person,0.97,1,Bouchier Thomas,B,Bouchier Thomas Archbyshop of Cantorburie dieth. 1431.38.
Bouencort Peter,person,0.97,1,Bouencort Peter,B,"Bouencort Peter, hanged vpon despite. 502 45"
Boues Hugh,person,0.97,1,Boues Hugh,B,Boues Hugh drowned together with a great armie of men vpon the sea as they were conmyng into England to ayde King Iohn agaynst the Barons. 593.65.
Boulbeck Isabel,person,0.97,1,Boulbeck Isabel,B,Boulbeck Isabel Countesse of Oxford dyeth. 714.12.
Boun Humfrey,person,0.97,1,Boun Humfrey,B,"Boun Humfrey, high Constable of England. 431.64."
Boune Henry,person,0.97,2,Boune Henry,B,Boune Henry Earle of Herford deceasseth. 618.18.
Bourgh Castle,place,0.66,1,Bourgh Castle,B,Bourgh Castle taken by the Scots. 433.113.
Bowes Rafe,person,0.97,1,Bowes Rafe,B,Bowes Rafe Knight. 1448.48.
Bowes Robert,person,0.97,1,Bowes Robert,B,"Bowes Robert knight, fighteth vnfortunately. 1637.8."
Brabanders,group,0.85,1,Brabanders,B,"Brabanders, famous in skill & practise of warre. 445.61."
Bradshawe Henry,person,0.97,1,Bradshawe Henry,B,Bradshawe Henry cited. 18.75.
Bray,uncertain,0.45,1,Bray,B,Bray wonne. 1528.10.
Bray Reygnold,person,0.91,1,Bray Reygnold,B,Bray Reygnold knyght of the garter dyeth. 1457.10. is praised. ibidem.
Bray Reynold,person,0.89,1,Bray Reynold,B,"Bray Reynold knyght, one of the cheefe of the Counsell, causeles complained of. 1466.21."
Bray Renold,uncertain,0.45,1,Bray Renold,B,Bray Renold. 1427.40.
Braybroke Henry,person,0.95,2,Braybroke Henry,B,Braybroke Henry taken prisoner. 624.67.
Brandon Charles Esquier,person,0.97,1,Brandon Charles Esquier,B,Brandon Charles Esquier iusteth. 1466.30. knight & captaine with Syr Henry Guilford of the Souereigne 1475.37. created Viscount Lisle. 1477.7. created Duke of Suffolke. 1494.28. goeth ouer to ye Iusts held at Paris 1496.12. & acquitteth hymselfe at them very honorably eaden. 42. is sent into France to reduce the Queene Dowager of France into Englãd. 1497.25. marieth her. eaden. 58. forsaketh the Court and why. 1499.39. leadeth an armye into Fraunce. 1526.20. helpeth to appease an insurrection in Suffolk. 1539.46. chosen knight of thorder of Saint Michaell. 1558.28. suppresseth with a power the rebellion in Lincolnshire 1566.1. Godfather to king Edward the sixt. 1570.41. besiegeth Bulleyn. 1594.9 dyeth. 1603.10. is praised ibidem.
Brandon Henry,person,0.97,1,Brandon Henry,B,Brandon Henry sonne to Charles Duke of Suffolke by the Frenche Queene Created Earle of Lincolne. 1526.13
Breause William,person,0.97,1,Breause William,B,"Breause William, his craftie dealing with the Welchmen. 439.103."
Brecknoc Castle,place,0.87,1,Brecknoc Castle,B,Brecknoc Castle deliuered to Prince Edward. 765.49.
Brecknock battell,place,0.95,1,Brecknock battell,B,"Brecknock battell, fought by the Englishmen agaynst the Welchmen. 324.36."
Brecknock in wales,place,0.66,1,Brecknock in wales,B,Brecknock in wales taken. 222.18.
Brendholme Edmunde,person,0.9,1,Brendholme Edmunde,B,Brendholme Edmunde put to death. 158.32.
Brenne Iohn,person,0.97,1,Brenne Iohn,B,Brenne Iohn King of Ierusalem commeth into England. 622.74.
Brent Foulkes,person,0.75,3,Brent Foulkes,B,Brent Foulkes poysoned dyeth. 625.50.
Brent Fulks,person,0.82,1,Brent Fulks,B,Brent Fulks taken and banished the Realme. 625.34.
Brentford battayle,place,0.81,1,Brentford battayle,B,"Brentford battayle, fought by the Englishmen against the Danes. 255.7."
Brennus,person,0.87,3,Brennus,B,Brennus marryeth the Prince of Norway Elsung or Elisings daughter. 23.99.
Brereton,person,0.97,1,Brereton,B,Brereton captaine of the aduenturers slaine. 1531.30.
Brest,uncertain,0.45,1,Brest,B,Brest deliuered to the Duke of Britaine. 1090.2. b.
Bretaimous in Henaud,uncertain,0.2,1,Bretaimous in Henaud,B,Bretaimous in Henaud held by Britaines. 87.99.
Breton Iohn,person,0.97,1,Breton Iohn,B,"Breton Iohn, byshop of Hereford, taken prisoner by the Barons. 726.47"
Breuse,person,0.97,1,Breuse,B,Breuse Lady and her sonne taken and sent to prison. 570.15.
Breuse William,person,0.97,2,Breuse William,B,Breuse William and hys wyfe and children flye the realme for wordes the Lady Breuse spake of king Iohn. 566.67.
Briake,place,0.83,1,Briake,B,Briake in Britaine assaulted by Englishmen. pag. 1154. col. 1. lin. 20. taken. col. 2. lin. 2.
Brian,person,0.97,2,Brian,B,"Brian, sonne to Robert Earle of Gloucester. 379.37."
Brian Stanford,person,0.97,1,Brian Stanford,B,Brian Stanford Knight. pag. 1416. col. 2. lin. 42.
Bricennamere,uncertain,0.2,1,Bricennamere,B,Bricennamere. 222.19.
Bridge of London,place,0.92,1,Bridge of London,B,Bridge of London begun to be made of stone. 566.84.
Bridges Agnes,person,0.97,1,Bridges Agnes,B,Bridges Agnes doth penance for faining to be possessed by the diuell. 1870.46.
Bridgewater,uncertain,0.2,1,Bridgewater,B,Bridgewater. pag. 1321. col. 1. lin. 15.
Bridgnorth castle,place,0.92,2,Bridgnorth Castle | Bridgnorth castle,B,Bridgnorth Castle surrendred to the King. 396.13.
Brigantes,uncertain,0.45,3,Brigantes,B,"Brigantes vanquished by the Romanes, and their countrey for the most parte subdued. 66.70."
Briges,place,0.89,1,Briges,B,Briges besieged by the Welchmen. 408.40.
Brighthelme,person,0.7,1,Brighthelme,B,Brighthelme succeedeth Alfin in the Archbyshoprick of Cãtorburie. 233.82.
Brighthelmeton,place,0.89,1,Brighthelmeton,B,Brighthelmeton brent. 1494.17.
Brightnoth,person,0.87,2,Brightnoth,B,"Brightnoth leadyng an armie against the Danes, is slayne with most of his people. 239.53."
Brightrick,person,0.54,5,Brightrick,B,"Brightrick King of West Saxons marryeth Ethelburga, daughter to Offa. 195.32."
Brightwald,person,0.8,2,Brightwald,B,Brightwald fyrst Archbyshop of Cantorburie of the Englishe nation. 187.41
Brightwoldes,uncertain,0.2,1,Brightwoldes,B,"Brightwoldes vision, concernyng the succession of the crowne of England. 267.91."
Brightwoulf,person,0.91,1,Brightwoulf,B,"Brightwoulf King of Mercia, chased by the Danes. 206.113."
Brimefourd,uncertain,0.2,1,Brimefourd,B,Brimefourd. 226.27.
Brimsbery bridge,place,0.97,1,Brimsbery bridge,B,Brimsbery bridge repayred. 222.5.
Brinchilde,person,0.95,1,Brinchilde,B,"Brinchilde prince of Henand, ouerthroweth Brute Greenishield, prince of Britaine. 18.42."
Brinus,person,0.81,1,Brinus,B,Brinus conuerteth the West Saxons to ye Christian faith. 168.115.
Bryson Castle,place,0.82,1,Bryson Castle,B,Bryson Castle taken by ye Englishmen. 524.23.
Bristow,place,0.74,1,Bristow,B,Bristow taken by Robert Erle of Gloucester. 368.69.
Bristow Castle,place,0.95,4,Bristow Castle | Bristow castle,B,Bristow Castle. 371.21.
Britael,person,0.91,1,Britael,B,"Britael, kyng of Demetia. 39.12."
Britaigne Richard,person,0.97,1,Britaigne Richard,B,"Britaigne Richard, knight. 415.62."
Britaine,group,0.85,30,Britaine,B,Britaine of the Samothei called first Samothea. 2.76.
Britaine Britonant,group,0.85,1,Britaine Britonant,B,Britaine Britonant. 916.44. b.
Britaine in Fraunce,group,0.85,2,Britaine in Fraunce,B,"Britaine in Fraunce, to hold of the greater Britaine, and of the Kings thereof for euer. 95.72."
Britaine Prouince,group,0.85,1,Britaine Prouince,B,"Britaine Prouince lost, and the tribute ceaseth. 101.74."
Britaines,group,0.85,83,Britaines,B,Britaines ouerthrowne by the Saxons at Bedford. 142.105.
Britaines land,group,0.85,1,Britaines land,B,Britaines land into France for sound preachers against Pelagius heresie. 119.50
Britaintes,uncertain,0.2,1,Britaintes,B,"Britaintes send Ambassadors to Seuerus the Emperour, to entreate of peace. 79.26."
Britannicus,person,0.95,1,Britannicus,B,"Britannicus, sonne to Claudius the Emperour, so surnamed. 49.84."
Brittenden,uncertain,0.2,1,Brittenden,B,Brittenden. 220.26.
Britherike,uncertain,0.2,1,Britherike,B,"Britherike going foorth against Wylmote with a Fleete, leeseth the more part of his Shippes by a tempest. 244.99."
British,group,0.85,10,British,B,British tongue to this day retaineth some smack of the Greeke. 3.83.
British Church,group,0.85,1,British Church,B,"British Church differeth from the Romish, about the feast of Easter. 151.23."
British commons,group,0.85,1,British commons,B,British commons twice vanquished by the Nobilitie. 101.21.
British commons ryse,group,0.85,1,British commons ryse,B,British commons ryse agaynst the nobilitie. 101.20.
British Kynges,group,0.85,1,British Kynges,B,"British Kynges names whiche raigned from Elidurus, to Lud. 32.65. and. 32.100. and. 33.40."
British Monkes,group,0.85,1,British Monkes,B,British Monkes and Priestes slaine by Edelfred. 154.10.
Britons,group,0.85,1,Britons,B,Britons brene the town of Plimouth. pag. 1140. col. 2. lin. 28. woulde haue landed at Dartmouth. pag. 1142. col. 1. lin. 1. their crueltie. lin. 29.
Broc Philip,person,0.97,1,Broc Philip,B,"Broc Philip, Canon of Bedford, arreigned of murder, & banished the land. 402.47."
Broc Raynulfe,person,0.97,1,Broc Raynulfe,B,"Broc Raynulfe, accursed by Archbyshop Thomas Becket. 409.79."
Broc Randall,person,0.97,1,Broc Randall,B,Broc Randall appoynted ouerseer of the goodes and landes of the See of Cantorburie. 407.107.
Broc Randulfe,person,0.86,1,Broc Randulfe,B,"Broc Randulfe, keeper of Saltwood Castle. 415.99."
Broc Ranulph,person,0.93,1,Broc Ranulph,B,"Broc Ranulph, owner of Hagenet Castle. 431.49."
Broc Robert,person,0.97,1,Broc Robert,B,Broc Robert accursed. 417.27.
Broc Roger,person,0.97,1,Broc Roger,B,"Broc Roger, seruant to Archbishop Thomas Becket. 406.29."
Brock Robert,person,0.97,1,Brock Robert,B,"Brock Robert, Chaplaine vnto the Kyng, inuenteth Conduite pipes of Leade without souder. 1570.40."
Brocmale,person,0.41,2,Brocmale,B,"Brocmale or Brocmael, Earle or Maior of Chester. 153.91."
Brooke Iohn,person,0.76,1,Brooke Iohn,B,"Brooke Iohn, Lord Cobham. 1447.20."
Bromeley towne,place,0.95,1,Bromeley towne,B,Bromeley towne. 277.14.
Bromierd Philip,person,0.97,1,Bromierd Philip,B,Bromierd Philip. 1463.18.
Broughe,person,0.92,1,Broughe,B,Broughe Hubert Erle of Kent dyeth. 705.32.
Broughty,place,0.66,1,Broughty,B,Broughty crag wonne by ye Lord Clinton. 1630.17. besieged in vaine by Monsieur de Chapell. 1635. wonne by Monsieur de Chermes. 1702.
Broughton Thomas,person,0.97,1,Broughton Thomas,B,"Broughton Thomas knight a man of no small power and aucthoritie in Lancashyre, bydeth the Lord Louell. 1448.17. conspireth against ye king 1429.42. is slaine in battell. 1431.44."
Browne Antony,person,0.97,1,Browne Antony,B,"Browne Antony viscont Montagu sente Ambassadour vnto Rome. 1763.40. is Lieutenant of an armye sent into France. 1767.19 knight of the garter, is sent Commissioner to Bruges. 1835.26."
Brudus,person,0.96,1,Brudus,B,Brudus King of Pictes slayeth king Ecgfride. 185.28.
Bruydon Monasterie,place,0.95,1,Bruydon Monasterie,B,Bruydon Monasterie. 191.105.
Brumpton,person,0.84,1,Brumpton,B,"Brumpton Wylli. of Burford, attainted. 1425.55."
Brun hugh,person,0.97,2,Brun Hugh | Brun hugh,B,Brun Hugh Earle of Marche dyeth. 729.46.
Brunan,uncertain,0.2,1,Brunan,B,Brunan bright. 226.27.
Bruncham Castle,place,0.92,1,Bruncham Castle,B,"Bruncham Castle wonne by Kyng Iohns souldiers, and rased. 584.7."
Brute,person,0.82,21,Brute,B,Brute searcheth this land from one end to another. 15.68.
Brute Greeneshe<?>d,person,0.84,1,Brute Greeneshe<?>d,B,Brute Greeneshe<?>d bringeth al the realme of Fraunce vnder his subiection. 18.37.
Brute Greeneshield,person,0.87,3,Brute Greeneshield,B,"Brute Greeneshield dyeth, and is buried at Yorke. 18.60."
Brutes,uncertain,0.39,4,Brutes,B,Brutes prayer before the Oracle. 12.37.
Bucke Iohn,person,0.97,1,Bucke Iohn,B,Bucke Iohn attainted. 1425.51.
Buckenburne Robert,person,0.97,1,Buckenburne Robert,B,Buckenburne Robert attainted 1425.45.
Buckingham Castles,place,0.85,1,Buckingham Castles,B,Buckingham Castles builded. 221.45.
Buckinghamshyre,place,0.89,1,Buckinghamshyre,B,Buckinghamshyre wasted by the Danes. 245.71.
Buying,place,0.85,1,Buying,B,Buying and selling of men in England prohibited. 341.34.
Bu<?>yris,person,0.8,1,Bu<?>yris,B,Bu<?>yris slayne by Hercules in Egypt. 5.106.
Bulleyne,uncertain,0.45,1,Bulleyne,B,Bulleyne besieged. 1595.8. yeelded. 1796.40.
Bulleyne Anne,person,0.93,1,Bulleyne Anne,B,"Bulleyne Anne, daughter to the Earle of Wylshyre, is created Marchionesse of Penbrok. 1558.33. goeth wt the Kyng to Calice. ead. 44. is married to the kyng 1559.33. is crowned Queene. 1560.50. is committed to the Tower. 1565.5. is beheaded, and her speache before. 1565.18."
Bulleyne Thomas,person,0.91,3,Bulleyne Thomas,B,"Bulleyne Thomas, Viscont Rochefort created Earle of Wylshyre. 1553.10."
Bullenberg,place,0.8,1,Bullenberg,B,"Bullenberg assaulted by Chastillion, and valiantly defended. 1640.40."
Bulles,uncertain,0.33,2,Bulles,B,Bulles agaynst breakers of statutes. 1098.1. b
Bulgarie,place,0.81,1,Bulgarie,B,"Bulgarie, in olde time called Mesia. 103.31"
Buly,uncertain,0.45,1,Buly,B,Buly king of Powsey in Wales 122.58.
Bulmer Iohn,person,0.97,1,Bulmer Iohn,B,Bulmer Iohn knight put to death. 1570.10.
Bulmer Wylliam,person,0.97,2,Bulmer Wylliam,B,"Bulmer Wylliam knyght, discomfiteth the Lord Hume. 1487.34."
Bullocke Martin,person,0.97,1,Bullocke Martin,B,Bullocke Martin hanged. 1862.13.
Bunduica,person,0.5,1,Bunduica,B,"Bunduica, looke Voadicia."
Bunghey Castle,place,0.93,2,Bunghey Castle | Bunghey castle,B,Bunghey castle. 436.5.
Burcher Peter,person,0.97,1,Burcher Peter,B,"Burcher Peter his manifold madnesse, desperate deedes, and shamefull death. 1869.44."
Burdetknight,uncertain,0.2,1,Burdetknight,B,Burdetknight. pag. 1227. col. 1. lin. 32. lin. 56. col. 2. lin. 10. pag. 1237. col. 2. lin. 30
Burdiaur,uncertain,0.45,1,Burdiaur,B,Burdiaur yeelded to the French pag. 1285. col. 2. lin. 14.
Buren,person,0.81,1,Buren,B,Buren Count at the siege of Muttrel. 1594.45.
Burgenild,person,0.95,1,Burgenild,B,"Burgenild, daughter to Kyng Kenvulf of Mercia. 205.40."
Burgoigne,place,0.63,1,Burgoigne,B,Burgoigne spared for money. 965.49. a.
Burialles,place,0.82,1,Burialles,B,Burialles found of late vppon Ashdone in Essex. 256.1.
Burnyng,place,0.85,1,Burnyng,B,Burnyng feuers reignyng in England. 314.26.
Burthred,person,0.84,4,Burthred,B,"Burthred Kyng of Mercia, marrieth kyng Ethelwolfus daughter. 206.9."
Burton vpon Trent,place,0.81,1,Burton vpon Trent,B,Burton vpon Trent. 583.64.
Burwham,uncertain,0.2,1,Burwham,B,Burwham. 1463.24.
Bussey Iordaine,person,0.82,1,Bussey Iordaine,B,Bussey Iordaine. 391.22.
Bussey Roger,person,0.97,1,Bussey Roger,B,Bussey Roger. 391.21.
Butler Piers,person,0.97,1,Butler Piers,B,Butler Piers created Earle of Ossory. 1550.15.
Caboto,uncertain,0.45,1,Caboto,C,Caboto Sebastian discouereth Moscouia. 1714.26.
Cador,person,0.48,2,Cador,C,"Cador Earle of Cornewall, slayeth Cheldrike. 133.28."
Cadsant Ile,place,0.95,1,Cadsant Ile,C,Cadsant Ile. 901.23. b.
Cadwallader,person,0.91,2,Cadwallader,C,"Cadwallader succeedeth his father Cadwallo, in the kyngdome of Britaine. 183.51"
Cadwallan,person,0.9,1,Cadwallan,C,Cadwallan Prince of Wales traytrously slayne. 453.25.
Cadwalline,person,0.5,1,Cadwalline,C,"Cadwalline, looke Cadwallo."
Cadwallo,person,0.97,8,Cadwallo,C,Cadwallo becommeth sole king of the Britaines. 145.50.
Cadwalloes,uncertain,0.33,2,Cadwalloes,C,Cadwalloes Image set vp for a terrour. 165.26
Cadwan,person,0.84,2,Cadwan,C,Cadwan elected kyng of the Britaines. 156.75.
Cadwane,person,0.91,1,Cadwane,C,Cadwane king of Northwales. 154.67.
Caen,place,0.96,3,Caen,C,Caen besieged and yeelded to the French. pag. 1276. col. 2 lin. 2.
Caen Abbey in Normandy,place,0.91,1,Caen Abbey in Normandy,C,Caen Abbey in Normandy builded. 315.91.
Caen castle,place,0.97,1,Caen castle,C,Caen castle repayred. 359.59.
Caen in Normandy,place,0.97,1,Caen in Normandy,C,Caen in Normandy besieged by Henry the .5. pag. 1187. col. 2. lin. 41. wonne. pag. 1188. col. 1. lin. 40. Cain castle yelded. pag. ibidem. col. 2. lin. 23 peopled with Englishe. pag. 1189. col. 2. lin. 28.
Caerbran,place,0.86,1,Caerbran,C,"Caerbran, now called the citie of Bathe. 19.24"
Caerbranke citie,place,0.97,1,Caerbranke citie,C,"Caerbranke citie, nowe called Yorke, by whom buylded. 18.10."
Caergrant,place,0.83,1,Caergrant,C,"Caergrant, nowe called Cambridge. 30.59."
Caerguent,place,0.72,1,Caerguent,C,"Caerguent, or Winchester builded. 19.3."
Caerleil citie,place,0.96,2,Caerleil citie,C,Caerleil citie recouered from the Scottes. 397.3.
Caerleon citie,place,0.97,1,Caerleon citie,C,"Caerleon citie, nowe called Chester, by whom builded. 18.75."
Caerlier,place,0.8,1,Caerlier,C,"Caerlier, now called Leicester, builded. 19.57."
Caerlton,place,0.83,1,Caerlton,C,"Caerlton, now called Gloucester. 51.53."
Caerlud,uncertain,0.2,1,Caerlud,C,"Caerlud, the name of London. 33.115."
Caermalet,place,0.5,1,Caermalet,C,"Caermalet, looke Cameletum."
Caernaruan,place,0.89,1,Caernaruan,C,Caernaruan burned. 810.19. b.
Cahors citie,place,0.97,1,Cahors citie,C,Cahors citie recouered by the Englishmen. 399.36.
Cay,person,0.91,1,Cay,C,"Cay doctor, cited. 2.76. and 3.8. and .3.94. and .4.2. and 4.47."
Cairbadon,place,0.86,1,Cairbadon,C,"Cairbadon, now called the citie of Bathe. 21.97."
Caircone castle,place,0.92,1,Caircone castle,C,Caircone castle fortified against kyng Henry the fyrst. 339.60.
Cairleon,uncertain,0.45,1,Cairleon,C,Cairleon Ar Wiske builded. 27.94.
Calaice,place,0.69,1,Calaice,C,Calaice besieged. 1770.30. is yeelded. 1771.50.
Calater wood in Scotland,place,0.97,1,Calater wood in Scotland,C,Calater wood in Scotland. 24.29.
Caleis,place,0.79,2,Caleis,C,Caleis inhabited with Englishmen. 943.35. a.
Calice,place,0.86,2,Calice,C,Calice in old tyme called Icius Portus. 35.14.
Calice hauen,place,0.94,1,Calice hauen,C,Calice hauen in vayne attempted to be destroyed. 1526.11.
Calidonians,uncertain,0.2,2,Calidonians,C,Calidonians by ambushes snap vp the Romanes. 80.5.
Caligula,person,0.86,2,Caligula,C,"Caligula requireth to haue a triumph for conquering the Oceane, & is denied. 48.28."
Caligula Emperour of Rome,person,0.96,1,Caligula Emperour of Rome,C,"Caligula Emperour of Rome, prepareth an armie to go into Britaine. 47.66."
Calne,place,0.72,1,Calne,C,"Calne, a Manour belongyng to kyng Edward. 235.109. and .136.20."
Calphurmus Agricola,person,0.86,1,Calphurmus Agricola,C,"Calphurmus Agricola, sent Lieutenant into Britaine. 76.74."
Calphurnius,person,0.43,2,Calphurnius,C,"Calphurnius ye Romane Lieutenant, and his armye slayne. 76.90."
Calthrop Iohn,person,0.97,1,Calthrop Iohn,C,Calthrop Iohn his woorthy woorkes. 1714.40.
Camalodunum citie,place,0.82,1,Camalodunum citie,C,Camalodunum citie taken. 49.74.
Camber,person,0.87,1,Camber,C,"Camber, second sonne to Brute 16.33."
Cambrey,place,0.25,3,Cambrey,C,Cambrey electe Byshop taken prisoner by the French. 546.44.
Cambria,place,0.83,1,Cambria,C,"Cambria allotted to Camber, nowe called Wales. 16.40"
Cambridge,place,0.76,3,Cambridge,C,Cambridge burned by the Danes. 245.60.
Cambridge Thomas,uncertain,0.45,1,Cambridge Thomas,C,"Cambridge Thomas Clerke, present at the murdering of Archbishop Thomas Becket 416.95."
Cambridge Towne,place,0.84,1,Cambridge Towne,C,Cambridge Towne builded. 30.47. and .30.72.
Cambridge Vniuersitie,place,0.86,1,Cambridge Vniuersitie,C,"Cambridge Vniuersitie when founded, and by whom. 28.78."
Cambridgeshire,uncertain,0.2,1,Cambridgeshire,C,Cambridgeshire mens valiancie agaynst the Danes. 245.39.
Cambridgshire,uncertain,0.45,1,Cambridgshire,C,Cambridgshire annexed to the Sea of Ely. 349.94.
Cameletum Castle,place,0.95,1,Cameletum Castle,C,"Cameletum Castle, where it stoode. 54.64."
Camelgaret,person,0.83,1,Camelgaret,C,"Camelgaret a Welch byshop, taken prisoner by the Danes, and raunsomed. 221.20."
Campheius Laurence,person,0.97,1,Campheius Laurence,C,Campheius Laurence Cardinall Ambassadour fron Rome made Byshop of Lincolne. 1504.23.
Camudolon,uncertain,0.45,1,Camudolon,C,Camudolon all one citie wyth Camulodunum. 55.6.
Camuille Gerard,person,0.97,1,Camuille Gerard,C,"Camuille Gerard, depryued of the Sheriswike of Lincolnshire. 495.48. & 517.15. arreigned for receyuing of theeues. 517.67."
Camuisse Richard,person,0.97,1,Camuisse Richard,C,"Camuisse Richard, gouernour of Cypres, falieth sicke and dyeth. 494.28."
Camulodunum,place,0.69,5,Camulodunum,C,Camulodunum supposed by some to bee Duncastre or Pontfret. 55.10.
Cancorburie,uncertain,0.2,1,Cancorburie,C,"Cancorburie, or Kaerkyn buylded. 19.2."
Candida Casa,uncertain,0.2,1,Candida Casa,C,"Candida Casa, now Whiterne 192.27."
Cane in Normandy,person,0.83,1,Cane in Normandy,C,Cane in Normandy taken by kyng Henry the fyrst. 344.14.
Canne Robert,person,0.97,1,Canne Robert,C,"Canne Robert, a Monke of Cisteaur order. 406.77."
Cangi,place,0.41,2,Cangi,C,"Cangi, now the inhabitants of Denbighshyre in Wales. 54.7."
Canons,uncertain,0.2,1,Canons,C,Canons regular placed at Caerleil. 362.87.
Cantorbury,place,0.9,1,Cantorbury,C,Cantorbury better peopled then London. 246.32
Cantorbury Colledge,place,0.94,1,Cantorbury Colledge,C,Cantorbury Colledge in Oxford founded. 1003.50. a.
Cantorburie,place,0.86,5,Cantorburie,C,Cantorburie burned with casuall fire. 191.90.
Canute,person,0.5,1,Canute,C,"Canute, looke Cnute."
Canute Prudan,person,0.89,1,Canute Prudan,C,"Canute Prudan, marryeth Githa, daughter to Osgote Clappa. 268.1."
Canutus,person,0.85,2,Canutus,C,"Canutus and Harold, sonnes to king Swanus of Denmarke, sent into England with a Nauie. 300.25."
Capitaine Hanson,person,0.97,1,Capitaine Hanson,C,Capitaine Hanson. pag. 1304. col. 1. lin. 15. beheaded. col. 2. lin. 13.
Capitoll of Rome,place,0.81,1,Capitoll of Rome,C,Capitoll of Rome saued by the noyse of Ganders. 26.66.
Caratacus,person,0.75,7,Caratacus,C,Caratacus fortifyeth a place of defence against ye Romanes. 55.40.
Carausius,person,0.86,5,Carausius,C,"Carausius commaunded to bee slayne, escapeth. 83.19."
Cardes,uncertain,0.2,1,Cardes,C,"Cardes, Dice, or tables, forbidden. 466.28."
Cardiffe castle,place,0.91,1,Cardiffe castle,C,Cardiffe castle builded. 351.55.
Cardiffe castle in Wales,place,0.97,1,Cardiffe castle in Wales,C,Cardiffe castle in Wales. 346.18.
Cardigan,place,0.86,1,Cardigan,C,"Cardigan, and Carmardyn Townes in reales. pa. 1414 col. 2. lin. 2."
Cardigan castle,place,0.97,1,Cardigan castle,C,Cardigan castle wonne by the Welchmen. 408.40.
Cardinall Cualo,person,0.97,1,Cardinall Cualo,C,Cardinall Cualo conmeth ouer into England to kyng Iohn. 600.55. he excommunicateth Lewes the French kings sonne by name. 600.61.
Cardinal Gualo,person,0.97,1,Cardinal Gualo,C,Cardinal Gualo. 592.3.
Cardinall Hispanus,person,0.94,1,Cardinall Hispanus,C,Cardinall Hispanus. 844.13. b.
Cardinall of Piergort,person,0.85,1,Cardinall of Piergort,C,"Cardinall of Piergort, trauayleth to make peace. 958.23. a."
Cardinall of Saint Prarede,person,0.94,1,Cardinall of Saint Prarede,C,Cardinall of Saint Prarede dealeth al for money. 1023.14. b.
Cardinall of Tusculane,person,0.88,1,Cardinall of Tusculane,C,"Cardinall of Tusculane sent by the Pope to Kyng Iohn, to take away the interdiction of the Realme. 582.80. he deposeth the Abbot of Westminster. 582.90. he calleth a conuocation of the Clergie. 582.106."
Cardinal Somercot,person,0.97,1,Cardinal Somercot,C,Cardinal Somercot an Englishe man dyeth. 701.16.
Careticus,person,0.49,3,Careticus,C,"Careticus or Caretius, made King of Britaine. 143.83."
Carew,person,0.94,1,Carew,C,"Carew, the Baron of Carew slayne. 1478.22."
Carew Gawen,person,0.92,1,Carew Gawen,C,"Carew Gawen Knight rebellyng, is taken. 1727.58. is set at libertie. 1763.24."
Carew Iohn,person,0.95,1,Carew Iohn,C,"Carew Iohn Knight, attendeth on the Archduke vnto the court. 1459.28."
Carew Peter,person,0.96,1,Carew Peter,C,"Carew Peter knyght, conspireth with the Duke of Suffolke. 1727.53. fleeth beyond the seas. ead. 58."
Carewe Nicholas,person,0.97,1,Carewe Nicholas,C,"Carewe Nicholas knight, knight of the Garter, maister of the kinges house beheaded 1571.17. the speache which he used at his execution. ibidem."
Cary castle,place,0.72,1,Cary castle,C,Cary castle. 368.75.
Cary George,person,0.86,1,Cary George,C,"Cary George, sonne to the lorde Hunsdon, made knight. 1846 45. his letter of chalenge to the lord Fleming, with his answere, and Syr George his replie. 1848.29."
Cary Henry,person,0.82,1,Cary Henry,C,"Cary Henry knight, Lord of Honnesdon, caried the order of the Garter vnto Charles the nienth, the French kyng. 1834.36. warden of the East Marches, and gouernour of Barwicke, discomfited Leonard Dacres, & his complices. 1841.40."
Carleil,place,0.97,1,Carleil,C,Carleil repayred and peopled. 322.73.
Carleil castle,place,0.9,1,Carleil castle,C,Carleil castle builded. 322.77
Carlile,place,0.89,1,Carlile,C,Carlile besieged. 853.48. b.
Carlot,person,0.97,1,Carlot,C,Carlot queene of France. pag. 1316. col. 1. lin. 25.
Carow Edmũde,person,0.81,1,Carow Edmũde,C,Carow Edmũde knight. 1450 41.
Carpwald,person,0.94,2,Carpwald,C,Carpwald slayne by an Ethnicke. 162.38.
"Carpwald, ionne",person,0.97,1,"Carpwald, ionne",C,"Carpwald, ionne to Redwald, beareth only ye name of king of the Eastangles. 159.16."
Carta de Foresta,uncertain,0.2,1,Carta de Foresta,C,Carta de Foresta confirmed by Henry the third. 626.50.
Cartbridge Castle,place,0.92,1,Cartbridge Castle,C,Cartbridge Castle vppon Seuerne builded. 216.75.
Cartemandua,person,0.93,1,Cartemandua,C,"Cartemandua, Queene of the Brigantes, deliuereth Caratacus to ye Romanes. 56.23."
Cartile citie,place,0.92,1,Cartile citie,C,"Cartile citie, by whom & when builded. 18.70."
Cartimandua,person,0.92,2,Cartimandua,C,Cartimandua deliuered from her enimies by the Romanes 58.106.
Carton,person,0.85,1,Carton,C,Carton cited. 266.7.
Cassander,uncertain,0.45,1,Cassander,C,Cassander vsurpeth the kyngdome of Macedonie. 29.93
Cassibellane,person,0.96,9,Cassibellane,C,Cassibellane made generall of the Britaines agaynst the Romanes. 41.46.
Cassibellanes,uncertain,0.2,1,Cassibellanes,C,Cassibellanes dominion where it lay by likelihood. 41.39.
Casinare,person,0.94,1,Casinare,C,"Casinare Marques of Randealme, Ambassadour from the Emperour. 1458.40."
"Castle, Balon",place,0.9,1,"Castle, Balon",C,"Castle, Balon wonne by the Frenche king. 547.12."
Castle Chinon,place,0.97,1,Castle Chinon,C,Castle Chinon and Sawmer. 542.23.
Castle Galiard,place,0.97,1,Castle Galiard,C,Castle Galiard besieged and deliuered to the French king 557.19.
Castle of Chinon,place,0.92,1,Castle of Chinon,C,Castle of Chinon surrendred to King Iohn. 547.33.
Castle of Maydens,place,0.94,1,Castle of Maydens,C,Castle of Maydens in Albania builded. 18.13.
Castle of Pomfret,place,0.97,1,Castle of Pomfret,C,Castle of Pomfret deliuered to Roger de Lacy Constable of Chester. 546.12.
Castleford,uncertain,0.2,1,Castleford,C,Castleford. pag. 1311. col. 1. lin. 26.
Castles in England,place,0.97,1,Castles in England,C,Castles in England commaunded to be rased. 389.63.
Cataractone towne,place,0.95,1,Cataractone towne,C,Cataractone towne. 170.54.
Cataratacus,person,0.92,1,Cataratacus,C,"Cataratacus, sonne to Cynobellinus vanquished. 49.6."
Catesby Willyam,person,0.97,1,Catesby Willyam,C,Catesby Willyam atteinted. 1415.46.
Catharin,person,0.94,2,Catharin,C,"Catharin daughter to Ferdinande king of Hispaine maryed Prince Arthur. 1455.34. laye with Prince Arthur the night of her mariage. <?>dem. 1455.58. maryed to Henry the eyght. 1465.7. is crowned Queene. taden. 44. accusing the Cardinall appealeth to the Pope. 1552. 4. is not called Queene but Princesse Dowager. 1559. 50. is diuorsed. 1560.40. procureth a curse against the king and realme, and therfore her court is broken. 1561.30. writeth a letter vnto the king. 1564.1. dyeth. eadem. 12."
Catherine,person,0.97,1,Catherine,C,"Catherine, daughter vnto Henry the seuenth, borne and dyeth. 1451.56."
Catigernus,person,0.95,1,Catigernus,C,"Catigernus, brother to Kyng Vortimer, and Horsus fyght a cumbat, and eyther slayeth other. 116.2."
Catuellani,uncertain,0.45,1,Catuellani,C,"Catuellani, a people in Brytaine. 49.11."
Caxton,person,0.85,1,Caxton,C,Caxton cited. 122.9.
Caxtons,person,0.85,1,Caxtons,C,Caxtons Chronicle cited. 24.41. and .30.48.
Ceadda,person,0.93,5,Ceadda,C,"Ceadda, brother to Cedda, gouerneth Lestinghem Monasterie. 175.29."
Ceadwalla,person,0.94,6,Ceadwalla,C,Ceadwalla voweth vnto God. 184.52.
Cealtide,uncertain,0.2,1,Cealtide,C,Cealtide Synode. 199.11.
Cearlus,uncertain,0.2,1,Cearlus,C,"Cearlus, K. of Mercia. 162.1."
Ceaulinus,uncertain,0.2,1,Ceaulinus,C,"Ceaulinus, looke Chauling."
Cedda,person,0.89,5,Cedda,C,"Cedda, and his .iii. brethren all Priestes. 175.32."
Cedferth,person,0.91,1,Cedferth,C,"Cedferth, Byshop of Donwich. 195.14."
Cedwallo,person,0.5,1,Cedwallo,C,"Cedwallo, looke Cadwallo."
Cellach,person,0.81,1,Cellach,C,"Cellach, second Bishop of Mercia. 176.19."
Celby Abbey in Yorkeshyre,place,0.95,1,Celby Abbey in Yorkeshyre,C,Celby Abbey in Yorkeshyre buylded. 315.90.
Celiestline Abbey in Irelande,place,0.97,1,Celiestline Abbey in Irelande,C,Celiestline Abbey in Irelande buylded. 208.203.
Celling William,person,0.97,1,Celling William,C,Celling William. 1463.11.
Celricus,person,0.82,1,Celricus,C,"Celricus, or Ceolrick, Nephew to Cheuling reigneth ouer the West Saxons. 145.63."
Celtica kingdome,place,0.97,1,Celtica kingdome,C,Celtica kingdome what countryes in conteined. 1.101.
Celtike,uncertain,0.2,1,Celtike,C,Celtike and British language al one. 4.93.
Celwalch,uncertain,0.45,1,Celwalch,C,"Celwalch driuen out of his coũtrey, flieth to the Eastangles. 171.46."
Centwine,person,0.78,2,Centwine,C,"Centwine maketh warre vpon the Britaines, & ouerthroweth them. 183.44."
Cenulfe,person,0.91,1,Cenulfe,C,"Cenulfe, ordeyned Byshop of Dorchester. 223.60."
Cenwalch,person,0.76,6,Cenwalch,C,"Cenwalch king of west Saxons, departeth this lyfe. 180.63."
Ceolred,person,0.85,2,Ceolred,C,"Ceolred, sonne to king Ethelred. 189.10."
Ceoluolf,person,0.68,2,Ceoluolf,C,"Ceoluolf, succeedeth Osrick in the kingdome of Northumberland. 190.83."
Ceolwolfe,person,0.89,3,Ceolwolfe,C,Ceolwolfe dyeth. 196.11.
Ceorlus,person,0.8,1,Ceorlus,C,"Ceorlus, succeedeth his kinsmã Wibbas in the kingdome of Mercia. 153.9."
Ceouulf,uncertain,0.45,1,Ceouulf,C,"Ceouulf, or Ceoloulph begynneth his reigne ouer the west Saxons. 152.72."
Ceowuif,person,0.86,1,Ceowuif,C,Ceowuif departeth this lyfe. 155.43.
Cerdiceore,uncertain,0.45,1,Cerdiceore,C,"Cerdiceore, supposed to be Yermouth in Northfolke. 126.108."
Cerdicus,person,0.85,4,Cerdicus,C,Cerdicus a Saxon arriueth with a power in Brytaine. 126.103.
Certicestshore,place,0.9,2,Certicestshore,C,"Certicestshore, called in old time Nazaleoy. 131.18."
Cesar,person,0.9,2,Cesar,C,"Cesar, looke Iulius Cesar."
Cewolfe,person,0.61,1,Cewolfe,C,Cewolfe succeedeth Burthred in the kingdome of Mercia. 218.95.
Chabor Wylliam,person,0.97,1,Chabor Wylliam,C,"Chabor Wylliam, Lord Admirall of France, made knyght of the Garter. 1559.11."
Chalus Cheuerell,uncertain,0.45,1,Chalus Cheuerell,C,"Chalus Cheuerell, besieged, and taken by King Richarde the first. 539.88."
Cham,place,0.81,1,Cham,C,Cham alotted vnto Affrica. 1.77.
Chamber Iohn,person,0.97,1,Chamber Iohn,C,Chamber Iohn a rebel. 1434.135. is hanged. 1434.20.
Chandew,person,0.94,1,Chandew,C,Chandew a Lorde of Brytaine created Earle of Bathe. 1426.35.
Charing Crosse,place,0.87,1,Charing Crosse,C,Charing Crosse builded. 800.3. a.
Charles,person,0.76,20,Charles,BC,Charles Earle of Charoloys. pag. 1317. col. 2. lin. 6 married Margaret-sister to Edward the fourth. pag. 1318. col. 2. lin. 21. Duke of Borgongne. pag. 1318. col. 2. lin. 3.
Charles de Bloys,person,0.71,3,Charles De Bloys | Charles de Bloys,B,Charles de Bloys taken prisoner. 940.50. b. raunsomed 947.40. b.
Charles French,person,0.73,1,Charles French,C,Charles French King. pag. 1412. col. 2. lin. 26.
Charles of Alanson,person,0.76,1,Charles of Alanson,A,Charles of Alanson slaine at Cressy. 934.32. b.
Charleton Richard,person,0.97,1,Charleton Richard,C,Charleton Richard attainted. 1425.42.
Charnelles Hugh,person,0.97,1,Charnelles Hugh,C,Charnelles Hugh knight. 595.30.
Charterhouse,uncertain,0.42,1,Charterhouse,C,Charterhouse Monke apprehended at Cambridge. 657.77.
Charteries,person,0.8,1,Charteries,C,Charteries taken from ye Englishe. pag. 1249. col. 1. lin. 24.
Chartley castle,place,0.9,1,Chartley castle,C,Chartley castle founded by Ranulph Earle of Chester. 618 11.
Charugage,uncertain,0.2,1,Charugage,C,Charugage what it is. 549.2.
Chateau Galiard castle in Normandie,place,0.88,1,Chateau Galiard castle in Normandie,C,"Chateau Galiard castle in Normandie, builded. 539.53."
Chatoau Valyard,place,0.84,1,Chatoau Valyard,C,Chatoau Valyard besieged. pag. 1198. col. 2. lin. 45.
Chaunteries,uncertain,0.45,2,Chaunteries,C,Chaunteries al committed to ye kings disposition. 1604.55.
Chealred,person,0.91,1,Chealred,C,"Chealred, king of Mercia. 187 103."
Cheyney,person,0.97,1,Cheyney,C,Cheyney Frances knight. 1450.18.
Cheyney Henry,person,0.97,1,Cheyney Henry,C,"Cheyney Henry knyght, is made Lord Cheney of Toddington. 1862.55."
Cheyney Iohn,person,0.97,1,Cheyney Iohn,C,Cheyney Iohn knight sent into Britaine. 1434.10.
Cheeke Iohn,person,0.97,1,Cheeke Iohn,C,Cheeke Iohn knight his booke agaynst rebellion inserted. 1677.
Cheldrike,person,0.5,3,Cheldrike,C,"Cheldrike pursued by the Britaines, and slayne. 133.30."
Cherburgh,uncertain,0.2,1,Cherburgh,C,Cherburgh deliuered to the Englishmen. 1009.58. b.
Chereburg in Normãdy,uncertain,0.2,1,Chereburg in Normãdy,C,Chereburg in Normãdy. 321 73.
Chertsey,place,0.76,1,Chertsey,C,Chertsey Abby in Southerie builded. 181.19
Chesshyre,place,0.88,2,Chesshyre,C,"Chesshyre a great part, destroyed by Norway Pirates. 238 40."
Chester,place,0.8,4,Chester,C,"Chester see, remoued to Durham. 241.25."
Chester Abbey,place,0.87,1,Chester Abbey,C,Chester Abbey builded. 336.13.
Chester citie,place,0.92,8,Chester citie,C,Chester citie wonne by ye West Saxons. 204.32.
Chester Wylliam,person,0.65,1,Chester Wylliam,C,"Chester Wylliam knight, his woorthy woorkes. 1714.40."
Chesterby Philip,person,0.97,1,Chesterby Philip,C,"Chesterby Philip, a knight of Lindesey, admonisheth kyng Henry the second of his euill l<?>fe. 422.21."
Chesterfield battaile,place,0.87,1,Chesterfield battaile,C,"Chesterfield battaile, fought by the Lord Henry, against the Barons. 777.16."
Cheuling,person,0.96,3,Cheuling,C,"Cheuling departeth into exyle, and there dyeth. 146.59."
Chichester,place,0.82,2,Chichester,C,"Chichester, chiefe citie of the kingdome of the south Saxons. 125.85."
Chichester citie,place,0.95,1,Chichester citie,C,Chichester citie consumed with fire. 465.35.
Chiefe Iustice,person,0.88,1,Chiefe Iustice,C,Chiefe Iustice wordes agaynst the clergie. 824.30. a.
Chierburghe,uncertain,0.45,1,Chierburghe,C,Chierburghe yeelded to the French. pag. 1277. col. 1 lin. 16.
Chifi William,person,0.97,1,Chifi William,C,Chifi William hanged for robbing of Pilgrimes. 484.31.
Chilterne Woods,place,0.97,1,Chilterne Woods,C,"Chilterne Woods, and countrey. 245.18."
Chinon,uncertain,0.45,1,Chinon,C,Chinon taken by force of assault by the French kyng. 562.39.
Chiorburgh,place,0.89,1,Chiorburgh,C,Chiorburgh besieged by the English. pag. 1192. col. 1. lin. 42. yeelded col. 2. lin. 24.
Chippingnorton,uncertain,0.2,1,Chippingnorton,C,Chippingnorton by Cotfold. pag. 1306. col. 1. lin. 10.
Chipnham,place,0.8,1,Chipnham,C,Chipnham. 207.25.
Chipnham battaile,place,0.95,1,Chipnham battaile,C,"Chipnham battaile, fought betweene the Englishmen and Danes wyth equall victory. 212.67."
Chirchedune Adam,person,0.97,1,Chirchedune Adam,C,"Chirchedune Adam, shamefully whipped about Poicters. 446.72."
Chitrey castle,place,0.97,1,Chitrey castle,C,Chitrey castle burnt. 385.39.
Chorthmond,person,0.84,1,Chorthmond,C,"Chorthmond, slayeth Aldred, murderer of King Ethelbert 201.69."
Christe,uncertain,0.45,1,Christe,C,Christe our Sauiour borne. 46 7.
Christerne,person,0.95,1,Christerne,C,"Christerne kyng of Denmarke, commeth into England. 1525.56. returneth. ead. 20."
Christes Church in Cantorburie,place,0.94,1,Christes Church in Cantorburie,C,"Christes Church in Cantorburie, erected, and restored. 150 33."
Christes Churche in Cantorburie,place,0.97,1,Christes Churche in Cantorburie,C,Christes Churche in Cantorburie repayred. 320.67.
Christian,uncertain,0.45,4,Christian,C,Christian blood no dearer to the Pope then the bloud of Infidels. 739.90.
Christians,person,0.9,1,Christians,C,Christians honoured and cherished by Constantinus. 91.90.
Christianus,person,0.81,1,Christianus,C,"Christianus, a Byshop of the Danes. 302.22."
Christin,person,0.76,1,Christin,C,"Christin, mother to Edgar Edeling, professeth her selfe a Nunne in Scotland. 298.75."
Christiãs,person,0.91,1,Christiãs,C,Christiãs beheaded by the Sarasins at Acres. 501.26.
Christofer,person,0.86,1,Christofer,S,Christofer Seton hanged. 242.46. b
Christopher Vrswide,person,0.9,1,Christopher Vrswide,C,Christopher Vrswide. pag. 1400. col. 1. line. 56. col. 2. lin. 8. pag. 1407. col. 2. lin. 54. pag. 1408. col. 1. lin. 6.
Church of England,place,0.97,1,Church of England,C,"Church of England fore greeued, and bereaued of her wealth. 321.6."
Church of Paule in London,place,0.61,1,Church of Paule in London,C,Church of Paule in London dedicated. 768.27.
Church of S. Peter,uncertain,0.45,1,Church of S. Peter,C,Church of S. Peter at Westminster buylded. 75.36.
Church of S. Peter in Cornhill,uncertain,0.45,1,Church of S. Peter in Cornhill,C,Church of S. Peter in Cornhill builded. 75.49.
Churchmen of England,uncertain,0.45,1,Churchmen of England,C,Churchmen of England complaine of kyng Wylliam Rufus to the Pope. 321.11.
Cicely Duches of Yorke,person,0.97,1,Cicely Duches of Yorke,C,"Cicely Duches of Yorke, mother vnto Edward ye fourth, dyeth. 1445.1."
Cicester castle,place,0.87,1,Cicester castle,C,Cicester castle rased by the freendes of king Henry the third. 611.68.
Cicile,person,0.87,1,Cicile,C,Cicile second daughter to Edward the fourth. pag. 1356. col. 1. lin. 39. pag. 1413. col. 1. lin. 33.
Cicilie,person,0.91,1,Cicilie,C,"Cicilie sister to ye kyng of Sweden, commethurto England, and is deliuered of a sonne, called Edwardus Fortunatus. 1835.4. returneth into Sweden. 1836.16."
Cied Wylliam,person,0.97,1,Cied Wylliam,C,"Cied Wylliam knight, Lorde Burleigh, made Lord Treasurer of England. 1864.8."
Cimbeline,person,0.5,1,Cimbeline,C,"Cimbeline, looke Kymbeline."
Cimbil,person,0.92,1,Cimbil,C,"Cimbil, brother to Cedda. 175 20."
Cimburgh,person,0.97,1,Cimburgh,C,"Cimburgh, daughter to Penda, married to Alchfride. 173.31."
Cinegiscus,person,0.89,4,Cinegiscus,C,Cinegiscus receyueth the faith of Christe. 169.5.
Cinewulfus,uncertain,0.2,1,Cinewulfus,C,"Cinewulfus, looke Kinewulfe."
Cingetorir,uncertain,0.45,1,Cingetorir,C,"Cingetorir, out of the Kinges of Kent, vanquished, and taken prisoner by the Romans 42.108."
Cipriotes,person,0.91,1,Cipriotes,C,Cipriotes slaine lyke beastes by the Englishmen. 492.32
Circuites,uncertain,0.45,1,Circuites,C,Circuites appointed for Iustices itinerantes. 443.53.
Cirencester,place,0.94,1,Cirencester,C,"Cirencester, nowe called Cicester. 144.5."
Cirencester battaile,place,0.97,1,Cirencester battaile,C,"Cirencester battaile, fought betweene Penda and Quichelme. 169.31"
Cirester,place,0.77,1,Cirester,C,"Cirester besieged by Gurmundus, and taken. 144.11."
Cissa,person,0.97,1,Cissa,C,"Cissa, sonne to Ella, succeedeth his father in the kingdome of South Saxons. 130.53"
Cisteaur,place,0.8,1,Cisteaur,C,Cisteaur order fyrst begun. 333 86.
Cisteaur Abbey,place,0.97,1,Cisteaur Abbey,C,Cisteaur Abbey founded. 333.91.
Cisteaux,uncertain,0.2,1,Cisteaux,C,Cisteaux order charged with paiment towardes the ransome of king Richard the fyrst. 512.56. refuse giftes offered by the Emperour. 526.8.
Citie of London,place,0.93,2,Citie of London,C,"Citie of London payeth to Henry the third for a fine, three thousand markes. 739.2."
Citizens of Cantorburie,person,0.62,1,Citizens of Cantorburie,C,Citizens of Cantorburie slaine in a fraye. 270.95.
Citizens of London,place,0.33,5,Citizens of London,C,"Citizens of London serue in the Butterie, at King Richard the fyrst his coronation. 519. 14. the wealthiest cast into prison in Windsor castle. 774.10. obteyne pardon of the kyng. 774.43. and .775 63."
Citizens of Winchester,place,0.81,1,Citizens of Winchester,C,Citizens of Winchester serue in the kytchen at King Richard the fyrst his coronation. 519.18.
Ciuil,place,0.85,1,Ciuil,C,Ciuil dissention breeding in England against king Iohn. 586.32.
Ciuile,place,0.88,1,Ciuile,C,Ciuile contention in Kent for the kingdome. 187.36.
Ciuilis,person,0.8,1,Ciuilis,C,Ciuilis sent into Britaine to rule the Prouinces there. 104.68.
Claimes,uncertain,0.45,1,Claimes,C,Claimes at the Coronation of king Henry the fourth. 1116 46. a.
Clare Richard,person,0.96,1,Clare Richard,C,Clare Richard Earle of Gloucester dyeth. 800.60.
Clarenbald,person,0.81,1,Clarenbald,C,"Clarenbald, elect Abbot of S. Augustines in Cantorburie. 415.77."
Claudianus,uncertain,0.2,1,Claudianus,C,Claudianus the Poet cyted. 106.63.
Claudiocestria,place,0.83,1,Claudiocestria,C,"Claudiocestria, nowe Gloucester, and why so called. 51.52."
Claudius,person,0.95,3,Claudius,C,Claudius the Emperour commeth into Britaine. 49.69.
Claudius Emperour of Rome,person,0.97,1,Claudius Emperour of Rome,C,"Claudius Emperour of Rome, sendeth an armie into Brytaine. 48.62."
Cleander,person,0.81,1,Cleander,C,"Cleander setteth on the Romane souldiers, to conplaine on Perhennis. 77.34"
Cleargie,uncertain,0.45,1,Cleargie,C,The Cleargie complained of in the lower house. 1553.10.
Cleberie castle,place,0.86,1,Cleberie castle,C,"Cleberie castle taken, and destroyed. 396.10"
Cleneland,place,0.89,1,Cleneland,C,Cleneland wasted by ye Scots. 306.116.
Clere Matthew,person,0.97,1,Clere Matthew,C,"Clere Matthew, Sheriffe of Kent. 497.28."
Clergie denie,person,0.92,1,Clergie denie,C,Clergie denie to graunt a subsidie. 823.45. a. they are excluded from the Kings protection. 823.53. b. receyued againe. 824.40. a.
Clerke William,person,0.97,1,Clerke William,C,Clerke William atteinted. 1425.48.
Clerkes,uncertain,0.2,1,Clerkes,C,"Clerkes not suffred to come ouer into the Realme, without an othe. 418.27."
Clide riuer,place,0.95,1,Clide riuer,C,Clide riuer. 70.1.
Clifford Henry,person,0.97,1,Clifford Henry,C,Clifford Henry knight Earle of Cumberland 1536.17.
Clifford Robert,person,0.97,1,Clifford Robert,C,"Clifford Robert knight, sent by the rebelles, to the Duchesse of Burgegne. 1442. beleeueth Perken to be the Duke of Yorke. ibidem. returneth home, and commeth vnto the kyng. 1443.48."
Clinton Geffrey,person,0.97,1,Clinton Geffrey,C,Clinton Geffrey accused of treason. 361.75.
Clipestone,uncertain,0.2,1,Clipestone,C,Clipestone. 516.82.
Cloaricus,place,0.94,1,Cloaricus,C,"Cloaricus, a Mountaine in Wales. 117.56."
Clodius Albinus,uncertain,0.22,3,Clodius Albinus,C,"Clodius Albinus, appoynted Lieutenãt of Britain. 77.71"
Clokes,uncertain,0.45,1,Clokes,C,"Clokes short, brought to be vsed in England. 471.90."
Clotenus,person,0.91,1,Clotenus,C,"Clotenus, kyng of Cornewall. 22.89."
Clun Riuer,place,0.95,1,Clun Riuer,C,Clun Riuer. 55.62.
Clusium,place,0.94,1,Clusium,C,Clusium in Italy beseeged by Brennus & Beinus. 25.80.
Cneus Trebellius,uncertain,0.2,1,Cneus Trebellius,C,"Cneus Trebellius, looke Trebellius."
Cnute,person,0.92,25,Cnute,C,"Cnute marryeth Emma, wydow to king Egelredus. 259 47."
Cnutes,person,0.42,4,Cnutes,C,Cnutes issue. 262.74.
Cnuto,person,0.95,1,Cnuto,C,"Cnuto, sonne to Sueno king of Danes, sent with an army into England against K. William. 308.25."
Cobham,person,0.97,1,Cobham,C,"Cobham Lord with his sonne Syr Wylliam Cobham, deliuered out of the Tower. 1734.41."
Cobham William,person,0.97,1,Cobham William,C,Cobham William Knight hys prowesse. 1640.30.
Cobre,uncertain,0.2,1,Cobre,C,Cobre. 201.51
Coelred,person,0.97,1,Coelred,C,"Coelred dyeth, and is buryed at Litchfield. 189.48."
Coggeshall Abbey,place,0.97,1,Coggeshall Abbey,C,"Coggeshall Abbey in Esser, founded. 394.27."
Cogheshal Raufe,person,0.97,1,Cogheshal Raufe,C,Cogheshal Raufe cited. 560.2.
Cogidune,person,0.81,1,Cogidune,C,"Cogidune, a king of the Britaines. 58.33."
Coiff Edwines,person,0.96,1,Coiff Edwines,C,Coiff Edwines heathen Byshop. 161.39.
Coilus,person,0.97,7,Coilus,C,"Coilus gouernour of Colchester, commeth agaynst kyng Asclepiodotus with an army 82.62."
Colcheste in Effex,uncertain,0.45,1,Colcheste in Effex,C,Colcheste in Effex builded. 74.10.
Colchester,place,0.82,1,Colchester,C,Colchester supposed to bee in olde tyme Cannilodunum. 54.55. & .74.
Colchester castle,place,0.9,2,Colchester castle,C,Colchester castle besieged and wonne by King Iohn. 598.24.
Colchester Towne,place,0.87,1,Colchester Towne,C,Colchester Towne walled by Helene the Empresse. 94.9.
Coldingham Abbey,place,0.95,1,Coldingham Abbey,C,Coldingham Abbey. 185.70.
Cole Moore battaile,place,0.97,1,Cole Moore battaile,C,Cole Moore battaile agaynst the Saxons. 116.16.
Colledge of Brasen,place,0.97,1,Colledge of Brasen,C,Colledge of Brasen Nose in Oxford founded. 1463.22.
Colledge of Christes churche,place,0.97,1,Colledge of Christes churche,C,The Colledge of Christes churche in Oxford erected. 1533 54.
Colledge of Fodringey,place,0.97,1,Colledge of Fodringey,C,Colledge of Fodringey. 1445.5.
Colledge of Iesus,place,0.86,1,Colledge of Iesus,C,The Colledge of Iesus founded. 1462.52.
Colledge of Saint Michael in Cambridge,place,0.61,1,Colledge of Saint Michael in Cambridge,C,Colledge of Saint Michael in Cambridge founded. 872.26. a.
Colesey,uncertain,0.45,1,Colesey,C,Colesey taken and spoyled by the Danes. 244.35.
Coleuille Philip,person,0.97,1,Coleuille Philip,C,Coleuille Philip rebelleth against king Stephen. 393.21
Colgerne,person,0.9,4,Colgerne,C,Colgerne a Saton commeth ouer into Britaine with a power. 129.57
Colgrime,uncertain,0.2,1,Colgrime,C,"Colgrime, looke Colgerne."
Colingborne,person,0.91,1,Colingborne,C,Colingborne beheaded. pag. 1406. col. 1. lin. 10.
Collingham William,person,0.97,1,Collingham William,C,Collingham William a valiant Gentleman of Sussex & enemie to the Frenchmen. 601.7.
Colman,person,0.9,2,Colman,C,Colman returneth into Scotland. 177.25.
Colonie,uncertain,0.45,1,Colonie,C,Colonie sent to inhabite the Ardes in Ireland. 1864.35.
Colloshill in Warwickeshyre,uncertain,0.2,1,Colloshill in Warwickeshyre,C,Colloshill in Warwickeshyre. pag. 1295. col. 1. lin. 22.
Colwolphus,person,0.81,1,Colwolphus,C,Colwolphus possesseth part of Mercia by graunt of the Danes. 215.70.
Comentarius Alexander,person,0.97,1,Comentarius Alexander,C,"Comentarius Alexander a deuine preacher to King Iohn 569.8. his opinions in matters of Religion, and according to the aucthoritie of the Pope in temporall possessions. 569.33."
Commissioners,person,0.41,4,Commissioners,C,Commissioners sent from the Pope into England. 304.52.
Comius,person,0.47,2,Comius,C,"Comius, gouernour of Artois sent by Cesar into Britaine. 35.37."
Commodus,person,0.87,1,Commodus,C,Commodus enuieth the renowme of Calphurnius. 77 4.
"Commodus, Emperour of Rome",person,0.96,1,"Commodus, Emperour of Rome",C,"Commodus, Emperour of Rome. 76.82."
Compton Henry,person,0.95,1,Compton Henry,C,Compton Henry knight made Lord of Compton in the Hole. 1862.54.
Connah countrey,place,0.95,1,Connah countrey,C,"Connah countrey, where it lyeth, and the nature thereof. 420.37."
Conan,person,0.97,3,Conan,C,Conan duke of Britaine seaseth the citie of Nauntes into his hands. 398.36
Conan Meridock,person,0.89,2,Conan Meridock,C,Conan Meridock sendeth into great Britaine for wyues for his people. 95.87.
Conanus,person,0.87,1,Conanus,C,"Conanus, looke Aurelius Conanus."
Concubines of Ed,uncertain,0.2,1,Concubines of Ed,C,Concubines of Ed. iiii. pag. 1375. col. 2. lin. 30.
Condhere,person,0.84,1,Condhere,C,"Condhere, seruant to Oswyn, slayne. 170.56."
Conditions,person,0.85,1,Conditions,C,"Conditions of agreement, betweene kyng Henry the second, and his sonnes. 438.48."
Confederates,person,0.84,1,Confederates,C,"Confederates with Henry the sonne, inuade the dominious of King Henry the .ii. 427.56."
Congreshall,person,0.9,1,Congreshall,C,Congreshall Lord Congreshall captaine of Perkin Warbeckes gard. 1441.33.
Conyers Roger,person,0.97,1,Conyers Roger,C,"Conyers Roger knight, made captayne of the Tower of Durham. 449.47."
Cono,uncertain,0.45,1,Cono,C,"Cono, the Popes Legate in Fraunce. 351.115."
Conquet,place,0.84,1,Conquet,C,Conquet wonne. pag. 1213. col. 2. lin. 3.
Conrade Emperour,person,0.97,1,Conrade Emperour,C,Conrade Emperour. 262.1.
Conran,person,0.97,1,Conran,C,"Conran kyng of Scottes, marrieth Alda, sister to Vter Pendragon. 132.17."
Conspiratours,uncertain,0.45,1,Conspiratours,C,"Conspiratours against Kyng William Rufus in ye North, sodeinly surprised. 329.3."
Constable Iohn,person,0.97,1,Constable Iohn,C,Constable Iohn knight. 1448.49.
Constable of Fraunce,person,0.68,1,Constable of Fraunce,C,Constable of Fraunce his offer to Edward the fourth. pag. 1348. col. 2. li. 18.
Constable Robert,person,0.97,1,Constable Robert,C,Constable Robert Knight putto death. 1570.10.
Constance,person,0.97,4,Constance,C,"Constance wyfe to Prince Eustace, sent home with her dowrie. 388.72."
Constance Duches of Lanc,person,0.97,1,Constance Duches of Lanc,C,Constance Duches of Lanc. dieth. 1084.31. b
Constances citie,place,0.67,1,Constances citie,C,"Constances citie wonne by the Frenchmen, and recouered againe. 351.60."
Constans,person,0.72,4,Constans,C,"Constans, sonne to Constantinus, shorne a Monke. 98.34."
Constantia,person,0.91,1,Constantia,C,"Constantia, sister to Constantinus, married to Licinius. 91 62."
Constantia Posthumia,person,0.85,1,Constantia Posthumia,C,"Constantia Posthumia, wyfe to Gracianus the Emperour. 97.43."
Constantines,person,0.84,1,Constantines,C,Constantines citizen of London executed. 620.17
Constantinus,person,0.8,32,Constantinus,C,"Constantinus slaine, and buried at Stonhenge. 138.33."
Constantinus Capronimos,person,0.84,1,Constantinus Capronimos,C,"Constantinus Capronimos, Em+perour. 197.79."
Constantinus Pagonatus,person,0.84,1,Constantinus Pagonatus,C,"Constantinus Pagonatus, Emperour. 183.54."
Constantius,person,0.82,13,Constantius,C,Constantius sent ouer into Britaine with an army. 88.65
Contibald Iames,person,0.97,1,Contibald Iames,C,Contibald Iames Ambassador from Maxumlian Duke of Burgoine. 1438.45.
Contractes,uncertain,0.2,1,Contractes,C,"Contractes without witnesse concerning mariage, may be denyed. 341.18."
Conuocation,place,0.86,2,Conuocation,C,Conuocation at Powles. pag. 1166. col. 1. lin. 36.
Copa,uncertain,0.45,1,Copa,C,"Copa, a counterfeite Phisition, poysoneth Aurelius Ambrose. 123.57."
Copsius,person,0.91,2,Copsius,C,Copsius slayne by Osulf. 312.25.
Coquid Riuer,place,0.95,1,Coquid Riuer,C,Coquid Riuer. 241.32.
Corbert Richard,person,0.97,1,Corbert Richard,C,Corbert Richard knight sent into Britaine. 1434.10.
Cordes,person,0.87,1,Cordes,C,Cordes Lord Cordes a French man Lieutenant of Picardie aydeth the rebels in Flaunders. 1435.10. besiegeth Newport. 1436.50. his gredie desire of Calice. cadem. 20.
Cordilla,person,0.86,4,Cordilla,C,Cordilla slayeth her self. 20.86.
Cor<?>e castle,place,0.95,1,Cor<?>e castle,C,Cor<?>e castle. 236.48
Corgh kingdome in Ireland,place,0.91,1,Corgh kingdome in Ireland,C,"Corgh kingdome in Ireland, geuen vnto two Irish lordes 450.9."
Corinbratus,uncertain,0.2,1,Corinbratus,C,"Corinbratus, looke Gurguntus"
Corineus,person,0.44,4,Corineus,C,Corineus wrestieth wich Gogmagog. 15.83.
Corman,person,0.85,2,Corman,C,"Corman returneth, hauyng taken smal effect. 167.87"
Corne,uncertain,0.36,1,Corne,C,Corne blasted and burnt vp by lightning. 270 7.
Cornelius Tacitus,person,0.85,3,Cornelius Tacitus,C,Cornelius Tacitus cited. 113.
Cornhill,place,0.85,1,Cornhill,C,Cornhill mistaken for Thorney. 75.51.
Cornishmen,group,0.85,4,Cornishmen,C,Cornishmen subdued by ye west Sarons. 203.12.
Cornwall,place,0.69,2,Cornwall,C,Cornwall giuen to Corineus. 15.98.
Cornwall Edmund,person,0.72,1,Cornwall Edmund,C,Cornwall Edmund knight sent into Britaine. 1434.10.
Coronation of King Henry,person,0.62,1,Coronation of King Henry,C,Coronation of King Henry the iiii. proclaymed. 1116.40. a.
Coronation of King Iohn,person,0.62,1,Coronation of King Iohn,C,Coronation of King Iohn. 544.76.
Corphes gate,place,0.95,1,Corphes gate,C,Corphes gate. 337.1
Corselles castle,place,0.97,1,Corselles castle,C,Corselles castle wonne and rased. 533.15
Cottesholde,uncertain,0.2,2,Cottesholde,C,Cottesholde sheepe transported into Spayne. pag. 1317. col. 1. lin. 47.
Couentree,uncertain,0.2,1,Couentree,C,Couentree. pag. 1329. col. 2. lin. 11.
Couentrey,place,0.8,2,Couentrey,C,Couentrey made free of tolle and custome. 277.21.
Couentrey Abbey,place,0.97,1,Couentrey Abbey,C,Couentrey Abbey spoyled. 380 62.
Couentrey church,place,0.97,1,Couentrey church,C,Couentrey church ioyned to the Sea of Chester. 336.3.
Couentrie Abbey,place,0.97,1,Couentrie Abbey,C,"Couentrie Abbey, by whom buylded. 277.15."
Couetous,uncertain,0.2,1,Couetous,C,Couetous practise of Carausius to enritche himself. 83.4.
Councell of Constance,person,0.7,1,Councell of Constance,C,Councell of Constance. pag. 1170. col. 2. lin. 50.
Counsellers,uncertain,0.33,2,Counsellers,C,Counsellers remoued from the King. 1070.5. b.
Counstance,person,0.92,1,Counstance,C,Counstance mother to Arthur. 543.40.
Counterfeiters of Christ,person,0.84,1,Counterfeiters of Christ,C,Counterfeiters of Christ apprehended and executed. 620.8.
Countesse of Britaine,uncertain,0.45,1,Countesse of Britaine,B,Countesse of Britaine passeth into England. 917.19. a
Countesse of Oxford,uncertain,0.45,1,Countesse of Oxford,C,Countesse of Oxford prysoned. pag. 1142. col. 2. lin. 15.
Couragiousnes,person,0.81,1,Couragiousnes,C,"Couragiousnes of king William Rufus, declared in hys dealing towardes Helias. 329.93."
Coursye castle,place,0.82,1,Coursye castle,C,Coursye castle taken by Henry the fift. pa. 1190. col. 1. li. 2.
Court of Chiualrie,place,0.73,1,Court of Chiualrie,C,Court of Chiualrie. 1103.1. b
Courtchuse William,person,0.97,2,Courtchuse William,C,"Courtchuse William, Earle of Faunders, dyeth of a wound. 361.33."
Courtehuse Robert,person,0.97,2,Courtehuse Robert,C,Courtehuse Robert pineth away vpon greefe and displeasure. 363.11.
Courteney,person,0.93,1,Courteney,C,Courteney Archbishop of Cantorbury purchaseth Bulles to get money. 1086.40. b.
Courtney,person,0.96,3,Courtney,C,Courtney Archbyshop of Cantorburie in displeasure. 1048 15. b.
Courtney Edward,person,0.97,2,Courtney Edward,C,"Courtney Edward sonne to Henry Marques of Excester set at libertie. 1720.45. made Earle of Deuonshire. 1721.1. is committed to the towre. 1734.36. delyuered out of the towre, & committed to the sure keepin on Sir Thomas Eresham. 1755.8. is set at libertie, and obteyneth licence to passe the seas where he dyeth. 1763.30. is described and his frowarde fortune. ibidem."
Courtney Henry,person,0.97,1,Courtney Henry,C,Courtney Henry Marques of Exceter commeth wyth a great power against the rebels of the North. 1568.14. Lord Steward of England at the arreignment of the Lord Dercy & Hussey. 1570. 5. is condemned of treason. 1572.10. is executed. ibiden.
Courtney Walter,person,0.97,1,Courtney Walter,C,Courtney Walter. 1450.34.
Courtney William,person,0.97,1,Courtney William,C,Courtney William knight. 1450.42.
Cowchete,place,0.64,1,Cowchete,C,Cowchete wonne by the Lord Talbot. pag. 1267. col. 2. lin. 22.
Cowling castle,place,0.97,1,Cowling castle,C,Cowling castle assaulted. 1727 40.
Cramner Thomas Archbish. of Canterbury,person,0.97,1,Cramner Thomas Archbish. of Canterbury,C,"Cramner Thomas Archbish. of Canterbury, one of the executours to king Henry the eight. 1661.30. is attainted 1723.40. disputeth openly at Oxford. 1735.14. is condemned for heresie, disgraded, recanteth, and repenpenteth, yet is burnt. 1765.30."
Cranmer Thomas,person,0.97,2,Cranmer Thomas,C,"Cranmer Thomas Archbishop of Canterbury, godfather to Edward sonne to Henry the eight. 1570.39"
Cranmers castle,place,0.97,1,Cranmers castle,C,Cranmers castle besieged and rased. 387.51.
Creation of Dukes,person,0.88,1,Creation of Dukes,C,Creation of Dukes. pag. 1170 col. 1. lin. 26. of Earles. pag. 1199. col. 2. lin. 7.
Creation of Earles,person,0.94,1,Creation of Earles,C,Creation of Earles by Kyng Iohn. 545.37.
Creyford battayle,uncertain,0.2,1,Creyford battayle,C,"Creyford battayle, looke Crekenfourd."
Crekenfourd battayle,uncertain,0.2,1,Crekenfourd battayle,C,"Crekenfourd battayle, fought betweene the Britaines and Saxons. 126.4"
Cremensis Iohannes,person,0.9,3,Cremensis Iohannes,C,Cremensis Iohannes defamed getteth hym backe to Rome without effect. 360.3
Cressenor Thomas,person,0.97,1,Cressenor Thomas,C,Cressenor Thomas. 1443.38.
Crida,person,0.48,2,Crida,C,"Crida King of Mercia, dyeth. 145.87."
Cride Abbey,place,0.97,1,Cride Abbey,C,Cride Abbey brent by Henry the thyrd. 632.3.
Cridiorus,person,0.91,1,Cridiorus,C,Cridiorus King of Albania. 39.9.
Crykelade,uncertain,0.2,1,Crykelade,C,Crykelade. 220.24.
Crispine William,person,0.97,2,Crispine William,C,Crispine William taken prisoner. 356.5
Crispus,person,0.95,1,Crispus,C,Crispus brother to the Emperour Claudius. 89.24
Croftes Iames,person,0.97,2,Croftes Iames,C,Croftes Iames knight captein of Haddington is commended. 1640.26.
Croftes Richard,person,0.97,1,Croftes Richard,C,"Croftes Richard knight, counseller to prince Arthur. 1456 52."
Croker Iohn,person,0.97,1,Croker Iohn,C,Croker Iohn knight. 1450.43.
Cromwell Thomas,person,0.97,1,Cromwell Thomas,C,"Cromwell Thomas late seruant to the Cardiaall, is admytted into the kyngs seruice. 1554.25. made Master of the Rolles. 1563.11. Secretary to the kyng, and master of the Rolles, is made Lorde keeper of the Priuie Seale. 1563.20. is created Lord Cromwel. ead. 24. is made general vnder the king ouer al ye spiritualitie. ead. 26 commaundeth the Pater noster, the Ane, the Creede, and the ten Commaundementes to be taught in English. ead. 40. made knight of the Garter. 1570.28. the perswader of the suppression & pullyng downe of all houses of religion and Pilgrimages. 1570.24. created Earle of Essex, and Lord great chamberlaine of England. 1578. 47. is attainted, and put to death. eadem. 27. the prayer pronounced by hym at his death. ibidem. is described. 1579.20."
Crossing,person,0.86,1,Crossing,C,"Crossing bringeth sight of Diuels, and driueth them also away. 228."
Crouch hauen in Ireland,place,0.97,1,Crouch hauen in Ireland,C,Crouch hauen in Ireland. 419.50.
Crowland Abbey,place,0.88,1,Crowland Abbey,C,Crowland Abbey builded. 197 16.
Crown,uncertain,0.2,1,Crown,C,Crown intailed vnto the heires of Henrye the fourth. pag. 1125. col. 1. lin. 40.
Crucifix,person,0.8,1,Crucifix,C,Crucifix ouerthrowen by thunder and lightnyng. 3.22.3
Crueltie of Tostie,person,0.9,1,Crueltie of Tostie,C,Crueltie of Tostie toward his brother Haroldes seruantes. 278.84.
Culpepper Thomas,person,0.97,1,Culpepper Thomas,C,Culpepper Thomas lyueth incontinently with the Queene 1582.32. suffereth therfore. 1583.13.
Cumbald,person,0.91,1,Cumbald,C,"Cumbald, Archbyshop of Yorke 201.58."
Cumberland,place,0.88,5,Cumberland,C,Cumberland wasted and destroyed by the Englishmen. 307.2.
Cumbra,person,0.81,1,Cumbra,C,"Cumbra Earle, cruelly put to death. 194.3."
Cumbresourg Abbey,place,0.95,1,Cumbresourg Abbey,C,Cumbresourg Abbey buylded. 172.39.
Cumdagins,person,0.41,2,Cumdagins,C,Cumdagins becommeth sole ruler of Britaine. 21.33.
Cumdagius,person,0.97,2,Cumdagius,C,"Cumdagius dyeth, and is buried at Troynouant. 21.39."
Cumin Robert,person,0.97,2,Cumin Robert,C,Cumin Robert and his people slayne by the rebelles in the North. 299.65.
Cunbridge Castel,place,0.87,1,Cunbridge Castel,T,Cunbridge Castel wrongfully holden from the Archbyshop of Caunterburie. 637.4
Cunburg,uncertain,0.2,1,Cunburg,C,Cunburg. 201.41.
Cunecester,uncertain,0.45,1,Cunecester,C,"Cunecester, called also Chester in the streete. 241.20."
Cunedagius,uncertain,0.2,1,Cunedagius,C,Cunedagius and Margan rebel against Cordilla. 20.81.
Cuneueshore,place,0.81,1,Cuneueshore,C,Cuneueshore in Sussex. 125.58.
Curcy Iohn,person,0.97,2,Curcy Iohn,C,Curcy Iohn Lord of Vluester. 552.55.
Curcy Robert,person,0.97,1,Curcy Robert,C,"Curcy Robert, slayne. 367.46."
Curson Robert,person,0.97,2,Curson Robert,C,Curson Robert Captaine of Guisnes a espie in Flaũders. 1457.8. is cursed at Powles eadem. 18.
Curtayling,uncertain,0.2,1,Curtayling,C,Curtayling of horses forbydden. 198.111.
Curthuze Robert,person,0.97,1,Curthuze Robert,C,"Curthuze Robert, founder of Newcastle. 311.6."
Cutbert,uncertain,0.41,1,Cutbert,C,Cutbert aduaunced to the byshopricke of Lindesferne. 185.35.
Cutha,person,0.97,1,Cutha,C,"Cutha brother to Cheuting, ouerthroweth the Britaines at Bedford. 142.103."
Cuthred,person,0.97,3,Cuthred,C,Cuthred King of West Saxons 189.62. &. 193.41.
Cutwyn,person,0.94,1,Cutwyn,C,"Cutwyn slayne, and his Englishmen chased by the Brytaines. 143.19."
Cutwine,person,0.95,1,Cutwine,C,"Cutwine, brother to Ceauline, King of West Saxons. 184.7."
Dacres,person,0.97,2,Dacres,D,"Dacres Lord arreigned, and acquited. 1563.26."
Dacres Leonard,person,0.94,1,Dacres Leonard,D,"Dacres Leonard rebelleth, is discomfited in fight, and fleeth into Scotland. 1841.34."
Dacres Thomas,person,0.97,1,Dacres Thomas,D,Dacres Thomas Bastard hys valiant seruice. 1595.30.
Day Iohn,person,0.97,1,Day Iohn,D,"Day Iohn, a Printer. 188.15."
Dam Hauen,place,0.97,1,Dam Hauen,D,Dam Hauen. 578.20.
Damfront,uncertain,0.45,1,Damfront,D,Damfront wonne by Henrye brother to Kyng William Rufus. 321.101
Damianus,uncertain,0.45,1,Damianus,D,"Damianus and Fugatius, sent into Britaine. 74.77."
Damieta,place,0.6,3,Damieta,D,Damieta wonne by the Christians. 617.58
Dampfront,uncertain,0.3,3,Dampfront,D,Dampfront surrendred to the French kyng. 558.43
Damsanus,person,0.96,1,Damsanus,D,Damsanus consecrated Archbyshop of Cantorbury. 172.75.
Danaus,person,0.84,10,Danaus,D,Danaus daughters names. 8.73.
Danbeney William,person,0.97,1,Danbeney William,D,Danbeney William beheaded. 1443.38.
Dancastre,uncertain,0.2,1,Dancastre,D,Dancastre or Madam Caistre by whom buylded. 17.60.
Danebalt,person,0.81,1,Danebalt,D,Danebalt Hygh Admyrall of Fraunce is honorably receiued. 1609. is richely rewarded. eadem. 57.
Danebault,person,0.93,1,Danebault,D,"Danebault Admirall of France sore annoyeth the Englishe coaste. 1602.10. landeth. 2000. men in the Ile of Wight, who are repelled wt slaughter. eadem. 50."
Danegelt,place,0.78,1,Danegelt,D,Danegelt payment in England ceasseth. 279.49
Danegylt,place,0.83,1,Danegylt,D,"Danegylt, and why so called. 239.70."
Danes,group,0.85,97,Danes,D,Danes arriue and make warre on the coastes of the lande. 204.52.
Danes in Cumberlande,group,0.85,1,Danes in Cumberlande,D,"Danes in Cumberlande ouerthrowen, and the countrey wasted by the English men. 241.60."
Danes in Northumberland,group,0.85,1,Danes in Northumberland,D,"Danes in Northumberland, dare attempte nothyng against the Englishmen. 222.65."
Danes lande in Northumberland,group,0.85,1,Danes lande in Northumberland,D,"Danes lande in Northumberland, and obtein a great part thereof without resistance. 202.33."
Daneth Sumon,uncertain,0.45,1,Daneth Sumon,D,"Daneth Sumon, owner of Danuille castle. 468.45."
Daniell,person,0.97,1,Daniell,D,Daniell ordeined Byshop of Winchester. 191.7.
Daniel Iohn,person,0.97,1,Daniel Iohn,D,Daniel Iohn executed for treason. 1766.40
Danish,group,0.85,11,Danish,D,"Danish shippes taken, and chased on the sea. 212.40"
Danish Pyrats,group,0.85,1,Danish Pyrats,D,"Danish Pyrats arriue at Sãdwich, and spoyle it. 270.26."
Danishe,group,0.85,1,Danishe,D,Danishe shippes retayned to serue the king of Englande vpon conditions. 246.65.
Danuille castle,place,0.92,1,Danuille castle,D,Danuille castle wonne by kyng Henry the second. 428.85
Dannus,person,0.5,1,Dannus,D,"Dannus, looke Elanius."
Darby towne,place,0.8,1,Darby towne,D,Darby towne wonne from the Danes. 222.20.
Darcy Thomas,person,0.97,1,Darcy Thomas,D,Darcy Thomas knight of the Garter and Lord Darcy of the army sent into Hispaine. 1469.
Darcie,person,0.97,1,Darcie,D,Darcie Lord atteinted. 1570. 3. executed. eadem. 24.
Darcie Thomas,person,0.97,1,Darcie Thomas,D,Darcie Thomas Lord Darcie sent Conmissioner into Cornwal. 1451.53.
Darus towne,place,0.82,1,Darus towne,D,"Darus towne, taken by ye Englishmen. 503.49."
Daubency Giles,person,0.97,1,Daubency Giles,D,"Daubency Giles created Lorde Daubeney. 1426.37. deputie of Calice, and Generall of an armie into Flaunders. 1435.40. discomfiteth the power of ye Rebels in Flaunders. 1436.30. chief Chamberlaine. 1444.30. General for the King at blacke heath field. 1447.20. dyeth. 1461 30."
Daubeney Bernard,person,0.97,1,Daubeney Bernard,D,Daubeney Bernard a Scot Ambassadour from ye french King. 1433.5.
Dauenes Iames,person,0.97,1,Dauenes Iames,D,Dauenes Iames slayne <?> Sarasins. 503.45
Daui Hall,uncertain,0.45,1,Daui Hall,D,"Daui Hall knight slayne, pag. 1304. col. 1. lin. 3."
Dauid,person,0.96,16,Dauid,DS,Dauid King of Scottes inuadeth England. 939.37. a. taken. 940.3. a.
Dauid ap Owen,person,0.93,1,Dauid ap Owen,D,Dauid ap Owen rewarded with the lands of Ellesmare 449.74.
Dauid ap William,person,0.97,1,Dauid ap William,D,"Dauid ap William, a Barde. 4.45."
Dauid Thomas,person,0.97,1,Dauid Thomas,D,Dauid Thomas. pag. 1345. col. 1. lin. 10.
Dee Riuer,place,0.97,2,Dee Riuer,D,Dee Riuer. 143.51.
Deacons,person,0.41,2,Deacons,D,Deacons commaunded to forsake their wyues. 347.56
Deane Henry,person,0.97,2,Deane Henry,D,Deane Henry remoued fron the See of Salisburie to Cantorbury. 1455.41.
Deane of Chichester,person,0.65,1,Deane of Chichester,D,Deane of Chichester sent ambassadour by the archbishop of Cantorbury. 349.27.
Dearehurst,uncertain,0.2,1,Dearehurst,D,Dearehurst nigh Seuern. 256.21.
Death,place,0.91,1,Death,D,Death in the Englishe host in Spaine. 1052.1. b.
Death of Hubert,person,0.91,1,Death of Hubert,D,Death of Hubert archbishop of Cantorbury. 561.45
Death of Queene Elenor,person,0.97,1,Death of Queene Elenor,D,Death of Queene Elenor. 559 52.
Decianus Catus,person,0.42,2,Decianus Catus,D,Decianus Catus fleeth into Gallia. 63.113.
Degsastane battaile,place,0.95,1,Degsastane battaile,D,Degsastane battaile fought by the Saxons against ye Scots. 153.37.
Delapoole William,person,0.93,1,Delapoole William,D,Delapoole William Lord committed to the towre. 1457.34.
Delberk,person,0.91,1,Delberk,D,"Delberk, Byshop of Herham. 198.116."
Demetia,place,0.88,1,Demetia,D,"Demetia, nowe called Southwales. 27.96."
Demsseborne battaile,place,0.95,1,Demsseborne battaile,D,Demsseborne battaile fought by the Englishmen agaynst the Britaines. 165.21.
Denbighshyremen,place,0.81,1,Denbighshyremen,D,"Denbighshyremen, in old tyme called Cangi. 54.7."
Denebertus,person,0.91,1,Denebertus,D,Denebertus Byshop of Worcester. 195.10.
Deping,place,0.75,1,Deping,D,Deping spoyled by Albemarle the Earle. 618.41.
Dereman,uncertain,0.2,1,Dereman,D,"Dereman, the counterfeyt name of Thomas Becket, when he fled the realme. 426.32."
Dermeth,uncertain,0.45,1,Dermeth,D,"Dermeth, and Irish Duke. 328.26."
Derwent Riuer,place,0.97,1,Derwent Riuer,D,Derwent Riuer. 115.74.
Description of Henry,person,0.9,1,Description of Henry,D,Description of Henry the sixt. pag. 1272. col. 2. lin. 8.
Description of Margaret,person,0.97,1,Description of Margaret,D,"Description of Margaret Queene, wyfe to Henry the sixt. pag. 1272. col. 2. lin. 17."
Description of Richard,person,0.97,1,Description of Richard,D,Description of Richard Duke of Glocester. pag. 1357. col. 2. lin. 35.
Deuereur Walter,person,0.97,1,Deuereur Walter,D,Deuereur Walter late Lorde Ferrers atteinted. 1425.40
Deuerour Walter,person,0.97,1,Deuerour Walter,D,"Deuerour Walter Lord Ferrers of Chartley and Viscount Hereford is created Earle of Essex. 1862.45. sayleth into Ireland wyth a power, and his actes. 1869.3."
Deuil,person,0.84,1,Deuil,D,Deuil appeareth lyke a fryer. pag. 1134. col. 2. lin. 2.
Deus,person,0.93,1,Deus,D,Deus dedit consecrated Archbishop of Cantorbury. 172.68.
Deus Dedit,person,0.97,1,Deus Dedit,D,"Deus Dedit, Archbyshop of Cantorburie dyeth. 177.59."
Dicalidones,uncertain,0.2,1,Dicalidones,D,"Dicalidones, a kind of Pictes. 104.5."
Didanus,person,0.92,1,Didanus,D,"Didanus, father to Friswide of Oxford. 197.50."
Didius,person,0.44,2,Didius,D,Didius sent Lieutenant into Britaine. 58.40.
Diepe towne,place,0.97,1,Diepe towne,D,"Diepe towne, wonne from the Englishmen by the Frenchmen. 527.73."
Digby Iohn,person,0.94,1,Digby Iohn,D,Digby Iohn knight Lieutenant of the towre. 1453.57.
Dindimus,person,0.84,1,Dindimus,D,Dindimus and Verianianus two brethren slayne by Constans. 98.51.
Dinham Iohn,person,0.97,1,Dinham Iohn,D,Dinham Iohn Lorde Dinham hygh Treasurer of England. 1446.58.
Dintingdale,uncertain,0.2,1,Dintingdale,D,Dintingdale. pag. 1311. col. 1. lin. 38.
Dinuhoc Castle in Cornwall,place,0.95,1,Dinuhoc Castle in Cornwall,D,Dinuhoc Castle in Cornwall. 128.
Dioclesanus,uncertain,0.45,1,Dioclesanus,D,"Dioclesanus and Maximianus, fellowes in the gouernment of the Empire. 83.16."
Dioclesian,uncertain,0.45,1,Dioclesian,D,"Dioclesian persecuteth ye Christians in Britaine, and all other places of the world. 75.30."
Dioclesianus,uncertain,0.2,1,Dioclesianus,D,Dioclesianus mistaken for Danaus. 6.110.
Diocleslanus,uncertain,0.2,1,Diocleslanus,D,"Diocleslanus and Herculeus Maximianus, renounce the rule of the Empyre. 89.34."
Diodorus Siculus,person,0.85,1,Diodorus Siculus,D,Diodorus Siculus cited. 3.18 & .3.86. & .4.7. & .5.10.
Dion C<?>sues,person,0.85,1,Dion C<?>sues,D,Dion C<?>sues cited. 48.61. & .80.19.
Dionethus,person,0.94,1,Dionethus,D,"Dionethus, Duke of Cornwal, and gouernour of Brytaine. 95.88."
Dionoth,person,0.8,1,Dionoth,D,Dionoth Abbot of Bangor Monasterie. 151.44.
Dyorth battaile,place,0.97,1,Dyorth battaile,D,Dyorth battaile fought by the Saxons against ye Britaines 142.110.
Diouionensis,person,0.85,1,Diouionensis,D,Diouionensis cited. 137.71.
Disarde Castle,place,0.86,1,Disarde Castle,D,Disarde Castle taken and destroyed. 762.114.
Discent,uncertain,0.45,1,Discent,D,Discent of the Saxons in Brytaine. 113.27.
Discription of Edward,person,0.9,1,Discription of Edward,D,Discription of Edward the .iiii. three Concubins. pag. 1375 col. 2 lin. 30.
Discription of Lord Hastinges,person,0.88,1,Discription of Lord Hastinges,D,Discription of Lord Hastinges. pag. 1374. col. 1. lin. 35.
Disorder,place,0.84,1,Disorder,D,Disorder in the French campe at Tressy. 933.16. a.
Dyuclyue citie,place,0.95,1,Dyuclyue citie,D,Dyuclyue citie committed to the keeping of Hugh Lacy. 450.21.
Diue William,person,0.97,1,Diue William,D,"Diue William, Constable to Robert, Earle of Leycester. 436.33."
Diuma,uncertain,0.36,1,Diuma,D,"Diuma, first Christian Byshop in the kingdome of Mercia. 170.18."
Dogges hauen,place,0.95,1,Dogges hauen,D,Dogges hauen neare to Douer 415.66.
Doll castle,place,0.97,1,Doll castle,D,Doll castle in Britaine besieged 309.37.
Doll castle towne,place,0.93,1,Doll castle towne,D,Doll castle towne fortified by the Barons. 510.25
Dole citie,place,0.97,1,Dole citie,D,Dole citie and castle in Britain wonne by kyng Henry the second. 429.50
Dolphin,person,0.73,1,Dolphin,D,Dolphin fishe taken at London bridge. 1079.20. b.
Dolp<?>ine,person,0.81,1,Dolp<?>ine,D,Dolp<?>ine called king of Berry. pag. 1213. col. 2. lin. 50
Domitianus,person,0.84,2,Domitianus,D,Domitianus enuyeth the prosperous successe of Agricola in Britaine. 73.49
Domitianus Nero Emperour of Rome,person,0.9,1,Domitianus Nero Emperour of Rome,D,Domitianus Nero Emperour of Rome. 59.47
Donaus,person,0.82,1,Donaus,D,Donaus daughters slaye theyr husbandes on the first nyght of the wedding. 7.72.
Doncaster,uncertain,0.2,1,Doncaster,D,Doncaster. pag. 1315. col. 1. lin. 44. pag. 1329. col. 1. lin. 12.
Donebant,uncertain,0.2,1,Donebant,D,"Donebant, tooke Dunwallo."
Donwald,person,0.95,1,Donwald,D,Donwald king of Scottes sendeth Corman a learned clerk into England. 167.77
Dorcetshyre,place,0.91,1,Dorcetshyre,D,"Dorcetshyre spoyled, and wasted by the Danes. 241.46. and. 252.10."
Dorchester,uncertain,0.45,1,Dorchester,D,Dorchester ordeyned a Bishops See. 169.15
Douer Abbey,place,0.97,1,Douer Abbey,D,Douer Abbey. 393.78.
Douer castle,place,0.93,8,Douer Castle | Douer castle,D,Douer castle confirmed to Philip Earle of Flaunders. 427 13.
Dowglas Archimbald,person,0.97,3,Dowglas Archimbald,D,"Dowglas Archimbald Earle of Angus, hath a thousande markes of yearely fed of king Henry the eight, and returneth into Scotland. 1589.36."
Dowglas Margaret,person,0.97,2,Dowglas Margaret,D,"Dowglas Margaret daughter to the Scottish queene, commytted to the Tower, for marying the Lord Thomas Howard. 1565.2."
Dowyll Walter,person,0.97,1,Dowyll Walter,D,Dowyll Walter. pag. 1714. col. 2. lin. 12.
Drayton,uncertain,0.45,1,Drayton,D,Drayton in Shropshire. pag. 1295. col. 2. lin. 5.
Drax Castle,place,0.97,1,Drax Castle,D,Drax Castle wonne. 393.23
Dreme of King Richard,person,0.97,1,Dreme of King Richard,D,Dreme of King Richard the .iii. pag. 1417. col. 1. lin. 1.
Dreur,place,0.81,1,Dreur,D,Dreur besieged and yeelded to the Englishe. pag. 1213. col. 2. lin. 9.
Drincouer,place,0.82,1,Drincouer,D,"Drincouer, otherwise called Newcastle, besieged & won. 429.30."
Drommond,uncertain,0.2,1,Drommond,D,"Drommond, a great ship of the Sarasins, chased and vowged by the Englishmen. 494.15."
Drues,uncertain,0.2,1,Drues,D,Drues aucthor of the Philosophers called Druides. 3.48.
Druides,place,0.74,9,Druides,D,Druides in the Ile of Anglesey against the Romanes. 59.101.
Druis,uncertain,0.45,1,Druis,D,"Druis or Dryus, established king of Celtica. 3.36."
Drury William,person,0.95,1,Drury William,D,"Drury William Marshal of the towne of Barwicke and also of the armie conducted into Scotland by Sussex is made knight. 1846.44. is ordeyned Generall of an army into Scotland. 1846. eftsons Generall of a power into Scotland, where he besiegeth the castle of Edenborough. 1866.50. winneth it. 1868.30."
Dubley Ambrose,person,0.97,1,Dubley Ambrose,D,"Dubley Ambrose Lord attaynted. 1723 51. is pardoned, and set at libertie. 1763.18. Earle of Warwicke, and general of the power sent vnto Normandie and Newhauen. 1817.47. his wise valiant demeanor in that iourney. ibidem. and many leaues folowing. &c. is chosen knight of the Garter. 1826.35. is Generall ioyntly with the Lord Admirall of an armye sent into the North agaynst the rebels. 1840.36"
Dublin,place,0.9,1,Dublin,D,"Dublin, chiefest Citie of al Ireland. 420.50."
Dublin citie in Ireland,place,0.91,2,Dublin Citie in Ireland | Dublin citie in Ireland,D,"Dublin Citie in Ireland, subiect to king Edgar. 235.27."
Dublyn in Ireland,uncertain,0.45,1,Dublyn in Ireland,D,Dublyn in Ireland ordeined an Archbyshoprick. 386.31.
Dubright,uncertain,0.2,1,Dubright,D,"Dubright, looke Dubritius."
Dubritius,uncertain,0.45,1,Dubritius,D,"Dubritius, or Dubright, first bishop of Lãdaffe. 137.103"
Duches of Burbon,person,0.97,1,Duches of Burbon,B,Duches of Burbon taken prisoner. 979.20. a
Duches of Burgoigne,person,0.97,1,Duches of Burgoigne,D,Duches of Burgoigne her appeale. pag. 1211. col. 1. lin. 9.
Duches of Yorke,person,0.97,1,Duches of Yorke,D,Duches of Yorke. pag. 1378. col. 1. lin. 9.
Duchie of Normandie,uncertain,0.45,1,Duchie of Normandie,D,Duchie of Normandie engaged to kyng William Rufus for money. 327.63
Dudda,person,0.9,1,Dudda,D,Dudda a Captaine slayne. 204.64.
Dudley castle,uncertain,0.45,1,Dudley castle,D,Dudley castle. 371.21
Dudley Edmond,person,0.95,1,Dudley Edmond,D,"Dudley Edmond master and Surueior of the forfaytures, 1458.159. a good Lawyer, and writeth a booke, called Arbor Reipublicae. 1463.20 attainted. 1466.30. beheaded. 1468.20"
Dudley Guilford,person,0.93,1,Dudley Guilford,D,Dudley Guilford maryed vnto the Ladie Iane Gray. 1714. 26. is committed to the rowre. 1720.21. is atteinted 1723.50. is beheaded. 1732.30.
Dudley Henry,person,0.96,1,Dudley Henry,D,"Dudley Henry Lord attainted. 1723.52. is pardoned, and set at libertie. 1763.18. is slaine. 1769.46"
Dudley Iohn,person,0.96,2,Dudley Iohn,D,"Dudley Iohn Earle of Warwicke, eldest sonne of Iohn duke of Northumberlande, is attainted. 1721.26"
Dudley Robert,person,0.89,1,Dudley Robert,D,"Dudley Robert Lord committed to the Tower. 1720.7. is set at libertie. 1763.19. is master of the Ordinance in the iourney of saint Auinties. 1767.30. Earle of Leycester, and chosen knyght of the order of S. Michaell. 1836 13."
Duffield Castle,place,0.95,1,Duffield Castle,D,"Duffield Castle, deliuered to K. Henry the second. 436.32."
Duffuall,uncertain,0.45,1,Duffuall,D,"Duffuall, a Welch King. 231.81."
Duke of Albany,person,0.86,1,Duke of Albany,D,Duke of Albany gouernour of Scotland. pag. 1132. col. 1. lin. 2
duke of Aubemerle,person,0.64,1,duke of Aubemerle,A,duke of Aubemerle arriueth in Ireland. 1104.23. b.
Duke of Aumerle,person,0.76,2,Duke of Aumerle,AD,Duke of Aumerle Constable of England. 1099.22. a
Duke of Bedford,person,0.61,1,Duke of Bedford,D,"Duke of Bedford Regent of France. pag. 1220. col. 1. lin. 31. maryeth the daughter of the Earle of S. Poll. pag. 1250. col. 1. lin. 7. died, and was buryed at Roan. pa. 1256. col. 1."
Duke of Britaine,uncertain,0.26,7,Duke of Britaine,BD,Duke of Britaine commeth into Englande for ayde. 993.40. b. disappoynted by truce 996.30. a. restored to hys Dukedome. 1013.56. a.
Duke of Burgoigne,person,0.66,1,Duke of Burgoigne,D,Duke of Burgoigne prepared to besiege Calays. pag. 1258 col. 2. lin. 26.
Duke of Burgondy,person,0.83,1,Duke of Burgondy,D,Duke of Burgondy murdered. pag. 1202. col. 1. lin. 6.
Duke of Clarence,uncertain,0.45,1,Duke of Clarence,D,Duke of Clarence sent to ayde the duke of Orliance. pag. 1160. col. 2. lin. 40.
Duke of Erceter,person,0.66,1,Duke of Erceter,D,Duke of Erceter gouernor to Henry the sixt. pag. 1220. col. 1. lin. 31.
Duke of Gelderland,person,0.91,1,Duke of Gelderland,G,Duke of Gelderland commeth into England. 1080.13. b.
Duke of Glocester,uncertain,0.45,1,Duke of Glocester,D,"Duke of Glocester Protector pag. 1220. col. 1. lin. 33. maryed Iaquet Countesse of Heinault, Holland, and Zeland. pag. 1226. col. 2. lin. 18 maried Elinor Cobham his paramour. pag. 1227. col. 1. lin. 26."
Duke of Gloucester,uncertain,0.45,1,Duke of Gloucester,G,Duke of Gloucester and hys confiderates ryse against the kyng. 1063.6. a.
Duke of Gloucesters,person,0.9,1,Duke of Gloucesters,G,Duke of Gloucesters iourney to Prutzen. 1079.7. a. made Duke of Ireland. 1082.25. b.
Duke of Hereforde,person,0.8,1,Duke of Hereforde,H,Duke of Hereforde accuseth the Duke of Norfolke. 1098 40. b. he is banished. 1101.7. b. is honorably entertained in Fraunce. 1101.47. b.
Duke of Yorke,uncertain,0.45,1,Duke of Yorke,D,"Duke of Yorke Regent of France. pag. 1256. col. 2. lin. 28. pag. 1264. col. 1. lin. 53. claymeth the Crown pag. 1282. col. 2. lin. 29. raiseth a power. lin. 55. submitteth hymselfe, and taketh an othe in Paules church. pag. 1283. col. 2. lin. 26."
Duke of Ireland,person,0.32,2,Duke of Ireland,I,Duke of Ireland deuorced fron his lawful wyfe. 1059.47. b.
Duke of Lancastar,person,0.72,2,Duke of Lancastar,L,Duke of Lancastar goeth into Aquitaine. 1085.24. a. the Gascoynes denye to obey him. 1085.5. b.
Duke of Lancaster,person,0.58,7,Duke of Lancaster,L,Duke of Lancaster created Duke of Aquitane. 1076.58. a. his creation reuoked. 1087.1. b.
Duke of Normandie,place,0.3,2,Duke of Normandie,N,Duke of Normandie commeth into Britayne with a power. 919.23. b.
Duke of Somerset,person,0.63,1,Duke of Somerset,D,Duke of Somerset Regent of Normandie. pag. 1271. col. 1. lin. 36.
Dulcinus,person,0.8,1,Dulcinus,D,Dulcinus sent into Britaine to Theodosius. 104.72
Dumbar Castle,place,0.95,1,Dumbar Castle,D,Dumbar Castle. 225.83
Dumber,place,0.92,2,Dumber,D,Dumber burnt. 1593.35
Dumber Castle,place,0.97,1,Dumber Castle,D,"Dumber Castle rendred to the Scottes, but sicne won agayne by the Englishe men. 820.8. b."
Dun Citiein Ireland,person,0.83,1,Dun Citiein Ireland,D,"Dun Citiein Ireland, taken by Iohn Lord Curcy. 448.10."
Duneane,person,0.8,1,Duneane,D,"Duneane a Scottish captaine, wasteth Kendall with an armie. 434.15."
Dunestor Castle,place,0.97,1,Dunestor Castle,D,Dunestor Castle. 368.77.
Dunfoader in Scotland,place,0.82,1,Dunfoader in Scotland,D,Dunfoader in Scotland. 225.68.
Dunnyngton Castle,place,0.86,1,Dunnyngton Castle,D,"Dunnyngton Castle taken, and rased to the ground by kyng Iohn. 595.41"
Dunmayles,uncertain,0.2,1,Dunmayles,D,"Dunmayles chyldren of Cumbarland apprehended, & their eyes put out. 228.8."
Dunstan,person,0.95,21,Dunstan,D,"Dunstan prophesieth of the leesing of ancient libertie in this realme., vnder king Egelredus. 238.1"
Dunstanborough Castle,place,0.95,1,Dunstanborough Castle,E,Dunstanborough Castle. pag. 1315. col. 1. lin. 36.
Dunstane,uncertain,0.45,1,Dunstane,D,"Dunstane, when argumentes fayle, obteyneth his wyll by workyng of myracles. 236 36."
Dunstans,place,0.8,2,Dunstans,D,Dunstans dreame of a Beare that would deuour him. 239 13.
Dunstans countrey,place,0.97,1,Dunstans countrey,D,Dunstans countrey and parentage. 238.73.
Dunwallo,person,0.89,1,Dunwallo,D,"Dunwallo mulmucius sonne to Cloten, getteth the Monarchie of all Britaine. 23.18."
Dunwalls,person,0.92,2,Dunwalls,D,"Dunwalls dyeth, and is buryed in the Temple of peace in London. 23.67"
Dunwich,place,0.97,1,Dunwich,D,"Dunwich besieged, & deliuered from the enemyes. 433.71"
Durbritius,person,0.81,1,Durbritius,D,Durbritius once bishop of Caerleon. 132.41
Durham,place,0.59,3,Durham,D,Durham besieged by Godfrey. 225.51.
Durham castle,place,0.95,1,Durham castle,D,Durham castle buylded. 307.76.
Durham Church,place,0.95,1,Durham Church,D,Durham Church buylded. 241 27.
Durham Colledge,place,0.88,1,Durham Colledge,D,Durham Colledge conuerted fron secular priests to monkes 312.60.
Durham Monasterie,place,0.95,1,Durham Monasterie,D,Durham Monasterie buylded. 307.116.
Dusnalde an Irish,person,0.96,1,Dusnalde an Irish,D,Dusnalde an Irish bishop. 328 26.
Dustan,person,0.93,1,Dustan,D,"Dustan reuoked, made Byshop of Worcester and of London. 232.7."
Eadbald,person,0.91,5,Eadbald,E,"Eadbald, King of Kent departeth this life. 169.42."
Eadbectus,uncertain,0.45,1,Eadbectus,E,"Eadbectus, one of the Byshops of the East Angles. 192.1."
Eadfride,person,0.92,1,Eadfride,E,"Eadfride, sonne to Edwine put to death. 163.62."
Eadhidus,person,0.46,2,Eadhidus,E,Eadhidus ordeyned Byshop of Lindesey. 182.16.
Eadsride,person,0.92,1,Eadsride,E,"Eadsride, sonne to Edwine baptised. 161.115."
Eadulfus,person,0.91,2,Eadulfus,E,Eadulfus Byshop of Dorchester. 195.12.
Eadwynes,uncertain,0.45,1,Eadwynes,E,"Eadwynes Cliue battayle, fought by King Molle<?>, agaynst Earle Oswin. 195.115."
Ealdbright,person,0.97,1,Ealdbright,E,"Ealdbright, King of South Saxons slayne. 187.109."
Ealhere,person,0.89,2,Ealhere,E,Ealhere slayne by the Danes. 207.30.
Earconbert,person,0.88,1,Earconbert,E,Earconbert succeedeth hys father Eadbald in ye kingdome of Kent. 169.44.
Eardulf,person,0.77,1,Eardulf,E,"Eardulf Duke, taken, wounded and recouered. 201.24."
Earle of Albemarle,person,0.65,1,Earle of Albemarle,E,Earle of Albemarle obtayneth peace with the king. 618.77
Earle of Arũdel,person,0.73,1,Earle of Arũdel,E,Earle of Arũdel slaine in france pag. 1253. col. 2. lin. 8.
Earle of Artois,person,0.79,1,Earle of Artois,A,Earle of Artois discomfiteth Thenglishmen in Gascoine. 816.43. a.
Earle of Arundel,person,0.74,1,Earle of Arundel,E,Earle of Arundel chiefe Butlar of England. 1120. col. 2. lin. 23.
Earle of Athol,person,0.86,2,Earle of Athol,A,Earle of Athol slayne. 898.40. b.
Earle of Bolongne,person,0.93,1,Earle of Bolongne,E,"Earle of Bolongne commeth with a great fleete of shippes to inuade England, and is repulsed. 410.56."
Earle of Deuonshyre,person,0.7,1,Earle of Deuonshyre,E,Earle of Deuonshyre beheaded. pag. 1312. col. 1. lin. 48.
Earle of Flaunders,uncertain,0.45,1,Earle of Flaunders,E,Earle of Flaunders feasteth K. Edward the third. 912.20. b.
Earle of Flãders,person,0.75,1,Earle of Flãders,F,Earle of Flãders arested. 817. 6. a. fleeth into France. 903.20. a.
Earle of Guisnes landes,place,0.63,1,Earle of Guisnes landes,E,Earle of Guisnes landes wasted by King Iohns Souldiers. 584.6.
Earle of Hare,person,0.93,1,Earle of Hare,H,Earle of Hare court slayne at Cressy. 934.32. b.
Earle of Huntington Dauid,person,0.81,2,Earle of Huntington Dauid,E,Earle of Huntington Dauid sent into Scotland. 543.7.
Earle of Lancastar,person,0.75,1,Earle of Lancastar,L,Earle of Lancastar sent into Gascoine. 815.31. b. putteth the French men to flyght. 815.50. b. dyeth at Bayon. 816.27. a.
Earle of Leiceser,person,0.9,1,Earle of Leiceser,L,Earle of Leiceser aydeth the Queene. 877.55 b.
Earle of Lile,person,0.35,2,Earle of Lile,L,Earle of Lile taken prisoner. 927.7. b.
Earle of Lincolne,uncertain,0.45,2,Earle of Lincolne,E,Earle of Lincolne proclaymed heere appacant to ye Crowne of England. pag. 1406. col. 2. lin. 52.
Earle of March,person,0.61,1,Earle of March,M,Earle of March dieth in France. 967.12. b.
Earle of Murrey,person,0.9,1,Earle of Murrey,M,Earle of Murrey taken prisoner. 898.20. b.
Earle of Namur,person,0.87,1,Earle of Namur,N,Earle of Namur taken by the Scots. 898.50. a
Earle of Northumberland,uncertain,0.45,1,Earle of Northumberland,E,Earle of Northumberland high Constable. 1119. col. 2. lin. 17.
Earle of Northumberlande,person,0.61,1,Earle of Northumberlande,E,Earle of Northumberlande slayne at Shaxton field. pag. 1312.1.36.
Earle of Oxford,uncertain,0.45,2,Earle of Oxford,EO,Earle of Oxford and Awbrey Veer executed.pag. 1313. col. 1. lin. 20.
Earle of Pearche,person,0.89,1,Earle of Pearche,E,"Earle of Pearche a French man slaine at Lincolne, 613 81."
Earle of Pembrooke,person,0.85,1,Earle of Pembrooke,E,Earle of Pembrooke vseth diligence to set the realme at libertie from the Frenchmen. 615.20.
Earle of Penbroke,person,0.75,3,Earle of Penbroke | Earle of Penbrooke,EP,Earle of Penbrooke appeaseth rebellion. 616 91
Earle of Rendal,person,0.74,1,Earle of Rendal,E,Earle of Rendal. pag. 1272. col. 1. lin. 21. 29. pag. 1284. col. 2. lin. 58. pag. 1285. col. 2. lin. 1. page. 1298. col. 2. lin. 46.
Earle of Rutland,person,0.68,1,Earle of Rutland,E,Earle of Rutland slayne. pag. 1304. col. 1. lin. 16.
Earle of Salisburie,person,0.73,1,Earle of Salisburie,E,Earle of Salisburie with hys armie inuadeth the coũtreys about London. 596.18.
Earle of Shorwsburye,person,0.74,1,Earle of Shorwsburye,E,Earle of Shorwsburye. pag. 1415. col. 1. lin. 19.
Earle of Tankeruile,person,0.84,1,Earle of Tankeruile,T,Earle of Tankeruile taken prisoner at Caen. 930 55. a.
Earle of Tholouze,person,0.64,1,Earle of Tholouze,E,"Earle of Tholouze commeth in to England, and rendreth the Citie of Tholouze to Kyng Iohn. 582.55."
Earle of Warwicke,place,0.32,2,Earle of Warwicke,E,Earle of Warwicke Panter at Coronation. 1119. col. 2. lin 44.
Earle of Westmerland,person,0.7,2,Earle of Westmerland,E,Earle of Westmerland slaine at Saxton. pag. 1312. col. 1 lin. 36.
Earledome of Kent,place,0.76,1,Earledome of Kent,E,Earledome of Kent yeelded vp to King William. 292.36.
Earles of Lancastar,person,0.67,1,Earles of Lancastar,L,Earles of Lancastar and Lincolne disconfited. 810.27. b.
Earles of Salisburie,person,0.74,1,Earles of Salisburie,S,Earles of Salisburie and Suffolke taken prisoners at Lile. 908.3. b
Earth,uncertain,0.2,1,Earth,E,Earth strongly mooued by an earthquake at Oxenhale. 452.15.
Eartongatha,person,0.95,1,Eartongatha,E,"Eartongatha daughter to Earcopbert, professed a Nunne. 169.55."
East,place,0.89,2,East,E,East Angles submit themselues to the West Saxons. 203.65.
East Saxons,place,0.95,1,East Saxons,E,East Saxons eftsoones receiue the Christian fayth. 173.63.
Eastangles,group,0.85,1,Eastangles,E,Eastangles possessed by the Saxons. 131.24.
Easter,uncertain,0.2,1,Easter,E,"Easter, with the weeke before and after, commaunded to be kept holy. 91.94."
Easterford battaile,place,0.95,1,Easterford battaile,E,"Easterford battaile, fought by certein Northumber rebels against K. Edredus. 229.65"
Eata,person,0.74,1,Eata,E,"Eata, ordeyned Byshop of Lindesferne. 182.15."
Eata Riuer,place,0.95,1,Eata Riuer,E,Eata Riuer. 398.20.
Eaton Colledge,place,0.95,1,Eaton Colledge,E,Eaton Colledge. pag. 1344. col. 1. lin. 53.
Eaubald,person,0.91,1,Eaubald,E,"Eaubald, Archbyshop of Yorke 198.70."
Eaufride,person,0.69,4,Eaufride,E,"Eaufride with all his armie, slayne by Cadwallo. 164.63."
Eausled,person,0.97,1,Eausled,E,"Eausled, mother to Elfled departeth this lyfe. 176.3."
Ebrancke,person,0.94,1,Ebrancke,E,"Ebrancke sonne to Mempricius, begynneth to raigne ouer Britaine. 17.94"
Ebranke,person,0.93,3,Ebranke,E,"Ebranke dyeth, and is buryed at Yorke. 18.22"
Ebrankes,person,0.85,2,Ebrankes,E,"Ebrankes sonnes, vnder conduct of Affaracus, one of their eldest brethren, inuade Germanie. 18.3"
Ebusa,uncertain,0.45,2,Ebusa,E,Ebusa and Occa sent for to come into Britaine. 114.13.
E<?>ceter,place,0.89,1,E<?>ceter,E,E<?>ceter besieged by humfry Arundel and his adherentes. 1649.37.
Ecgbert,person,0.84,3,Ecgbert,E,Ecgbert departeth this lyfe. 219.24.
Ecgfride,person,0.95,7,Ecgfride,E,Ecgfride succeedeth his father Oswy in the kyngdome of Northumberland. 179.77
Ecguine,person,0.91,1,Ecguine,E,Ecguine bishop of Worcester. 190.43.
Ecclesall in Stafford shyre,uncertain,0.2,1,Ecclesall in Stafford shyre,E,"Ecclesall in Stafford shyre, pa. 1295. col. 1. lin. 21."
Eclipse,place,0.81,1,Eclipse,E,Eclipse of the Sunne. 893.7. b.
Edan,person,0.47,2,Edan,E,"Edan King of Scots, cometh against Edelfers with an armie. 153.35."
Edanton battaile,place,0.97,1,Edanton battaile,E,Edanton battaile fought by the Englishe men againste the Danes. 214.84.
Edbert,person,0.82,4,Edbert,E,"Edbert set at libertie, and restored. 200.108."
Edburge,uncertain,0.2,1,Edburge,E,"Edburge, a Nunne. 223.26."
Edelbert,person,0.91,1,Edelbert,E,"Edelbert, Byshop of Whicerne 199.2."
Edelburgh,place,0.6,1,Edelburgh,E,Edelburgh professed a Nonne in Fraunce. 169.67
Edelfert,person,0.4,2,Edelfert,E,"Edelfert, or Edelfride summed the wyld, succeedeth Ethelricus in the kingdome of Northumberland. 10 145"
Edelhere,person,0.91,1,Edelhere,E,Edelhere slaine by Oswy. 172 60. and .175.67.
Edelinsey Ile,place,0.97,1,Edelinsey Ile,E,"Edelinsey Ile, and why so called. 214.10"
Edelred,person,0.81,1,Edelred,E,Edelred succeedeth Lambert in the Archbyshopricke of Cantorbury. 202.76.
Edelwald,person,0.61,1,Edelwald,E,Edelwald succeedeth Edelhere in the kingdome of east Angles. 177.2
Edelwin,person,0.89,3,Edelwin | Edelwyn,E,Edelwin slayeth Oswin. 170.60.
Eden Riuer,place,0.95,1,Eden Riuer,E,Eden Riuer. 433.112.
Edenborough Abbey,place,0.97,1,Edenborough Abbey,E,"Edenborough Abbey, in Scotland buylded. 208.22."
Edenborough Castle,place,0.97,1,Edenborough Castle,E,Edenborough Castle besieged 1866. wonne. 1868.30.
Edenbrugh,place,0.97,1,Edenbrugh,E,Edenbrugh why so called. 18.14.
Edenbrugh Castle,place,0.93,3,Edenbrugh Castle | Edenbrugh castle,E,Edenbrugh castle yeelded. 821 10. b. 901. 44. a.
Edenburgh,person,0.8,1,Edenburgh,E,Edenburgh taken and burute. 1593.40.
Ederick de Streona,person,0.84,1,Ederick de Streona,E,Ederick de Streona trayterously fleeth to the Danes. 252.18.
Edessa,place,0.84,1,Edessa,E,"Edessa, a Citie in Mesopotamia. 81.41."
Edethere,person,0.91,1,Edethere,E,Edethere succeedeth his brother Anna in the kingdome of east Angles. 172.59
Edeulf,person,0.91,1,Edeulf,E,Edeulf bishop of Faron. 199 14.
Edgar,person,0.94,14,Edgar,E,"Edgar wynes, and issue. 235 5."
Edgar Edeling,person,0.96,14,Edgar Edeling,E,"Edgar Edeling, submitteth himselfe to king William. 291.58."
Edgecombe Richard,person,0.97,1,Edgecombe Richard,E,Edgecombe Richard Knight Ambassadour into Fraunce. 1433.10.
Edgecomle Peter,person,0.97,1,Edgecomle Peter,E,"Edgecomle Peter, 1450.45."
Edgina,person,0.97,4,Edgina,E,"Edgina daughter to King Edward, maryed to Otho the Emperour. 223.20."
"Edgina, Abdesse of Leoffe Monasterie",person,0.61,1,"Edgina, Abdesse of Leoffe Monasterie",E,"Edgina, Abdesse of Leoffe Monasterie. 270.12"
Edginaes,uncertain,0.2,1,Edginaes,E,"Edginaes dreame, and the effect therof. 222.98"
Edgita,person,0.97,1,Edgita,E,"Edgita daughter to king Egelredus, maried to earle Edricus. 244.57"
Edhirick,uncertain,0.45,1,Edhirick,E,"Edhirick or Erick a Dane, succeedeth Gurthrun in the kingdome of the East Angles. 219 11."
Edilred,uncertain,0.45,1,Edilred,E,Edilred and Ecg<?>eid made friendes. 182.102.
Edilwald,person,0.85,3,Edilwald,E,"Edilwald aydeth Penda, against his Vncle Oswye. 175.61."
Edilwalke,person,0.94,1,Edilwalke,E,"Edilwalke slayne, and his armie discomfited by Ceadwalla. 184.31."
Edilwold,person,0.5,1,Edilwold,E,"Edilwold, looke Molle."
Ediricke de Streona,uncertain,0.2,1,Ediricke de Streona,E,Ediricke de Streona. 251.54
Editah,person,0.97,1,Editah,E,"Editah, daughter to king Edward, borne. 222.113."
Edith,person,0.97,1,Edith,E,"Edith, sister to king Ethelwolfus, professed a Nunne. 208.5."
Editha,person,0.97,9,Editha,E,"Editha, daughter to king Edward, borne. 297.14."
Edlingsey Abbey,place,0.95,1,Edlingsey Abbey,E,Edlingsey Abbey buylded. 217.52.
Edmerus,person,0.88,6,Edmerus,E,Edmerus cited. 282.110.283.37.
Edmetus,uncertain,0.45,1,Edmetus,E,"Edmetus, disciple to Ansoline and in what tyme he lyued. 3.57.42."
Edmond,person,0.97,34,Edmond,E,Edmond Duke of Yorke lieutenant of England. 1103.51. a.
Edmond Courney,person,0.97,1,Edmond Courney,E,"Edmond Courney knight, and Peter his brother byshop of Exceter rayse an armie agaynst king Richarde the thyrd. pag. 1401. col. 2. lin. 50."
Edmond Shaa,person,0.97,1,Edmond Shaa,E,Edmond Shaa Maior of London. pag. 1363. col. 2. lin. 27 pag. 1376. col. 2.50.
Edmonde,person,0.97,2,Edmonde,EW,Edmonde of woodstocke borne. 836.22. a. Earle of Kent. 861.3. b. is condemned of Treason. 892 23. b. beheaded. 893.20. a
Edmondes,person,0.86,1,Edmondes,E,Edmondes death signified before hand to Dunstan. 228.91.
Edmondes Lawes,person,0.84,1,Edmondes Lawes,E,"Edmondes Lawes founde, and translated into Latine. 228 50."
Edmund,person,0.97,2,Edmund,CM,Edmund Mortimer Earle of March dyeth. 1038.12. b
Edmund Erle of Cornwal,person,0.97,1,Edmund Erle of Cornwal,C,Edmund Erle of Cornwal dieth. 836.16. a
Edmund of Langley,person,0.97,2,Edmund of Langley,L,Edmund of Langley son to Edward the thyrd borne. 916.54. b.
Edoll,person,0.9,2,Edoll,E,"Edoll, taketh Hengist prisoner, as he was fleeing. 122."
Edredus,person,0.97,2,Edredus,E,"Edredus departeth this lyfe, & is buryed at Winchester. 230.19."
Edrick,person,0.79,3,Edrick,E,"Edrick, Nephew to Lothorer 186.23."
Edrick de Streona,person,0.82,4,Edrick de Streona,E,Edrick de Streona put to deth for treason. 260.4.
Edrick de Streonas,person,0.82,1,Edrick de Streonas,E,"Edrick de Streonas treason, to difromfite the Englishmen. 254.51."
Edricke de Streona,uncertain,0.45,1,Edricke de Streona,E,"Edricke de Streona, procurer of kyng Edmondes death, put to death also. 258.22"
Edricus,person,0.97,2,Edricus,E,"Edricus maryeth Edgita, daughter to King Egelredus. 244.56."
Edrieus,person,0.82,1,Edrieus,E,"Edrieus sent with an army, betraieth them vnto the Danes 243.51."
Edrodus,person,0.97,1,Edrodus,E,"Edrodus brother to Edmond, begynneth his reigne ouer the Realme of England. 229 20."
Edsinus,person,0.91,1,Edsinus,E,"Edsinus, Archbyshop of Cantorburie. 268.53."
Eduke Silu<?>ticus,person,0.87,1,Eduke Silu<?>ticus,E,"Eduke Silu<?>ticus, rebelleth aginst King William. 297.14."
Edulfe,person,0.96,1,Edulfe,E,"Edulfe, ordeined Byshop of Kirton. 223.58"
Edurus,uncertain,0.2,1,Edurus,E,"Edurus, looke Cridiorus."
Edward,person,0.96,56,Edward,BEHR,"Edward Earle of Rutland, created Duke of Aubemarle. 1097.30. b."
Edward Bailol,person,0.97,1,Edward Bailol,B,Edward Bailol commeth into England. 895.36. a. is crowned king of Scotland. 895.20. b. chased thence. ibidem. obteyneth Scotland by helpe of king Edward the third. 896.50. a. doth homage to him. 896.50. b.
Edward Balliol,person,0.97,1,Edward Balliol,B,Edward Balliol resigneth hys right of Scotland to kyng Edward the third. 955.6. a.
Edward Plantagenet,person,0.97,2,Edward Plantagenet,P,Edward Plantagenet created Earle of Rutland. 1050.8. b.
Edward Winaduile,person,0.97,1,Edward Winaduile,E,Edward Winaduile knight. pa. 1352. col. 2. lin. 36.
Edward Wooduile,person,0.97,2,Edward Wooduile,E,Edward Wooduile and Edward Poinings valiant Esquiers of Englande. pag. 408. col. 2. lin. 50.
Edwarde,person,0.94,3,Edwarde,E,"Edwarde and Edwyn sonnes to king Edmond, banished the land. 259.26"
Edwardes,person,0.96,4,Edwardes,E,Edwardes body translated fron Warham to Shatesburye. 237.39.
Edwyn,person,0.96,19,Edwin | Edwyn,E,"Edwin, sonne to Alla, banished by Ethelferd. 154.83."
Edwine,person,0.92,7,Edwine | Edwyne,E,Edwyne bringeth the West Saxons vnder his subiection. 159.112.
Edwine lands,person,0.66,1,Edwine lands,E,Edwine lands giuen to Alane Earle of Britaine. 301.44.
Edwines,person,0.94,2,Edwines,E,Edwines death conspired by Ethelferd & Redwald. 160.31.
Egbert,person,0.95,20,Egbert,E,"Egbert Archbishop of Yorke, departeth this life. 199.24."
Egbertes,uncertain,0.45,1,Egbertes,E,Egbertes armie for the more part lost and destroyed. 194.66.
Egditha,person,0.97,1,Egditha,E,"Egditha daughter to king Edward, married to Charles Simplex, king of France. 223.10."
Egelaw heath,place,0.97,1,Egelaw heath,E,Egelaw heath in the west parts 392.6
Egelfrida,person,0.96,1,Egelfrida,E,Egelfrida first wife to king Edgar. 235.5
Egelũm,person,0.84,1,Egelũm,E,"Egelũm, and Archbishop Stigand, Captaynes of the Kentishmen, against king William. 292.43."
Egelredus,person,0.96,19,Egelredus,E,Egelredus succeedeth his brother Edward in the kingdone of England. 237.68
Egelson,person,0.91,1,Egelson,E,"Egelson, Abbot of Saint Augustines nigh Cantorburie. 292.19."
Egelwine,person,0.91,1,Egelwine,E,Egelwine Abbot of Euesham. 308.31.
Egelwynus,person,0.55,3,Egelwinus | Egelwynus,E,Egelwinus bishop of Durham fleeth into holy Iland. 302.55.
Egerledus,person,0.86,1,Egerledus,E,"Egerledus sendeth ambassadors & money to the Danes, to abstayne from cruel wasting of the countrey. 245.93."
Egfride,person,0.85,3,Egfride,E,Egfride shortly taken out of this life. 195.93
Egilbert,person,0.97,1,Egilbert,E,"Egilbert king of east Angles, slaine by treason. 194.102"
Egiptus,person,0.81,2,Egiptus,E,Egiptus fifty sonnes marrye Danus fifty daugters. 7.64.
Eglesdon,place,0.88,1,Eglesdon,E,"Eglesdon, now called Saint Edmundesburie. 211.37."
Eglesdon Monasterie,place,0.87,1,Eglesdon Monasterie,E,Eglesdon Monasterie builded. 211.33.
Egletighston,uncertain,0.2,1,Egletighston,E,Egletighston. 214.83
Egremont Iohn,person,0.97,1,Egremont Iohn,E,Egremont Iohn Knight Captain of rebels. 1434.50. fleeth into Flaunders. 1435.24.
Egricus,person,0.73,2,Egricus,E,"Egricus and Sigibert slaine, and their army discomfited by Penda. 172.28"
Egwine,person,0.59,3,Egwine,E,"Egwine warned in a vision, to set vp an Image. 189.32."
Eylmer,person,0.81,1,Eylmer,E,"Eylmer, a Monke of Malmesburie. 280.41."
Eirine,person,0.81,1,Eirine,E,Eirine emperor. 202.111
Eiruie Abbey,place,0.95,1,Eiruie Abbey,E,Eiruie Abbey. 192.105
Eistan,person,0.85,1,Eistan,E,Eistan Duke seeth the Deuyl with Dunstan. 228.107
Eistanes,uncertain,0.2,1,Eistanes,E,"Eistanes dreame, and the interpretation therof. 229.1"
Ella,person,0.96,12,Ella,E,"Ella sonne to Ida, succeedeth his father suche kingdome of Northumberland. 142.86."
Elanius,person,0.94,1,Elanius,E,"Elanius sonne of Kimarus, begynneth to rule ouer the Britaines. 29.65"
Eldade,person,0.91,1,Eldade,E,"Eldade, Byshop of Colchester. 123.1."
Eldest,person,0.9,1,Eldest,E,"Eldest sonnes of the kynges of Englande, alwayes made Dukes of Normandy. 353.8."
Eldred,person,0.91,2,Eldred,E,"Eldred Duke maryeth Ethe<?>fleda, daughter to king Alured. 215.68"
Eleanor,person,0.97,8,Eleanor,E,"Eleanor Queene, mother to K. Iohn, trauayleth to procure the English people to receiue their othe of allegiance, to be true to the kyng. 542.50."
Element,uncertain,0.44,1,Element,E,Element appeareth of a ruddie burning colour. 516.9.
Elenor,person,0.97,2,Elenor,E,Elenor Queene dyeth with sorow. 559.52
Elleo,person,0.93,1,Elleo,E,Elleo King Oswyes daughter professed a Nunne. 175.78.
Ellerker Raufe,person,0.97,1,Ellerker Raufe,E,Ellerker Raufe knight. 1448.49.
Elles,place,0.89,1,Elles,E,"Elles croft in Yorkeshyre, and why so called. 211.74."
Eleuthenus,person,0.8,1,Eleuthenus,E,Eleuthenus sent into England 171.82.
Eleutherius,person,0.95,1,Eleutherius,E,"Eleutherius Bishop of Rome, sendeth godly learned men into Britaine. 74.76."
Elfheagus,person,0.91,1,Elfheagus,E,"Elfheagus, Byshop of Winchester. 238 115."
Elfled,person,0.97,1,Elfled,E,Elfled dyeth. 176.1.
Elfleda,person,0.82,1,Elfleda,E,"Elfleda, or Elfrida, first wyfe to King Edward. 223.3."
Elgina,person,0.96,3,Elgina,E,"Elgina, or Ethelginu daughter to earle Egbert, maried to king Egelredus. 238.50"
Ely Abbey,place,0.7,1,Ely Abbey,E,Ely Abbey builded. 234.20
Ely church,place,0.73,1,Ely church,E,"Ely church founded, and dedicated. 729.60"
Ely Ile,place,0.71,1,Ely Ile,E,"Ely Ile, wherof so named. 33.60."
Ely Monasterie,place,0.65,1,Ely Monasterie,E,Ely Monasterie restored. 185.72.
Elianor,person,0.97,4,Elianor,E,"Elianor, daughter to k. Henrie the second borne 401.70."
Elianor Cobham,person,0.97,1,Elianor Cobham,E,Elianor Cobham maryed to Humfrey Duke of Gloc. pag. 1227. col. 1. lin. 26. accused of treason pag. 1268. col. 1. lin. 42. doth penauace. ead. lin. 48.
Elidurus,person,0.36,6,Elidurus,E,Elidurus againe restored to the kingdome of Britaine. 31 81.
Eliendone battaile,place,0.87,1,Eliendone battaile,E,"Eliendone battaile fought by Egbert, kyng of west Saxnus, agaynst Bernulfe kyng of Mercia. 203.36."
Elienor,person,0.68,4,Elienor,E,Elienor Queene set at libertie by her sonne kyng Richard the first. 474.55
Elinor Duches of Guyen,person,0.88,1,Elinor Duches of Guyen,E,"Elinor Duches of Guyen, marryed to Henry Fitzempresse. 384.60."
Elinor Mountfort,person,0.85,1,Elinor Mountfort,M,Elinor Mountfort taken prisoner. 786.13. b
Eliot Thomas,person,0.97,1,Eliot Thomas,E,Eliot Thomas cited. 2.96.
Eliunge,uncertain,0.45,1,Eliunge,E,"Eliunge or Essenge, Prince of Norway. 23.100."
Elizabeth,person,0.96,9,Elizabeth,E,"Elizabeth Queene of Castill, dyeth. 1459.49."
Elizabeth Lucy,person,0.97,1,Elizabeth Lucy,E,Elizabeth Lucy. pag. 1378. col. 2. lin. 51.
Elnothus,person,0.95,1,Elnothus,E,"Elnothus Archbishop of Cantorbury, refuseth to crowne king Hardecnute. 263.63"
Elphegus,person,0.58,3,Elphegus,E,Elphegus Archbishop of Cantorbury taken by the Danes. 246.8.
Elsasse,person,0.81,1,Elsasse,E,Elsasse Theodoricke earle of Flaunders. 377.72
Elswen,person,0.5,1,Elswen,E,"Elswen, looke Alfwen."
Eltwold,person,0.61,1,Eltwold,E,Eltwold succeedeth Aldulte in the kingdome of east Angles. 190.52.
Eluane,uncertain,0.2,1,Eluane,E,"Eluane and Meduin, two learned Britaines, sent to Rome. 74.71."
Emma,person,0.94,12,Emma,E,"Emma purgeth her selfe of incontinencie, by the law Ordalium. 269.64"
Emperor Otho,person,0.97,1,Emperor Otho,E,Emperor Otho sendeth into England to k. Iohn 564.31
Emperour of Constantinople,person,0.95,2,Emperour of Constantinople,E,Emperour of Constantinople commeth into England. 652.58.
Emperour Otho,person,0.97,1,Emperour Otho,E,Emperour Otho aydeth Kyng Iohn. 585.40. he is vanquished by the Frenche Kyng. 586.1.
Emperour Sigismond,person,0.94,1,Emperour Sigismond,E,Emperour Sigismond came into Englande. pag. 1183. col. 2. lin. 57. in league wyth Henry the fift. pag. 1185. col. 1. lin. 38.
Empire,place,0.95,1,Empire,E,Empire deuided between Constantius and Maximianus. 89.36.
Empsian Thomas,person,0.97,1,Empsian Thomas,E,Empsian Thomas a Monke his obstinacie. 1580.50.
Empsten Richard,person,0.97,1,Empsten Richard,E,Empsten Richard Knight suru<?>ior & master of forfeiters. 1458.57. attainted. 1466 30. beheaded. 1466.20.
Ende,place,0.67,1,Ende,E,Ende of the Danish Kings in England. 268.19.
Engistland,uncertain,0.2,1,Engistland,E,Engistland appoynted the name to the Saxons portion in Britaine. 128.24
England,place,0.87,11,England,E,England deuided into hũdreds and tithings. 217.22
Englande,place,0.95,3,Englande,E,"Englande first accursed by the the Pope, and why. 223.37."
Englands,place,0.86,1,Englands,E,Englands miserie in time of ciuil warre. 388.45.
Englefield battell,place,0.76,1,Englefield battell,E,"Englefield battell, fought by the English men agaynst the Danes. 210.2."
Englefield Thomas,person,0.87,1,Englefield Thomas,E,Englefield Thomas Knyght counseller to Prince Arthur. 1456.53.
English,group,0.85,57,English,E,"English nauie lost, and drowned by a tempest. 322.39"
English Ambassadours,group,0.85,1,English Ambassadours,E,English Ambassadours not admitted to the Popes presence without a bribe. 418.15.
English Captaynes,group,0.85,1,English Captaynes,E,"English Captaynes reuolt to the Danes, and their people are ouerthrowen. 240.51."
English coast,group,0.85,1,English coast,E,English coast spoyled by French men. 1007.20. a
English Gentlemen,group,0.85,1,English Gentlemen,E,English Gentlemen maynteined by French warres. 1083.48 b.
English Saxon,group,0.85,1,English Saxon,E,English Saxon Kings fetch their Pedegree from Woden 113.5.
English Saxons,group,0.85,1,English Saxons,E,"English Saxons, a people in Germaine. 112.35."
Englishe,group,0.85,6,Englishe,E,Englishe men almost vtterly ouerthrowen by the Danes 210.82.
Englishmen,group,0.85,19,Englishmen,E,Englishmen vanquished and put to flight by the Danes. 204.62.
"Englishmen, Spaniardes",group,0.85,1,"Englishmen, Spaniardes",E,"Englishmen, Spaniardes, and Frenchmen obtaine a great victorie on the Sarasbis. 636.56."
Enmerus,uncertain,0.45,1,Enmerus,E,"Enmerus a murderer, sent to star King Edwine. 159.56."
Enromium Emme,person,0.97,1,Enromium Emme,E,"Enromium Emme, cited. 264.88."
Entercourse of Marchandize,uncertain,0.2,1,Entercourse of Marchandize,E,"Entercourse of Marchandize between England & France, stayed 195.39."
Enuious,uncertain,0.2,1,Enuious,E,"Enuious persons, readie to forge matters of suspicion. 439.95."
Enwoulfe,person,0.91,1,Enwoulfe,E,"Enwoulfe, Earle of Somerset. 207.67."
Eolwils,person,0.84,1,Eolwils,E,Eolwils a Danish knig slayne 220.64.
Eopa,uncertain,0.2,1,Eopa,E,"Eopa, looke Copa."
Epiford,uncertain,0.45,1,Epiford,B,"Epiford, or Aglisthorpe Battaile against the Saxons. 115.76."
Epitaph,uncertain,0.45,1,Epitaph,E,Epitaph founde within kyng Williams Sepulchre. 316.69.
Epte Riuer in Normandy,place,0.95,1,Epte Riuer in Normandy,E,Epte Riuer in Normandy. 385 34.
Erchenwin,person,0.88,2,Erchenwin | Erchenwyn,E,Erchenwyn sonne to king Offa. 131.37.
Erchenwine,person,0.81,1,Erchenwine,E,Erchenwine first king of the east Saxons. 152.35
Ercombert,person,0.97,1,Ercombert,E,"Ercombert, King of Kent departeth this life. 177.105."
Erghom Iohn,person,0.97,1,Erghom Iohn,E,Erghom Iohn. 1462.7
Erick,person,0.47,2,Erick,E,"Erick king of east Angles, conspireth with others, to make warre against king Edward of England. 221.73"
Erickes,person,0.8,1,Erickes,E,"Erickes army vanquished, and put to flight by the English men. 221.90"
Erkenwald,person,0.81,1,Erkenwald,E,Erkenwald ordeyued bishop of the east Saxons. 181.14
Erle of Gloucester,person,0.65,1,Erle of Gloucester,G,Erle of Gloucester warreth on the Welchmen. 792.2. a. driuen out of Glamorgan. 810.27. b.
Erlotus,person,0.85,1,Erlotus,E,Erlotus the Popes Nuntio departeth home with a flea in his eare. 754.54
Ermenfred,person,0.94,1,Ermenfred,E,Ermenfred bishop of Sion sent into England in commission from the Pope. 304.54
Ermengard,person,0.97,1,Ermengard,E,"Ermengard Lady, daughter to Richard vicount Beaumeũt maried to William king of Scots. 463.62"
Ermenredus,person,0.95,1,Ermenredus,E,Ermenredus brother to kyng Ercombert. 180.106
Ermew,person,0.91,1,Ermew,E,Ermew Monke of the chaterhouse e<?>ecuted. 1563.50.
Erming streete,place,0.85,1,Erming streete,E,Erming streete where it beginneth and endeth. 205.8.
Ernulfus,person,0.97,1,Ernulfus,E,"Ernulfus sonne to earle Geffrey Maundeuille, taken, and banished. 380.72"
Erocus,person,0.91,1,Erocus,E,Erocus king of the Almanes. 90.81.
Erpwald,uncertain,0.2,1,Erpwald,E,"Erpwald, looke Corpwald."
Esay,person,0.85,1,Esay,E,Esay cited. 389.83.
Eschage,uncertain,0.2,1,Eschage,E,Eschage graunted to Henry the third. 708.39.
Eschequer,uncertain,0.2,1,Eschequer,E,Eschequer Court remoued fron Westminster to Northampton. 567.47
Escuage,uncertain,0.2,1,Escuage,E,Escuage payed. 795.57. a.
Escuinus,person,0.43,2,Escuinus,E,"Escuinus maketh warre vpon Wolfhere, and is put to the woorse. 180.95."
Essex,place,0.8,6,Essex,E,Essex yelded to Adelwold. 220.21.
Essington,uncertain,0.45,1,Essington,E,Essington taken and spoyled by the Danes. 244.36
Eske Riuer,place,0.95,1,Eske Riuer,E,Eske Riuer. 76.50.
Esketel,person,0.81,1,Esketel,E,Esketel a kyng of the Danes. 212.19.
Esoder,place,0.5,1,Esoder,E,"Esoder, looke Elidurus."
Espeake Walter,person,0.97,1,Espeake Walter,E,Espeake Walter. 369.61.
Espeke Walter,person,0.97,1,Espeke Walter,E,Espeke Walter bringeth ye order of White Monkes into England. 333.94.
Esterlings,place,0.83,1,Esterlings,E,Esterlings assaulted at home in the Stiliard. 1443.20.
Estoutuill Robert,person,0.97,1,Estoutuill Robert,E,Estoutuill Robert taken prisoner. 345.28.
Estric,person,0.94,1,Estric,E,"Estric sister to king Cnute, maryed to Richard the thirde duke of Normandie. 289.22."
Estrild,person,0.96,2,Estrild,E,Estrild maried to Locrinus. 17 25.
Estrilo,uncertain,0.2,1,Estrilo,E,Estrilo paramour to Locrinus. 17.22.
Etbearne Abbey in Luidsey,place,0.87,1,Etbearne Abbey in Luidsey,E,Etbearne Abbey in Luidsey builded. 179.52
Ethelard,person,0.92,2,Ethelard,E,Ethelard departeth thys lyfe. 191.66.
Ethelbald,person,0.95,3,Ethelbald,E,"Ethelbald, sonne to Ethelwolfus, beginneth to raigne ouer the South and West Saxons. 208.31."
Ethelbaldus,person,0.79,4,Ethelbaldus,E,Ethelbaldus slayne at Secandon. 189.67.
Ethelbert,person,0.94,15,Ethelbert,E,"Ethelbert, king of Kent dyeth, at is buryed in S. Augustines Monasterie. 157.8."
Ethelbright,person,0.97,4,Ethelbright,E,"Ethelbright, sonne to Ethelwolfus, beginneth to raigne ouer Kent, and Essex. 208.35."
Ethelbuldus,place,0.84,1,Ethelbuldus,E,"Ethelbuldus ouercome in battell by Cuthred, King of West Saxons. 189.63. and 193.90."
Ethelburga,person,0.95,7,Ethelburga,E,"Ethelburga daughter to Ethelbert, maryed to Edwyne. 159.28."
Ethelfert,person,0.94,1,Ethelfert,E,"Ethelfert slaine, and his armie vanquished. 155.30."
Ethelfleda,person,0.87,4,Ethelfleda,E,"Ethelfleda, daughter to Alured marryed to Duke Eldred. 215.68."
Ethelfledas,uncertain,0.2,1,Ethelfledas,E,"Ethelfledas noble deedes, and valiencie. 222 1."
Ethelgera,person,0.95,1,Ethelgera,E,"Ethelgera, daughter to Kyng Alured. 217.59."
Ethelmere,person,0.8,1,Ethelmere,E,"Ethelmere, Earle of the West countries, submitteh himself and his people to king Swanus of Denmarke. 248.11."
Ethelred,person,0.95,10,Ethelred,E,"Ethelred and his brother Alured, ayde Burthred Kyng of Mercia against the Danes. 209.93."
Ethelreda,person,0.86,3,Ethelreda,E,Ethelreda departeth this lyfe 185.74.
Ethelricus,person,0.97,1,Ethelricus,E,"Ethelricus sonne to Ida, made Kyng of Northumberlande. 145.73."
Ethelswida,person,0.92,3,Ethelswida,E,"Ethelswida marryed to Burthred, Kyng of Mercia 207.111."
Ethelwitha,person,0.95,1,Ethelwitha,E,"Ethelwitha, wife to King Alured. 216.106."
Ethelwold,person,0.91,5,Ethelwold,E,"Ethelwold Earle, sent by king Edgar, to suruey the beautie of Alfred, daughter to the Duke of Cornwal. 232.60."
Ethelwolf,person,0.97,1,Ethelwolf,E,"Ethelwolf, sonne to Kyng Egbert, leadeth an armie into Kent. 203.55."
Ethelwolfus,person,0.9,8,Ethelwolfus,E,"Ethelwolfus maryeth Iudith daughter to Charles ye Bald, Kyng of Fraunce. 207.60."
Ethelwolfus kingdome,person,0.66,1,Ethelwolfus kingdome,E,"Ethelwolfus kingdome deuided, betweene himselfe and his sonne. 207.70"
Ethelwoulfus,person,0.84,1,Ethelwoulfus,E,"Ethelwoulfus aideth Burthred King of Mercia, against the Welchmen. 206.6."
Etherius,person,0.65,1,Etherius,E,Etherius Archbyshop of Arles in Fraunce. 148.66.
Ethilda,person,0.97,1,Ethilda,E,"Ethilda daughter to King Edward, maryed to Hugh, son to Robert, Earle of Paris. 223.13."
Eubald,uncertain,0.45,1,Eubald,E,Eubald the second succeedeth Eubald the first in the Archbyshopprick of Yorke. 202.81.
Eudo,person,0.93,1,Eudo,E,"Eudo Earle, submitteth himselfe to Duke Geffray of Britaine. 411.79."
Euerie kingdome,place,0.97,1,Euerie kingdome,E,"Euerie kingdome deuided in it+selfe, can not long stand. 257.94."
Euers Rafe,person,0.97,1,Euers Rafe,E,Euers Rafe knight Warden of the middell Marches slaine in a blondie fight. 1601.4. is commended. eadem. 28.
Euesham battayle,place,0.67,1,Euesham battayle,E,"Euesham battayle, fought by King Henry the thyrd and his power against the Barons. 773.1."
Eueshame Abbey,place,0.94,2,Eueshame Abbey,E,Eueshame Abbey buylded. 277.31.
Eufled,person,0.89,2,Eufled,E,"Eufled daughter to King Edwine, borne. 159.77."
Euguexane Chastillone de Trye,person,0.85,1,Euguexane Chastillone de Trye,E,"Euguexane Chastillone de Trye, taken prisoner. 431.24."
Euil,place,0.88,1,Euil,E,Euil gouernment in England by reason of strangers about the king. 746.45.
Euille Iohn,person,0.93,1,Euille Iohn,E,"Euille Iohn, Lord, escapeth fron the battayle of Chesterfield. 777.20."
Eunbert,uncertain,0.2,1,Eunbert,E,"Eunbert, a ruler among the Gi<?>uii. 185.63."
Eurelir in Normandie,place,0.87,1,Eurelir in Normandie,E,Eurelir in Normandie recouered by the Englishmen. 521.2.
Eureur in Normandy,uncertain,0.45,1,Eureur in Normandy,E,Eureur in Normandy taken by king Henry the first. 344.13
Eureur in Normandie,uncertain,0.45,1,Eureur in Normandie,E,Eureur in Normandie taken by the French kyng. 545.90
Eureur towne in Normandie,place,0.86,1,Eureur towne in Normandie,E,"Eureur towne in Normandie, taken by the Frenchmen. 515.32."
Europe,uncertain,0.2,1,Europe,E,Europe alotted vnto Iaphet. 1.79.
Eustace,person,0.97,14,Eustace,E,"Eustace King Stephans son, made knight. 383.94."
Eustace de Ribamont,person,0.97,1,Eustace de Ribamont,R,Eustace de Ribamont fighteth with the king. 944.50. b. is taken prisoner. 945.2. a.
Eustace de Vesey,person,0.97,1,Eustace de Vesey,E,Eustace de Vesey slayn wyth a quarel besydes Castle Baruard. 603.33.
Eustace de Vestye,person,0.97,1,Eustace de Vestye,E,Eustace de Vestye sent into Scotland. 542.71.
Eustace Marwell,person,0.97,1,Eustace Marwell,M,Eustace Marwell reuolteth. 901.13. a.
Eutropius,uncertain,0.2,1,Eutropius,E,Eutropius cyted. 82.70. & .89.45.
Ewe,place,0.86,1,Ewe,E,Ewe countie in Normandie. 321.71.
Eweline,uncertain,0.2,1,Eweline,E,"Eweline, and Hirilda fall at variance. 43.50."
Excester,place,0.97,1,Excester,E,Excester besieged by Perkin Werbec. 1450.2.
Exceter,place,0.91,2,Exceter,E,Exceter besieged by Vaspasian. 52.27.
Exceter Citie,place,0.9,3,Exceter Citie | Exceter citie,E,"Exceter Citie besieged by the Danes, and deliuered. 216.29."
Excheker,uncertain,0.2,1,Excheker,E,Excheker court instituted. 303 50.
Exeter,place,0.82,3,Exeter,E,Exeter yeelded vnto King William. 299.47.
Exeter Citie,place,0.97,1,Exeter Citie,E,Exeter Citie repaired and fortified. 226.99.
Exeter Colledge,place,0.97,1,Exeter Colledge,E,Exeter Colledge founded. 892.20. a.
Exhamshire,uncertain,0.2,1,Exhamshire,E,Exhamshire. pag. 1314. col. 2 lin. 12.
Exmouth Castle,place,0.97,1,Exmouth Castle,E,Exmouth Castle assaulted by the Danes. 241.65.
Fabian,person,0.92,3,Fabian,F,Fabian cited. 93.57. and .95. 41. and 102.50. and .117. 59. and .125.19.
Fabian Robert,person,0.97,1,Fabian Robert,F,Fabian Robert. 1463.7.
Falaise,uncertain,0.45,1,Falaise,F,Falaise yeelded to the French. pag. 1277. col. 1. lin. 4.
Falayse towne in Normandye,place,0.97,1,Falayse towne in Normandye,F,Falayse towne in Normandye won by the french K. 558.42
Faleife,person,0.86,1,Faleife,F,Faleife yeeldeth to Chastillon. 1824.40.
Faleys,place,0.89,1,Faleys,F,Faleys besieged by Henry the fift. pag. 1190. col. 2. lin. 30. rendered to him. pag. 1191. col. 1. lin. 54.
Farribridge,uncertain,0.2,1,Farribridge,F,Farribridge. pag. 1310. col. 2 lin. 7.
Farindon Castle,place,0.87,1,Farindon Castle,F,Farindon Castle builded. 381.18.
Farneham Castle,place,0.97,1,Farneham Castle,F,Farneham Castle wonne by Lewes. 600.78.
Farnham Castle,place,0.87,1,Farnham Castle,F,Farnham Castle builded. 377.53.
Faruham Castle,place,0.97,1,Faruham Castle,F,Faruham Castle rased by the frendes of Kyng Henry the third. 611.67.
Father,person,0.85,1,Father,F,"Father of our Lorde Iesus Christ, onely king. 262.52."
Fausta,person,0.97,1,Fausta,F,"Fausta daughter to Maximinianus, married to Constantinus. 91.7."
Feader,person,0.84,1,Feader,F,"Feader a Collectour, slayne. 267.24."
Fechamley battell,place,0.95,1,Fechamley battell,F,"Fechamley battell, fought by the Saxons, against the Britaynes 143.18."
Felix,person,0.94,3,Felix,F,Felix dieth at Dũwich. 162.61
Felixa Burgunian,person,0.91,1,Felixa Burgunian,F,"Felixa Burgunian, Byshop of Dunwich. 30.92."
Felton Iohn,person,0.97,1,Felton Iohn,F,Felton Iohn hãged for bãging vp a Romish Bull. 1853.2.
Ferdinande,person,0.95,1,Ferdinande,F,"Ferdinande the Emperour dieth, and his Obsequies. 1834.36."
Ferdinando,person,0.97,1,Ferdinando,F,Ferdinando Archduke of Austrich made Knight of the Garter. 1531.18.
Ferdomachus,person,0.65,1,Ferdomachus,F,"Ferdomachus, Bishop of Leynister in Ireland. 328.28."
Ferreys Robert,person,0.97,1,Ferreys Robert,F,"Ferreys Robert, Earle of Darbie. 435.20."
Ferreys William,person,0.97,1,Ferreys William,F,"Ferreys William, taken prisoner. 345.27."
Ferentine Iohn,person,0.97,1,Ferentine Iohn,F,"Ferentine Iohn a Leagate fron the Pope conmeth into England in visitation, and spedely departeth againe. 563.64."
Ferrers Georg,person,0.95,1,Ferrers Georg,F,Ferrers Georg Lord of misrule in the Court. 1711.45.
Ferrers George,person,0.97,1,Ferrers George,F,Ferrers George a Burgesse of the Parlament house arrested vppon an execution and deliuered by the Parlament 1584.20.
Ferrex,person,0.95,3,Ferrex,F,Ferrex and his people slayne. 22 56.
Feryngdon,person,0.9,1,Feryngdon,F,"Feryngdon high Abbot of Reding executed for denying the supremacie, 1574.30."
Fermherst Castle,place,0.97,1,Fermherst Castle,F,Fermherst Castle won. 1529.44.
Fert Castle,place,0.97,1,Fert Castle,F,Fert Castle burnt. 385.41.
Fescampe in Normandie,uncertain,0.45,1,Fescampe in Normandie,F,Fescampe in Normandie. 321.72.
Fescampe William,person,0.97,1,Fescampe William,F,Fescampe William. 313.7.
Fetherston,person,0.94,1,Fetherston,F,Fetherston hanged for the supremacie. 1580.40.
Fetherston William,person,0.97,1,Fetherston William,F,"Fetherston William naming himselfe K. Edward the sixt, is whipped and, afterward for saying king Edward was liuin, ga<?>d that he spake with him, is hanged. 1763.46."
Feuexshame Abbey,place,0.87,1,Feuexshame Abbey,F,Feuexshame Abbey builded. 383.46.
Finan,person,0.61,1,Finan,F,Finan succeedeth Aydan in the Bishoprick of Northumberland. 171 20.
Finch Thomas,person,0.78,1,Finch Thomas,F,"Finch Thomas knight, Camp maister in the iourney of S. Quintines. 1767.58. he appointed to be knight marshal at Newehauen, is drowned. 1838.30."
Finchamsteede in Barkeshyre,place,0.81,1,Finchamsteede in Barkeshyre,F,Finchamsteede in Barkeshyre 329.29.
Fines,person,0.94,3,Fines,F,Fines Ingram Lord. 726.11
Fines Thomas,person,0.97,1,Fines Thomas,F,Fines Thomas Lorde Dacres of the South hanged. 1580.35.
Firy,uncertain,0.45,1,Firy,F,Firy impressions seene in the ayre. 1834.40. and. 1870.46. and. 1872.21.
First,place,0.4,4,First | Fyrst,F,Fyrst Mayor of London. 566.92.
First battaile,place,0.95,1,First battaile,F,First battaile betweene the Saxons one against another in Britaine. 142.97.
Fysher Iohn,person,0.97,1,Fysher Iohn,F,Fysher Iohn Bishop of Rochester is of counsel with the Queene in her matter of diuorce. 1551.6. refuseth the oth of succession. 1563.17. is beheadded. 1563.56. had been elected Cardinal. 1567.3.
Fishes,place,0.42,2,Fishes,F,Fishes die in the waters thorowe sharpnes of a froste. 447 7.
Fits,person,0.84,1,Fits,F,"Fits Roy Henry Duke of Richmond, dyeth. 1565.30."
Fits Garett Thomas,person,0.97,1,Fits Garett Thomas,F,"Fits Garett Thomas Lord, rebellethin Ireland, and committeth great outrages. 1563.17. is taken prisoner. 1564.24. is executed with his fiue Vncles. 1569.5."
Fits Williams,person,0.97,1,Fits Williams,F,Fits Williams Williã knight Treasurer of the kings houshold. 1536.1.
Fits Williams William,person,0.97,3,Fits Williams William,F,Fits Williams William Knyght vice Admiral receyued the Emperour on the Sea. 1509.16.
Fitz,person,0.97,6,Fitz,F,"Fitz Baldrick Hugh, Shyrife of Yorkeshyre. 307.99."
Fitz Aldeline William,person,0.97,1,Fitz Aldeline William,F,"Fitz Aldeline William, Sewer to king Henry the seconde. 419.55."
Fitz Bernard Thomas,person,0.97,1,Fitz Bernard Thomas,F,"Fitz Bernard Thomas, accursed by Archbyshop Thomas Becket. 409.80."
Fitz Bernhard Robert,person,0.87,1,Fitz Bernhard Robert,F,"Fitz Bernhard Robert, made keeper of Waterfoord and Wessefoord cities in Ireland. 421.42."
Fitz Hamon Robert,person,0.97,1,Fitz Hamon Robert,F,Fitz Hamon Robert. 334.1.
Fitz Iames Richard,person,0.97,1,Fitz Iames Richard,F,Fitz Iames Richard created Byshop of London. 1458. 38. maketh an Oration consolatory to the kyng. 1458.36.
Fitz Iohn Eustace,person,0.97,2,Fitz Iohn Eustace,F,Fitz Iohn Eustace. 369.1.
Fitz Miles Roger,person,0.97,1,Fitz Miles Roger,F,"Fitz Miles Roger, Earle of Hereford. 396.16."
Fitz Miles walter,person,0.96,1,Fitz Miles walter,F,"Fitz Miles walter, succeedeth his brother Roger in the Earldome of Hereford. 396 19."
Fitz Osberne,person,0.97,1,Fitz Osberne,W,Fitz Osberne Williã made Garle of Hereford. 297. line. 4
Fitz Osbert,person,0.97,1,Fitz Osbert,O,Fitz Osbert accuseth his brother of treason. 529.5
Fitz Osoert William,person,0.97,1,Fitz Osoert William,F,"Fitz Osoert William, called otherwise, William wyth the long beard. 528.100."
Fitz Peter,person,0.97,1,Fitz Peter,F,"Fitz Peter, Geffrey Lord chief Iustice of England. 542.18"
Fitz Peter Geffrey,person,0.97,3,Fitz Peter Geffrey,F,Fitz Peter Geffrey dieth. 582 62. what he was. 582.64.
Fitz Radulfe William,person,0.97,1,Fitz Radulfe William,F,"Fitz Radulfe William, Lorde Steward of Normandie, interdicted. 508.49."
Fitz Scrope Richard,person,0.94,1,Fitz Scrope Richard,F,Fitz Scrope Richard inuadeth and spoyleth the landes of Edrick Siluaticus. 297.20
Fitz Walter Robert,person,0.97,2,Fitz Walter Robert,F,Fitz Walter Robert. 556.57.
Fitz Williams,person,0.97,1,Fitz Williams,F,Fitz Williams Williã knight Lord Admyral is created Earle of Southampton. 1571.5.
Fitz Williams William,person,0.97,1,Fitz Williams William,F,Fitz Williams William hurt. 1477.35.
Fitz Williams William Erle of Southampton,person,0.97,1,Fitz Williams William Erle of Southampton,F,Fitz Williams William Erle of Southampton Lord Priuie seale dyeth at Newcastle in his iourney towardes Scotland yet his standard is borne in the foreward al this iourney. 1595.14
Fitzaldelme William,person,0.97,1,Fitzaldelme William,F,Fitzaldelme William ordeyned Lord chiefe Iustice of Ireland. 444.76
Fitzbarhard Robert,person,0.97,1,Fitzbarhard Robert,F,Fitzbarhard Robert sent ouer into Ireland. 419.55.
Fitziames,person,0.97,1,Fitziames,F,Fitziames Byshop of London dyeth. 1518.45.
Fitzvize Richard,person,0.97,1,Fitzvize Richard,F,"Fitzvize Richard, taken prisoner. 376.36."
Fitzwilliams William,person,0.97,1,Fitzwilliams William,F,Fitzwilliams William made knight. 1487.28.
Flammocfe Thomas,person,0.97,1,Flammocfe Thomas,F,Flammocfe Thomas a Lawice and Rebel. 1446.15. is put to death. 1447.47.
Flanders,place,0.7,2,Flanders,F,Flanders interdyeted. 908.1. a.
Flauius,person,0.84,2,Flauius,F,Flauius Victor Nobilissimus slayne. 97.96.
Flemmings,group,0.85,8,Flemmings,F,Flemmings banished. 841.20. b.
Fleetwood William,person,0.97,1,Fleetwood William,F,"Fleetwood William, Recorder of London. 390.2."
Flint Castle,place,0.89,1,Flint Castle,F,Flint Castle builded. 789.6. a.
Flires,uncertain,0.2,1,Flires,F,Flires of blood vexe the people of England. 242.15.
Floriacensis,person,0.85,1,Floriacensis,F,Floriacensis cited. 287.73.
Florye Abbey,place,0.97,1,Florye Abbey,F,Florye Abbey in France. 232.26.
Focas Emperour,person,0.88,1,Focas Emperour,F,Focas Emperour. 153.50
Fodringhey castle,place,0.75,1,Fodringhey castle,F,Fodringhey castle taken by the Earle of Albemarle. 618.55
Follioth Gilbert,person,0.97,1,Follioth Gilbert,F,Follioth Gilbert bishop of London sent ambassadour into France. 406.43
Follioth Gilbert Bishoppe of London,person,0.97,1,Follioth Gilbert Bishoppe of London,F,"Follioth Gilbert Bishoppe of London, sent Ambassadour to the Pope. 406.58."
Folioth Robert,person,0.97,1,Folioth Robert,F,Folioth Robert made bishop of Hereford. 432.57.
Foquesolles,person,0.84,1,Foquesolles,F,Foquesolles Seneschal of Bullogne slaine. 1599.17
Fordher,person,0.9,1,Fordher,F,"Fordher a knight slaine, attending vppon king Edwine. 159.75."
Fore Iohn,person,0.97,1,Fore Iohn,F,Fore Iohn cited. 154.56. and .223.78. and 263.13
Fore Richard,person,0.97,1,Fore Richard,F,"Fore Richard chosen bishop of Exceter, sent ambassadour into Scotland. 1432.6. sent ambassadour into Fraunce. 1439.35. bishop of Durhã and owner of Northam castle. 1448.21. Ambassadour into Scotland. 1449. 2. asswageth by letters, the displeasure of the Scottishe king. 1452.18. is desired of the Scottes to come and speake with hym. ibidem. is a meane for the mariage of the kyngs daughter vnto the Scot. eadem. 55. made Bishop of Winchester. 1455.43."
Forfeylure,uncertain,0.45,1,Forfeylure,F,Forfeylure for killing the kings Deere. 366.7
Formalis,person,0.97,1,Formalis,F,Formalis Archbishop of Erier dyeth at Northampton. 480 48.
Fornham battaile,place,0.77,1,Fornham battaile,F,"Fornham battaile fought by the Nobles, on the part of Kyng Henry the second, against the Nobles on the part of Henry his sonne. 431.83"
Forth in Scotland,place,0.88,1,Forth in Scotland,F,"Forth in Scotland, in British, werd. 140.9"
Forthere,person,0.8,2,Forthere,F,Forthere leaueth his Bishoprik and goeth to Rome. 192.9.
Forz William,person,0.97,2,Forz William,F,Forz William earle of Albemarle dyeth. 528.44
Fosse way,place,0.85,1,Fosse way,F,Fosse way where it begynneth and endeth. 24.66
Fos<?>ew Andrian,person,0.95,1,Fos<?>ew Andrian,F,"Fos<?>ew Andrian knight attainted, and executed. 1570.54."
fougiers,person,0.8,1,fougiers,F,fougiers taken by the Englishe from the Duke of Britaine. pag. 1274. col. 1. lin. 52.
Fouke,person,0.94,2,Fouke,F,"Fouke earle of Aniou, becommeth friende to kyng Henry the first. 356.38"
Foukes de Brent,uncertain,0.45,1,Foukes de Brent,F,"Foukes de Brent aduaunced to mariage, by king Iohn. 596.44."
Foulgiers castle,place,0.86,1,Foulgiers castle,F,"Foulgiers castle taken, and vtterly destroyed. 409.50"
Fountneyes Abbey,place,0.97,1,Fountneyes Abbey,F,Fountneyes Abbey founded. 394.27.
Foure,place,0.43,2,Foure,F,Foure and twentye gouernors appoynted in England. 752 45.
Foure Archbishoprickes,place,0.88,1,Foure Archbishoprickes,F,Foure Archbishoprickes ordeyned in Ireland. 386.31
Fourty,person,0.81,1,Fourty,F,"Fourty thousand knightes fees and vpward, in Englande. 757.77."
Foxe Iohn,person,0.97,1,Foxe Iohn,F,Foxe Iohn deceyued. 235.52.
Foxe Richard,person,0.97,1,Foxe Richard,F,"Foxe Richard Bishop of Winchester, one of the priuie Councel to king Henrye the eight. 1464.48"
Framelinghã Castle in Northfolke,place,0.95,1,Framelinghã Castle in Northfolke,F,Framelinghã Castle in Northfolke. 383.1.
Framingham,place,0.86,1,Framingham,F,Framingham. 431.41.
Framingham Castle,place,0.93,2,Framingham Castle,F,"Framingham Castle, made playne with the ground. 445 22."
France,place,0.74,1,France,F,France interdicted by ye Popes Legate. 546.47
Frankners,uncertain,0.2,2,Frankners,F,"Frankners, a people of Germanie. 87.38."
Fraser Richard,person,0.97,1,Fraser Richard,F,Fraser Richard taken prisoner and deliuered. 467.38
Fraunce,uncertain,0.45,1,Fraunce,F,"Fraunce so called of the Frankners, in olde time Gallia. 108.73."
Fraunces,person,0.83,5,Fraunces,F,Fraunces Lorde Louel made Vicount Louel pag. 1387. col. 1. lin. 1. fled. pag. 1422. col. 1.
Fraunces of Lutzenburg,person,0.83,1,Fraunces of Lutzenburg,F,Fraunces of Lutzenburg sent Ambassadour from ye french kyng. 1436.55.
Frea,person,0.95,1,Frea,F,"Frea, wife to the ancient prince Woden. 113.10"
Frederick,person,0.91,1,Frederick,F,"Frederick, Abbot of Saint Albons, chiefe captaine of a conspiraaie against Kyng William. 306.39"
Frederick Emperour,person,0.97,1,Frederick Emperour,F,Frederick Emperour maryeth Isabel sister to Henry the .iii. Kyng of Englande. 647.14.
Fredericke,person,0.85,1,Fredericke,F,Fredericke the Emperour sendeth a power to represse the rebellious Flemings. 1431 40.
Freyn,person,0.84,1,Freyn,F,"Freyn, a Dane slayne. 210.37."
French,group,0.85,29,French,F,"French kyng meaneth to proceede in his iourney agaynst England, but by the way inuadeth Flaunders. 577.58.577.68."
Frenche,group,0.85,1,Frenche,F,Frenche frontiers ful of souldiours. 907.14. b.
Frenchmen,group,0.85,11,Frenchmen,F,Frenchmen begin to settle thenselues in Gallia. 108.73.
Frereyes,uncertain,0.2,1,Frereyes,F,Frereyes suppressed. 1471.32.
Fryday,place,0.83,1,Fryday,F,"Fryday, why so called. 113.12"
Fridestane,person,0.91,1,Fridestane,F,"Fridestane, ordeyned Byshop of Winchester. 223.55."
Frier Randoll,person,0.75,1,Frier Randoll,F,Frier Randoll prisoner in the Tower of London. pa. 1198 col. 1 lin. 51.
Frisney,uncertain,0.2,1,Frisney,F,Frisney deliuered to the Englishe. pag. 1203. col. 1. lin. 16.
Friswide,person,0.43,2,Friswide,F,"Friswide virgin, daughter to Didanus. 197.48."
Frith Iohn,person,0.84,1,Frith Iohn,F,Frith Iohn burnt. 1563.41.
Fromundham,uncertain,0.2,1,Fromundham,F,Fromundham. 252.8.
Fronto,uncertain,0.45,1,Fronto,F,Fronto counted equal vnto Cicero in eloquence. 84.47.
Frostes,uncertain,0.2,1,Frostes,F,Frostes. 560.55.
Frotto,person,0.75,1,Frotto,F,"Frotto king of Denmarke, receyueth Baptisme in England. 215.31."
Fruydbert,person,0.81,1,Fruydbert,F,Fruydbert Byshop. 193.33.
Fugatius,uncertain,0.45,1,Fugatius,F,Fugatius and Damianus sent into Britaine. 74.77.
Fulford Thomas,person,0.97,1,Fulford Thomas,F,Fulford Thomas knight. 1450 42.
Fulgentius,uncertain,0.45,1,Fulgentius,F,"Fulgentius, leader of the Pictes entereth the borders of Brytaine wyth an army. 78.35."
Fulgiers William,person,0.97,1,Fulgiers William,F,Fulgiers William. 554.76.
Fulto,person,0.87,1,Fulto,F,"Fulto a frenche Priest exhorteth Richard the first to bestowe his three daughters in mariage, pride, couetousnes and lechery. 540.112."
Furius Camissus,uncertain,0.33,2,Furius Camissus,F,"Furius Camissus, reuoked out of exile, and created Dictator. 26.75."
Furnes Thomas,person,0.81,1,Furnes Thomas,F,Furnes Thomas deliuered the Citie and Castle of Angiers to the Duke of Brytaine. 542.26.
Furseus,uncertain,0.45,1,Furseus,F,"Furseus, a deuout person, commeth into Englande. 172.36."
Gagwyne Robert,person,0.97,1,Gagwyne Robert,G,Gagwyne Robert Ambassador from the French king. 1436 58.
Gald,uncertain,0.2,1,Gald,G,"Gald, looke Galgacus."
Galerius Maximianus,person,0.81,1,Galerius Maximianus,G,Galerius Maximianus and Constantius created Emperours together 89.32
Galgacus,person,0.81,1,Galgacus,G,Galgacus a captaine of the Britaines. 71.51
Gallia,place,0.97,1,Gallia,G,Gallia now called Fraunce of the Frankners. 108.73
Galiard Castle,place,0.94,1,Galiard Castle,G,Galiard Castle surrendred to the Duke of Exceter. pag. 1201. co. 2. lin. 46.
Gallio Rauennas,person,0.8,1,Gallio Rauennas,G,Gallio Rauennas sent into Britaine with an army agaynst the Scots & Picts. 100.33
Gallo,person,0.8,1,Gallo,G,Gallo was inuaded by the Englishmen. 307.40
Galloway,uncertain,0.45,1,Galloway,G,Galloway assigned to Occa & his Saxons. 123.12
Gallowyn,person,0.5,1,Gallowyn,G,"Gallowyn, looke Gawayn."
Galltot Willaim,uncertain,0.2,1,Galltot Willaim,G,Galltot Willaim. 1463.5
Gallus,place,0.71,1,Gallus,G,"Gallus or Wallus brooke in London, nowe called Walbrooke. 82.48"
Gannoc Castle,place,0.86,1,Gannoc Castle,G,Gannoc Castle taken and destroyed. 762.115.
Gannock Castle,place,0.97,1,Gannock Castle,G,Gannock Castle built. 713.114.
Gardener Stephen,person,0.82,1,Gardener Stephen,H,Gardener Stephen Byshop of Winchester Ambassadour in Fraunce. 1564.20.
Gardians,uncertain,0.45,1,Gardians,G,Gardians appoynted ouer the citie of London. 775.57
Gardyner Stephen,person,0.95,1,Gardyner Stephen,G,"Gardyner Stephen deliuered out of the Towre, restored to his Bishopricke, and made Lord Chauncellour. 1720.50. crowneth Queene Mary. 1722 44. his speache in the Parlament house. 1760 116. his Sermon of reconciliation the See of Rome 1762.54 goeth to Mark to entreate of peace betwene the Emperour & the french king. 1764.9. dyeth. eaden. 26."
Gardyner Stephen Doctour,person,0.88,1,Gardyner Stephen Doctour,G,Gardyner Stephen Doctour succeedeth in Paces roume. 1551.16.
Garedon Abbey,place,0.97,1,Garedon Abbey,G,Garedon Abbey in Leicester shire founded. 394.29
Garisons,place,0.94,1,Garisons,G,Garisons placed in Wales in sundry townes and Castles. 352.64.
Gascoigne,group,0.85,1,Gascoigne,G,Gascoigne Sergeant at Lawe. pa. 1123. co. 2. lin. 40.
Gascoyn,group,0.85,1,Gascoyn,G,Gascoyn Williã knight. 1448 7.
Gascoynes,group,0.85,4,Gascoines | Gascoynes,G,Gascoynes take part with kyng Iohn. 560.20
Gates Iohn,person,0.97,1,Gates Iohn,G,Gates Iohn knight hanged. 1722.25.
Gauelfoord battaile,place,0.95,1,Gauelfoord battaile,G,Gauelfoord battaile fought betweene the Denonshyre men and the Britaines 204.7
Gaules,group,0.85,7,Gaules,G,"Gaules pursued, and slayne by the Troians. 14.70"
Gaunt Gilbert,person,0.97,1,Gaunt Gilbert,G,"Gaunt Gilbert, taken prisoner by the Danes and Englishe erles. 300.72"
Gauntiners,uncertain,0.45,1,Gauntiners,G,Gauntiners war against their Earle. 1050.52. b
Gawayn,person,0.59,3,Gawayn,G,Gawayn brother to Mordred slaine. 134.20
Geanology,uncertain,0.45,1,Geanology,G,Geanology of the Earles of Chester. 650.48.
Gebmound,person,0.88,1,Gebmound,G,Gebmound made Bishop of Rochester in Williams steed 182.5.
Geffray,person,0.96,9,Geffray,G,"Geffray, fourth sonne to kyng Henry the second borne. 398 47."
Geffray of Mon,person,0.97,1,Geffray of Mon,G,Geffray of Mon. cited. 25.71 and .30.6.
Geffray of Monmouth,person,0.97,3,Geffray of Monmouth,G,Geffray of Monmouth cited. 31.110. and .32.1. and .32.110. and .33.9.
Geffrey,person,0.97,9,Geffrey,CG,"Geffrey Monmouth, consecrated Byshop of S. Assaph."
Geffrey Archbishoppe of Yorke,person,0.97,1,Geffrey Archbishoppe of Yorke,G,"Geffrey Archbishoppe of Yorke, depatreth priuely out of the realme, & accurseth al those that gather the payment within his Diocesse, demaũded by king Iohn. 564.17."
Geffrey Charney,person,0.94,1,Geffrey Charney,C,Geffrey Charney taken prisoner in Britain. 919.27. a.
Geffrey de Lucignam,person,0.97,1,Geffrey de Lucignam,G,Geffrey de Lucignam. 584.40
Geffrey Gates,person,0.97,1,Geffrey Gates,G,Geffrey Gates knight. pag. 1325. col. 1. lin. 40
Geffrey of Monmouth,person,0.97,1,Geffrey of Monmouth,G,Geffrey of Monmouth cyted. 122.9. & .134.51. and .154.50 pag. 154.75.
Geffrey of Monumouth,person,0.97,1,Geffrey of Monumouth,G,Geffrey of Monumouth cited 43.48. & .81.58. & .82.66. & .92.85.
Geffrey Scrope Iustice,person,0.97,1,Geffrey Scrope Iustice,S,Geffrey Scrope Iustice dyeth. 915.11. b
Geffrey William,person,0.97,1,Geffrey William,G,Geffrey William a counterfeit Christ whypped. 1815.1.
Gegines,place,0.67,1,Gegines,G,"Gegines or Gigines, what it signifieth. 6.86."
Geinsborough,uncertain,0.2,1,Geinsborough,G,Geinsborough. 249.77.
Gelenor,person,0.91,1,Gelenor,G,Gelenor king of Greece dryuen out of hys Countrey. 7.42.
Gemeticensis,person,0.85,1,Gemeticensis,G,Gemeticensis cited. 283.86. & .291.72. & 319.73. and 345.39.
Gemeticum Abbey in Normandie,place,0.97,1,Gemeticum Abbey in Normandie,G,Gemeticum Abbey in Normandie. 269.109.
Genawe,uncertain,0.2,1,Genawe,G,Genawe murdred at London. 1013.43. b.
Generon,place,0.91,1,Generon,G,"Generon, or Guaneren Castle in Wales buylded. 117.53. & 121.80."
Geneticensis,person,0.85,1,Geneticensis,G,Geneticensis cited. 264.37.
Genissa,person,0.97,2,Genissa,G,Genissa maketh atonement hetweene Aruiragus and the Romanes. 52.33.
Genowayes,group,0.85,1,Genowayes,G,Genowayes in Britaine. 917. 20. b. fight with the English+men on the sea. 917.28. b.
Gen<?>sses,uncertain,0.45,1,Gen<?>sses,G,"Gen<?>sses, a people in Brytaine and where they inhabited. 110.48."
Gentlemen,uncertain,0.2,2,Gentlemen,G,Gentlemen of the priuie chamber remoued. 1507.
Geoffray,person,0.93,1,Geoffray,G,Geoffray Bishop of Constans taketh armes against kyng William Rufus. 318.49
Geolcil,person,0.84,1,Geolcil,G,Geolcil a Dane slayne. 221.28.
George,person,0.97,5,George,G,George stanley Lord straunge. pag. 1411. col. 2. lin. 20.
George Neuil,person,0.97,1,George Neuil,G,George Neuil Archbyshop of Yorke. pag. 1318.
Gerald,person,0.91,1,Gerald,G,Gerald Earle of Kildare deputie of Ireland apprehended. 1444.58. restored to his former libertie & honor. 1445.9.
Gerard,person,0.97,5,Gerard,DG,Gerard simested Archbyshop of of Yorke. 342.1.
Gerard Thomas,person,0.97,1,Gerard Thomas,G,Gerard Thomas buent. 1580.59.
Gerarde de Atie,person,0.97,1,Gerarde de Atie,G,Gerarde de Atie taken prisoner by the french kyng. 562.13.
Gerbery Castle,place,0.97,1,Gerbery Castle,G,Gerbery Castle destroyed. 399 57.
Gerent,person,0.94,1,Gerent,G,"Gerent king of Britaines and his armie chased by Inas, king of West Saxons. .187 100."
Gerion,person,0.66,1,Gerion,G,Gerion slayne by Hercules in Spaine. 5.107.
Germane,group,0.85,7,Germane,G,"Germane Byshop of Auxerre, sent to preache in Britaine. 119 51."
Gernesey,person,0.4,2,Gernesey,G,Gernesey entred by frenchmen. 992.50. b.
Geruas. Dorobern,person,0.85,1,Geruas. Dorobern,G,Geruas. Dorobern. cited. 415.11.
Geruasius Doroberuensis,person,0.85,1,Geruasius Doroberuensis,G,Geruasius Doroberuensis cited 382.10.
Gerueys Clifton,person,0.93,1,Gerueys Clifton,G,Gerueys Clifton knight beheaded. pag. 1340. col. 2. lin. 22
Geruldine Thomas,person,0.97,1,Geruldine Thomas,G,Geruldine Thomas a Lord and Chauncellour of Ireland receyueth with all honour the counterfeit Earle of Warwicke. 1428.46. sendeth into England in his quarel with an army of Irishe men. 1430.45. is slaine. 1431 45.
Get,person,0.84,1,Get,G,"Get a youngest sonne to Seuerus the Emperour, fighteth with his elder brother Bassianus, for the kingdome of Britaine. 78.53"
Geta,person,0.9,3,Geta,G,Geta slaine by his brother Bassianus. 81.39
Geueron Castle,place,0.97,1,Geueron Castle,G,Geueron Castle burnt with wild fire. 122.32
Gi<?>a,person,0.82,1,Gi<?>a,G,"Gi<?>a, <?>ther to king Harold, escapeth from Exeter into Flaunders. 299.50."
Giaunt,uncertain,0.2,1,Giaunt,G,Giaunt whence deriued. 6.88.
Giauntes,place,0.41,2,Giauntes,G,Giauntes in Britaine. 5.50.
Giauntes in Fraunce,person,0.7,1,Giauntes in Fraunce,G,Giauntes in Fraunce slayne in Combat by Arthur. 133.70.
Gyffard William,person,0.95,2,Giffard William | Gyffard William,G,"Giffard William depriued, and bannished the realme. 342.10."
Gyffeith,uncertain,0.45,1,Gyffeith,G,"Gyffeith, a Welch kyng. 231.81."
Gyfford Walter Erle of Buckingham,person,0.97,1,Gyfford Walter Erle of Buckingham,G,"Gyfford Walter Erle of Buckingham, deceaseth without heire. 402.11."
Gilla,person,0.97,1,Gilla,G,"Gilla, daughter to Charles Le Simple king of Fraunce, maryed to Rollo, Duke of Normandie. 288.105."
Gilbert,person,0.96,7,Gilbert,G,"Gilbert, captaine of Tunbridge Castle. 319.52."
Gilbert de Clare,person,0.97,2,Gilbert de Clare,C,"Gilbert de Clare, Earle of Gloucester slayne. 852.55. b."
Gilbert de Gaunt,person,0.97,1,Gilbert de Gaunt,G,Gilbert de Gaunt made Earle of Lincolne. 602.20.
Gilbert Debenham,person,0.95,1,Gilbert Debenham,G,Gilbert Debenham kynght. pag. 1327. col. 1. lin. 16.
Gilbert Fitz Fergus,person,0.97,1,Gilbert Fitz Fergus,G,"Gilbert Fitz Fergus, commeth into England. 445.32."
Gilbert Midleton,person,0.97,1,Gilbert Midleton,G,Gilbert Midleton knight. 854.30. b.
Gilbert Skarlock,person,0.97,1,Gilbert Skarlock,G,Gilbert Skarlock slayne. pag. 1288. col. 1. lin. 15.
Gildas,person,0.36,5,Gildas,G,Gildas borne. 115.35.
Giles,person,0.97,1,Giles,G,"Giles, Byshop of Eureux. 421.78."
Giles Daubeney,person,0.96,1,Giles Daubeney,G,Giles Daubeney knyght. pag. 1400. col. 1. lin. 47.
Gilford,uncertain,0.2,1,Gilford,G,Gilford. 264.24.
Gylford Richard,person,0.97,1,Gylford Richard,G,Gylford Richard knight. 1447 20.
Gillingham battayle,place,0.86,1,Gillingham battayle,G,"Gillingham battayle, fought by the Englishmen against the Danes. 254.29."
Gillingham Manour,place,0.97,1,Gillingham Manour,G,Gillingham Manour. 301.67.
Gillomanus,person,0.95,2,Gillomannus | Gillomanus,G,"Gillomannus king of Ireland with his armie, discomfited and slayne. 123.13."
Gillomar,uncertain,0.2,1,Gillomar,G,"Gillomar, looke Gillomannus."
Giouan Villani,person,0.85,1,Giouan Villani,G,Giouan Villani cited. 9.59. & 27.47.
Gipswich,place,0.97,2,Gipswich,G,"Gipswich, now called Ipswich. 388.24."
Gipswich Castle,place,0.95,1,Gipswich Castle,G,"Gipswich Castle besieged, and taken. 388.16."
Giraldus Cambrensis,person,0.55,3,Giraldus Cambrensis,G,Giraldus Cambrensis cited. 135.20. and .136.11. and 137.31.
Girarde de Sotigam,uncertain,0.45,1,Girarde de Sotigam,G,Girarde de Sotigam a politick captayne of Douer Castle. 609.11.
Girmi,uncertain,0.45,1,Girmi,G,Girmi a people in Englande. 185.65.
Girwy Abbey,place,0.95,1,Girwy Abbey,G,Girwy Abbey buylded. 178.106.
Gisors,place,0.92,2,Gisors | Gysors,G,Gysors besieged in vaine. 533.17.
Gisors Castle,place,0.9,1,Gisors Castle,G,Gisors Castle gotten into the kyng of Englandes handes. 400.61.
Githa,person,0.97,1,Githa,G,"Githa, daughter to Osgote Clappa, maryed to Canute Prudan. 268.1."
Gythrun,person,0.5,1,Gythrun,G,"Gythrun, looke Gurthrun. 214 107."
Glademouth,uncertain,0.2,1,Glademouth,G,Glademouth. 222.83.
Glad<?>ore Heath,place,0.95,1,Glad<?>ore Heath,G,Glad<?>ore Heath by Barnet. pag. 13.3.3. col. 1. lin. 33.
Glanuille Bartholmew,person,0.88,1,Glanuille Bartholmew,G,Glanuille Bartholmew knight 559.71.
Glanuille Rafe an English,person,0.97,1,Glanuille Rafe an English,G,Glanuille Rafe an English Captaine. 434.26
Glanuille Ranulfe,person,0.87,1,Glanuille Ranulfe,G,"Glanuille Ranulfe, made ruler of Yorkeshyre. 452.56"
Glasiers,person,0.8,1,Glasiers,G,Glasiers first brought into Eng+land. 178.114.
Glas<?>irion,uncertain,0.2,1,Glas<?>irion,G,"Glas<?>irion, a Barde. 4.43."
Glastenburie Abbey,place,0.97,2,Glastenburie Abbey,G,Glastenburie Abbey erected. 53.18.
Glastenburie Monasterie,place,0.91,1,Glastenburie Monasterie,G,Glastenburie Monasterie builded. 188.19.
Glau Margan in Wales,place,0.9,1,Glau Margan in Wales,G,"Glau Margan in Wales, why so called. 21.26."
Gleuy Riuer,place,0.95,1,Gleuy Riuer,G,Gleuy Riuer. 162.12.
Glocester,place,0.84,1,Glocester,G,Glocester. pag. 1422. col. 1. lin. 26.
Gloucester Castle,place,0.85,1,Gloucester Castle,G,Gloucester Castle. 371.20.
Gloucester Citie,place,0.71,1,Gloucester Citie,G,"Gloucester Citie taken by the Barons. 765.56. wonne by king Henry the thyrde, hys faction. 772.38."
Gloucester monasterie,place,0.88,1,Gloucester monasterie,G,"Gloucester monasterie destroyed by the Danes, and repayred. 222.48."
Gloucester Monasterie of S. Peters,place,0.63,1,Gloucester Monasterie of S. Peters,G,"Gloucester Monasterie of S. Peters, buylded. 222.45."
Gloucester towne,place,0.85,1,Gloucester towne,G,"Gloucester towne, whence so named. 51.55."
Glouernia,place,0.83,1,Glouernia,G,"Glouernia, now Glocester, and why so called. 51.53."
Gluuy,person,0.91,1,Gluuy,G,"Gluuy, Duke of Demetia founder of Gloucester. 51.54."
Gnintolinus,person,0.97,1,Gnintolinus,G,Gnintolinus dyeth and to buried at London. 29.5.
God,uncertain,0.45,1,God,G,God a sister to king Edwarde maried to Eustace Earle of Bologne. 270.82
Goda,person,0.97,1,Goda,G,Goda Earle of Deuonshyre slayne by the Danes. 239.43.
Godaroule Walter,person,0.91,1,Godaroule Walter,G,"Godaroule Walter defendeth the Castle of Hartforde, and at length yeeldeth it vp to Lewes. 609.41."
Godbald,person,0.97,1,Godbald,G,"Godbald, kyng of Orkeney slayne. 163.60."
Godfray Harecourt,person,0.84,1,Godfray Harecourt,H,Godfray Harecourt fleeth out of Fraunce. 928.58. b.
Godfray of Bullongue,person,0.48,2,Godfray of Bullongue,G,Godfray of Bullongue elected king of Hierusalem. 338.64.
Godfrey,person,0.97,4,Godfrey,G,Godfrey inuadeth Northumber+land with an army of Scots 225.50.
Godfrey of Bologne,person,0.97,1,Godfrey of Bologne,G,"Godfrey of Bologne, afterward kyng of Hierusalem. 270.78."
Godrun,person,0.81,1,Godrun,G,"Godrun, a kyng of the Danes. 212.18."
Gods,person,0.81,1,Gods,G,"Gods face, king William Rufus vsual othe. 332.24."
Godstow Nunrie,uncertain,0.2,1,Godstow Nunrie,G,Godstow Nunrie beside Oxford. 472.113.
Godwyn,person,0.96,22,Godwin | Godwyn,G,"Godwyn Earle of Kent, standeth agaynst Harold, for the kingdome of England. 263.35."
Godwyn wel,person,0.95,1,Godwyn wel,G,Godwyn wel friended by the Londoners. 273.68.
Godwynes,person,0.84,2,Godwynes,G,"Godwynes army departeth away priuily, and he also fleeth away in the night. 271.105."
Goffarius,person,0.56,3,Goffarius,G,Goffarius and his army disconfited by the Troians. 14.26.
Goffarius Pictus,person,0.93,1,Goffarius Pictus,G,Goffarius Pictus king of Poic+ton. 13.87.
Gogmagog,person,0.46,2,Gogmagog,G,Gogmagog slaine. 15.90
Goldenston Th<?>mes,person,0.72,1,Goldenston Th<?>mes,G,Goldenston Th<?>mes Prior of Christes Churche in Cantorburie sent Ambassadour into Fraunce. 1437.30.
Gonild,person,0.94,1,Gonild,G,"Gonild, neece to king Swanus banished the Realme. 269 11."
Gonorilla Leirs,person,0.96,1,Gonorilla Leirs,G,Gonorilla Leirs eldest daughter maried to Henninus Duke of Cornewal. 19.93.
Gonzaga Ferdenand Ambassadour,person,0.91,1,Gonzaga Ferdenand Ambassadour,G,Gonzaga Ferdenand Ambassadour from the Emperour. 1591.20.
Gorbod,uncertain,0.2,1,Gorbod,G,"Gorbod. an, called also Gurgust us. 21.80."
Gorbodug,person,0.97,1,Gorbodug,G,Gorbodug dieth and to buried at London. 22.30
Gorbomans,person,0.92,1,Gorbomans,G,Gorbomans eldest Son to Morindus succeedeth his father in the kingdome of Britaine. 30.30.
Gorbonianus,person,0.97,1,Gorbonianus,G,Gorbonianus dyeth. 30.55.
Gorloyes,uncertain,0.2,1,Gorloyes,G,"Gorloyes, looke Gorolus."
Gorolus,person,0.94,2,Gorolus,G,"Gorolus, Duke of Cornwall. 128.34."
Gosefoorde towne,place,0.95,1,Gosefoorde towne,G,Gosefoorde towne. 382.108.
Goseth William,person,0.88,1,Goseth William,G,"Goseth William, dyeth in hys iourney towardes the holye land. 411.56."
Gospatrick,person,0.57,3,Gospatrick,G,"Gospatrick reconcyled, & made Earle of Northumberland, is sent against the Scottes wyth an armie. 306.118. and .312.31."
Gospatricke,person,0.86,1,Gospatricke,G,Gospatricke fleeth into Scotland 298.65.
Gospatrickes,uncertain,0.2,1,Gospatrickes,G,Gospatrickes familie and discent. 312.31.
Gospel of Saint Iohn,person,0.9,1,Gospel of Saint Iohn,G,"Gospel of Saint Iohn, translated into Englishe by Beda. 192.99."
Gothlois,uncertain,0.45,1,Gothlois,G,"Gothlois, a treacherous British captaine. 127.86."
Gotmandin Gaham,place,0.81,1,Gotmandin Gaham,G,"Gotmandin Gaham, in Yorkeshyre. 161.91"
Gouernaunce,uncertain,0.45,1,Gouernaunce,G,Gouernaunce of the churche of England dependeth chiefely vpon the kings. 223.78
Gourin,person,0.95,1,Gourin,G,"Gourin, brother to Duke Rollo of Normandie slayn. 288.97."
Gourney Hugh,person,0.95,2,Gourney Hugh,G,"Gourney Hugh, owner of Fert Castle. 385.40."
Grafton,place,0.81,1,Grafton,G,Grafton a mannor place. pag. 1316. col. 1. lin. 7.
Gray,person,0.93,3,Gray,G,Gray Friers apprehended. pa. 1134. col. 1.<?>.4<?> executed. pa. ibidem. col. ibid and. 50. col. 2. lin. 13.
Gray Henry,person,0.97,1,Gray Henry,G,Gray Henry sonne to Thomas Gray the secende Marques Dorset is created Duke of Suffolke. 1719.20. is committed to the towre. 1720.10. delyuered. ibidem. rebelleth. 1726.55. is apprehended. ibidem. executed 1733.10. twise repelleth his conf<?>ssor from the seaffold. ibiden. his speache at his death. eadem. 24. is described. 1734.24.
Gray Iane,person,0.97,1,Gray Iane,G,Gray Iane maryed to the Lord Guilford Dudley. 1714.36 hath the Crowne conueyed vnto her by the wyl of kyng Edward. 1715.28. is proclaymed Queene. 1716.24 is committed to ward in the Towre. 1720.21. is atteinted. 1723.50. is beheaded 1732.30. The speache shee vsed at her death. eadem. 48.
Gray Iohn,person,0.95,4,Gray Iohn,G,Gray Iohn Lorde rebelling is taken. 1727.10. is pardoned 1755.20.
Gray Leonard,person,0.97,1,Gray Leonard,G,Gray Leonard Lord Deputie of Ireland committed ye towre. 1579.50. executed. 1581. 30. is described. ibidem.
Gray of Ruthan Reinold,person,0.97,1,Gray of Ruthan Reinold,G,Gray of Ruthan Reinold restored Earle of Kent. 1861.16 dyeth. 1865.
Gray Richard,person,0.94,2,Gray Richard,G,"Gray Richard, Captaine of Douer castle, & lord Warden of the Cinque portes. 752. 30. discharged from his offices. 757.23."
Gray Thomas,person,0.97,2,Gray Thomas,G,Gray Thomas Marques Dorset redeemed. 1426.15. committed to the towre. 1430.28. delyuered againe 1432.30.
Gray Thomas So<?>ne,person,0.97,1,Gray Thomas So<?>ne,G,Gray Thomas So<?>ne to Thomas Gray the first Marques Dorset is chief<?> defendor at the Iustes held at the marriage of prince Arthur. 1456. 26. is sent with an armie to recouer Guian. 1472.31. behaueth himselfe very honorably at the Iustes at Paris. 1496.44. receyueth the Emperour. 1520.10. is made warden of the East & middle Marches 1522.40. maketh a noble rode into Scotlan. eadem. 50.
Gray Walter,person,0.97,3,Gray Walter,G,"Gray Walter Byshop of Worcetor, remoued to the See of Yorke. 583.96."
Granbodian,uncertain,0.2,1,Granbodian,G,"Granbodian, looke Gorboniamus."
Grand,person,0.97,1,Grand,G,Grand Prior of Fraunce slaine comming to Cressy. 935.10 b.
Grandmesuil Hugh,person,0.91,1,Grandmesuil Hugh,G,"Grandmesuil Hugh, wasteth Leicester towne, and the countrey adioyning. 318.61"
Granta,uncertain,0.2,1,Granta,G,Granta the old name of Cambridge. 30.63.
Grantchester,uncertain,0.33,2,Grantchester,G,"Grantchester decayed, and now a village. 30.89."
Grantham towne,place,0.87,1,Grantham towne,G,Grantham towne builded. 30.48.
Granzeben mountayne,uncertain,0.2,1,Granzeben mountayne,G,Granzeben mountayne. 71.44
Grapelitum Castle,place,0.9,1,Grapelitum Castle,G,Grapelitum Castle won by the french king. 562.50.
Gratianus,person,0.91,7,Gratianus,G,Gratianus the Emperour sendeth out a power agaynst Marimus. 95.109.
Gratianus Funarius,person,0.91,3,Gratianus Funarius,G,Gratianus Funarius goodes confiscated. 96.99.
Graue,uncertain,0.45,1,Graue,G,Graue sent brent by the frenche men. 1021.20. a
Grauelin,uncertain,0.45,1,Grauelin,G,Grauelin fortifyed by ye French king. 1045.10. a.
Great,person,0.84,1,Great,G,Great number of Christians martyred at Lichfielde. 88.34.
Gregory,uncertain,0.45,1,Gregory,G,Gregory offceth to come preach in England. 146.67.
Gregorie,person,0.88,1,Gregorie,G,Gregorie the Pope sendeth Augustine into Brytaine. 146.11.
Greeke,group,0.85,1,Greeke,G,Greeke letters first brought to Athenes from the Druides. 3.80.
Greeke Charecters,group,0.85,1,Greeke Charecters,G,Greeke Charecters deriued out of the Phenecian letters. 2.60.
Greekes,group,0.85,1,Greekes,G,Greekes called Danai of Danaus. 7.49.
Greeks,group,0.85,1,Greeks,G,Greeks and other nations receyued their learning fyrst from the Celte. 266.
Greene Thomas of Greenes Norton,person,0.72,1,Greene Thomas of Greenes Norton,G,Greene Thomas of Greenes Norton knyght committed to the towre. 1460.21.
Grenewich,uncertain,0.2,1,Grenewich,G,Grenewich. 246.43.
Griffin,person,0.96,4,Griffin,G,"Griffin slayne, and hys head sent to Earle Harold. 277.73."
Griffin ap Rice,person,0.83,1,Griffin ap Rice,G,"Griffin ap Rice, inuadeth the kings dominions in Wales, and burneth them. 353.34."
Griffin Rees,person,0.97,1,Griffin Rees,G,Griffin Rees knyght beheaded and his man hanged & quartered. 1557.42.
Griffins,uncertain,0.45,1,Griffins,G,"Griffins palaice in Rutlande, burned. 277.55."
Griff<?>n,person,0.43,2,Griff<?>n,G,"Griff<?>n kyng of Wales, ouerthroweth the English power 272.58."
Grimbald,person,0.8,1,Grimbald,G,"Grimbald, gouernour of ye new Monasterie at Winchester. 218.39."
Grindal,person,0.87,1,Grindal,G,Grindal doctor Byshop of London. 1803.21.
Groby Castle,place,0.9,2,Groby Castle,G,"Groby Castle, made playne wyth the ground. 445.19."
Gros<?>ed Robert,person,0.97,1,Gros<?>ed Robert,G,Gros<?>ed Robert Byshop of Lincolne dyeth. 733.83. hys worthye commendations. 733.87.
Grossemond Castle in Wales,place,0.97,1,Grossemond Castle in Wales,G,Grossemond Castle in Wales. 643.25.
Grosted Robert,person,0.97,2,Grosted Robert,G,"Grosted Robert, Byshop of Lincolne, what tyme he flourished. 784.54."
Grotes,uncertain,0.2,2,Grotes,G,Grotes and halfe grotes coined 1459.16.
Gualea,person,0.84,1,Gualea,G,"Gualea, or Guales, Ghrankes eldest daughter. 17.103"
Gualo,person,0.97,1,Gualo,G,"Gualo, or Wallo the Popes Legate, accurseth Lewes the French kings sonne, and al his adherents. 613.27"
Gualter de Maunt,uncertain,0.2,1,Gualter de Maunt,G,Gualter de Maunt. 270.83.
Guana riuer in Wales,place,0.97,1,Guana riuer in Wales,G,Guana riuer in Wales. 117.55
Guanius,person,0.46,6,Guanius,G,"Guanius king of the Hunnes, sent against Marimus friendes. 95.109."
Gudench Henry,person,0.97,1,Gudench Henry,G,Gudench Henry Steward to the Earle of Glocester taken prisoner. 779.38
Gudwina,person,0.92,2,Gudwina,G,Gudwina rydeth naked thorow Couenerie. 277.24
Guenbera,uncertain,0.2,1,Guenbera,G,Guenbera suspected of incontinencie. 137.11
Guendoloena,person,0.94,4,Guendoloena,G,"Guendoloena made gouernour of the Realme, during her sonnes minoritie. 17.41"
Guenhera,person,0.9,7,Guenhera,G,"Guenhera her graue found, and boanes translated. 135.39"
Guetheline,person,0.84,1,Guetheline,G,"Guetheline Archbishop of London, sent in ambassade into litle Britaine. 102.34"
Guethrun,uncertain,0.2,1,Guethrun,G,"Guethrun baptized, and named Adelstan. 214"
Guy,person,0.97,3,Guy,G,"Guy or Guido, Earle of Ponthreu. 277.107."
Guy Beuchampe,person,0.97,1,Guy Beuchampe,B,"Guy Beuchampe, Earle of Warwick dyeth. 854.45. a."
Guy de Nealle,person,0.97,1,Guy de Nealle,N,Guy de Nealle Marshal of Fraunce slayne. 947.10. b.
Guiderius,uncertain,0.2,1,Guiderius,G,"Guiderius, looke Guinderius."
Guido,person,0.91,1,Guido,G,Guido king of Ierusalem sore oppressed with moste cruel warre by the Sarasins. 451 21.
Guildebald,person,0.97,1,Guildebald,G,Guildebald Duke of Vrbin elected knight of the garter. 1461.34
Guilford Edward,person,0.97,1,Guilford Edward,G,"Guilford Edward knight marshal of Calice, his vallor. 1521.46."
Guilford Henry,person,0.97,1,Guilford Henry,G,Guilford Henry Prouost Martial of the army sent into Hispaine. 1469.56. made knight by the king of Castil. 1470.33.
Guillomer,person,0.23,3,Guillomer,G,"Guillomer king of Ireland, arrineth in Scotland with a mighty power to helpe the Scots against the Britaines 133.45."
Guilthdacus,person,0.62,3,Guilthdacus,G,"Guilthdacus departeth into Denmarke, and becommeth tributarie vnto Belinus. 24.52."
Guinderius,person,0.91,4,Guinderius,G,Guinderius slaine. 50.69
Guynes Castle,place,0.82,1,Guynes Castle,G,Guynes Castle taken by Iohn Dancaster. 946.50. a.
Guintelinus,uncertain,0.2,1,Guintelinus,G,Guintelinus loke Guintolinus.
Guintolinus,person,0.95,1,Guintolinus,G,"Guintolinus, Sonne to Gurguintus admitted king of Britaine. 28.89."
Guintolsnus,uncertain,0.45,1,Guintolsnus,G,Guintolsnus appeaseth olde dissentions in the Realme. 28.114.
Guyon,person,0.97,1,Guyon,G,"Guyon, Father to Duke Rollo of Normandie, slayne. 288.97."
Guischard De Eugolsine,person,0.96,1,Guischard De Eugolsine,D,Guischard De Eugolsine created Earle of Huntington. 1006.8. b.
Guyse Iohn,person,0.97,1,Guyse Iohn,G,Guyse Iohn knight. 1450.14
Guyshard Robert,person,0.97,1,Guyshard Robert,G,"Guyshard Robert, Duke of Puglia. 346.75."
Guisnes,place,0.9,2,Guisnes,G,Guisnes fortified. 1581.8
Guisnes castle,place,0.94,1,Guisnes castle,G,Guisnes castle. pag. 1297. co. 2 lin. 50. pag. 1298. co. 1. lin. 8.
Guitethus,person,0.91,1,Guitethus,G,Guitethus king of Venedocia. 39.11.
Gumobarius,person,0.8,1,Gumobarius,G,Gumobarius made mayster of the armorie vnto Constantius. 103.45
Gundreda,person,0.91,1,Gundreda,G,"Gundreda Countesse of Warwicke, a valiant Lady. 388.1."
Gundulfe,person,0.91,1,Gundulfe,G,"Gundulfe, byshop of Rochester. 328.39."
Gunhardus,uncertain,0.45,1,Gunhardus,G,"Gunhardus or Suardus, a great Duke in Fraunce. 2.51."
Gunthildes,person,0.85,1,Gunthildes,G,"Gunthildes, sister to king Swanus, with her husband and Sonne murthered. 247.30."
Gunthildis,person,0.9,1,Gunthildis,G,"Gunthildis sister to king Swanus, commeth into England and is baptised there. 247 18."
Guorongus,uncertain,0.2,1,Guorongus,G,Guorongus gouernor of Kent vnder Vortigernus. 113.104
Guortimer,person,0.97,2,Guortimer,G,Guortimer dyeth. 116.82
Gurden Barthram,uncertain,0.45,1,Gurden Barthram,G,Gurden Barthram kyller of king Richard the first. 540 37. forgiuen and rewarded. 540.52. cruelly put to death 540.63.
Gurdon Adam,person,0.97,1,Gurdon Adam,G,"Gurdon Adam, taken prisoner and pardoned. 777.2."
Gurguintus,person,0.97,5,Gurguintus,G,Gurguintus dieth. 28.76
Gurgustus,person,0.97,2,Gurgustus,G,Gurgustus Sonne of Riuallon beginneth to reygne in Britaine. 21.72.
Gurmo,uncertain,0.45,1,Gurmo,G,"Gurmo, for Gurmond, & Gurthryd. 219.68"
Gurmo Anglitus,person,0.91,1,Gurmo Anglitus,G,Gurmo Anglitus succeedeth his father Frotto in ye kingdome of Denmarke 215 27.
Gurmond,uncertain,0.2,1,Gurmond,G,Gurmond called also Guthryd. 219.66.
Gurmundus,person,0.61,1,Gurmundus,G,Gurmundus arriueth in Britaine to ayde the Saxons. 144.3.
Gurth,person,0.92,3,Gurth,G,"Gurth perswadeth king Harold not to fight hym selfe with Duke William of Normandie, for his othes sake. 286 38."
Gurthrun,person,0.84,1,Gurthrun,G,"Gurthrun a Dane, appoynted king ouer both East Angles, and East Saxons. 211.46."
Guthmund,uncertain,0.2,1,Guthmund,G,Guthmund a leader of ye Danes 239.55.
Guthryd,person,0.87,3,Guthryd,G,Guthryd departeth this life. 219.62.
Gutlacke,uncertain,0.2,1,Gutlacke,G,"Gutlacke, a man of great vertue and holinesse. 197.18."
Gutland,uncertain,0.2,1,Gutland,G,Gutland subdued to the Britaines. 133.64
Habulacus,uncertain,0.45,1,Habulacus,H,"Habulacus, one of the Byshops of the East Angles. 192.1."
Haco,uncertain,0.45,1,Haco,H,"Haco, a Danish Earle, arriueth in Enlgand wyth an armie agaynst King William. 309 26."
Hacun,person,0.88,2,Hacun,H,Hacun sonne to Swaine. 273 94
Haddington,place,0.88,1,Haddington,H,Haddington fortifyed by the Lord Gray. 1634.40. is besieged by the Frenchmen & valiantly defended. 1635. 43. is deliuered from siege by the Earle of Shrewibury 1637.40. almost taken by a Camisado 1641.42. forsaken by the Englishmen and razed. 1702.50.
Haddington chase,place,0.97,1,Haddington chase,H,Haddington chase. 1637.8.
Haghenet Castle,place,0.86,1,Haghenet Castle,H,"Haghenet Castle, taken and burned. 431.48."
Hagustald,uncertain,0.2,1,Hagustald,H,"Hagustald, or Lindesferne. 182 15."
Hay Iohn,person,0.97,1,Hay Iohn,H,"Hay Iohn, knight, taken prisoner 777.29."
Hay Rauife,person,0.87,1,Hay Rauife,H,"Hay Rauife, sent ouer into England with a band of souldiours. 433.51."
Haiden,person,0.87,1,Haiden,H,"Haiden, a Danish king, slayne. 220.63."
Hayles,uncertain,0.42,1,Hayles,H,"Hayles bloud, brought into England. 781.100"
Hayles Abbey,place,0.97,1,Hayles Abbey,H,Hayles Abbey founded. 781.95.
Haymon,person,0.95,1,Haymon,H,"Haymon Earle of Gloucester, departeth this life. 399.46."
Hall Iohn,person,0.78,1,Hall Iohn,H,Hall Iohn executed. 1864.28.
Halden,person,0.34,2,Halden,H,"Halden, a Danishe King. 212.12."
Haldene,uncertain,0.45,1,Haldene,H,"Haldene, a leader or kyng of the Danes. 209.115."
Hales Iames,person,0.8,1,Hales Iames,H,Hales Iames knyght hys sundry molestations and ende. 1723.
Halewell Thomas,person,0.97,1,Halewell Thomas,H,Halewell Thomas knight. 1450.43.
Haliwel riuer,place,0.95,1,Haliwel riuer,H,Haliwel riuer. 380.33.
Hambletew,uncertain,0.45,1,Hambletew,H,Hambletew rendered to the French king. 1695.4.
Hambout,place,0.88,1,Hambout,H,Hambout in Britaine besieged. 917.8. a.
Hamelton Stephan,person,0.97,1,Hamelton Stephan,H,Hamelton Stephan knight put to death. 1570.10.
Hammes,uncertain,0.2,1,Hammes,H,Hammes abandoned to the Frenchmen. 1777.20.
Hamfrey Stafford,uncertain,0.2,1,Hamfrey Stafford,H,Hamfrey Stafford. pag. 1422. co. 1. lin. 24.
Hamilton castle,place,0.87,1,Hamilton castle,H,Hamilton castle yeelded. 1850.35.
Hamo,person,0.93,2,Hamo,H,Hamo slayne. 50.76.
Hamons hauen,place,0.62,1,Hamons hauen,H,"Hamons hauen, called newe Southampton. 51.9."
Hampton,place,0.97,1,Hampton,H,"Hampton, why so called. 51.7."
Hampton fortresse,place,0.97,1,Hampton fortresse,H,Hampton fortresse. 391.32.
Hamshyre,place,0.89,1,Hamshyre,H,Hamshyre wasted by ye Danes. 240.73. and .245.4.
Hangey Castle,place,0.95,1,Hangey Castle,H,Hangey Castle. 386.12
"Hanslap, Castle",place,0.82,1,"Hanslap, Castle",H,"Hanslap, Castle taken. 596.28"
Har. William,person,0.97,4,Har. William,H,Har. William cited. 121.3. and 125.77. and .127.30. and 128.40. and .129.16.
Harald,person,0.91,1,Harald,H,Harald byshop of Elsham. 195.13.
Harbaldowne Hospital,uncertain,0.45,1,Harbaldowne Hospital,H,"Harbaldowne Hospital nygh Cantorburie, builded. 320.65."
Harbert William,person,0.97,1,Harbert William,H,Harbert William knyght one of king Henry the eyght his executors. 1611.51. represseth the Rebels in Somer<?>etshire 1648.24 master of the horse and created Earle of Penbroke. 1709.25. is generall of the armie agaynst What. 1731.20. is generall of an armie into Fraunce. 1767. 17. Lord Stward of her maiesties house dieth. 1841.52
Hardicnute,person,0.97,4,Hardicnute,H,"Hardicnute refuseth to come out of Denmark, to gouerne England. 263.50."
Hardiknought,person,0.88,1,Hardiknought,H,"Hardiknought looke Hardicnute Harold king of man, made knight. 715.100."
Harding,person,0.97,1,Harding,H,Harding cited. 167.4
Harding Iohn,person,0.97,1,Harding Iohn,H,Harding Iohn cited. 7.3. and 76.3.
Harding Stephan,person,0.97,1,Harding Stephan,H,"Harding Stephan, a Monke of Shirebourne. 333.84."
Hare Nicholas,person,0.85,1,Hare Nicholas,H,Hare Nicholas knight committed to the Towre. 1578. 20. and deliuered. ibidem.
Harfleete in Normandie,place,0.82,1,Harfleete in Normandie,H,Harfleete in Normandie. 436.85.
Harflew,place,0.84,1,Harflew,H,Harflew wonne by the English. pag. 1262. col. 1. lin. 2.
Harington Iames,person,0.97,1,Harington Iames,H,Harington Iames attaynted. 1425.42.
Harrison William,person,0.97,4,Harison William | Harrison William,H,Harison William cyted. 229.31. and .241.89. and .241. 110. and .266.58.
Harlington,uncertain,0.2,1,Harlington,H,Harlington. pag. 1299. col. 1. lin. 42.
Harnsey,uncertain,0.2,1,Harnsey,H,Harnsey. pag. 1363. col. 2. lin. 31.
Harold,person,0.95,36,Harold,H,"Harold, a Dane slayne. 210.37"
Harold Harfager,person,0.95,2,Harold Harfager,H,Harold Harfager slayne and his armie discomfited. 284.90.
Harold William,person,0.97,1,Harold William,H,Harold William cyted. 130. 70. and .131.40. and .133. 58. and .137.63. and .140. 15.
Haroldes landes,person,0.81,1,Haroldes landes,H,Haroldes landes giuen to Algar. 272.22.
Harolds,person,0.57,3,Harolds,H,Harolds bodye taken vp and throwen into the Thames. 267.3.
Harper George,person,0.94,1,Harper George,H,Harper George knight rebelleth. 1724.44. commeth in and submitteth himself vnto ye duke of Norfolk. 1725.31. r<?>uolteth againe. 1726.28.
Hartfoord Castle,place,0.87,1,Hartfoord Castle,H,Hartfoord Castle builded. 220.78.
Haruie,person,0.41,2,Haruie,H,"Haruie first Byshop of Ely, there appointed. 349.92."
Hasti<?>ges,person,0.97,1,Hasti<?>ges,H,Hasti<?>ges Lord created Earle of Huntington. 1553.12.
Hasting,place,0.56,3,Hasting,H,Hasting euer most vntrue of woorde and deede. 216.19.
Hasting battaile,place,0.97,1,Hasting battaile,H,"Hasting battaile, fought by the Normans agaynst the Englishmen. 286.56."
Hasting Castle,place,0.97,1,Hasting Castle,H,Hasting Castle buylded. 299.2
Hasting fortresse,place,0.89,1,Hasting fortresse,H,Hasting fortresse builded by the Normans. 286.10
Hastings,person,0.95,1,Hastings,H,Hastings the Purciuant. pag. 1373. col. 2. lin. 55.
Hastings Henry,person,0.97,1,Hastings Henry,H,Hastings Henry a Baron dyeth. 723.22.
Hastings Richard,person,0.97,1,Hastings Richard,H,Hastings Richard a knight templex. 403.47
Hastings Robert,person,0.97,1,Hastings Robert,H,Hastings Robert a knyght temple<?>. 400.70.
Hatan,person,0.5,1,Hatan,H,"Hatan, looke Elanius."
Hatfielde battaile,place,0.97,1,Hatfielde battaile,H,Hatfielde battaile fought by the Britaines against the Englishmen. 163.56.
Hatton Christopher,person,0.97,1,Hatton Christopher,H,Hatton Christopher made captaine of the Euald. 1864.2
Haunsard Gilberd,uncertain,0.2,1,Haunsard Gilberd,H,Haunsard Gilberd. 777.21
Hawes Stephen,person,0.97,1,Hawes Stephen,H,Hawes Stephen. 1462.57.
Heathe Nicolas,person,0.97,1,Heathe Nicolas,H,"Heathe Nicolas Archbyshop of Yorke made Lord Chauncellour. 1764.33. moueth the Parlament to proclaime the Lady Elizabeth Queen, after the disease of her sister. 1784 53. is depriued of his Archbyshopricke. 1802.42."
Hec. Boet,uncertain,0.2,1,Hec. Boet,H,Hec. Boet cyted. 137.40.
Hect. Boet,person,0.85,1,Hect. Boet,H,Hect. Boet. cited. 127.50. and. 128.27. and. 129.66 and. 129.71. and. 129.78
Hector Boetius,uncertain,0.26,4,Hector Boetius,H,Hector Boetius his common fault. 34.67
Hedgecote fielde,place,0.95,1,Hedgecote fielde,H,Hedgecote fielde. pag. 1320. col. 1. lin. 26.
Hey,uncertain,0.45,1,Hey,H,Hey honour confirmed to Mathew earle of Boloigne. 427 17.
Hey Castle,place,0.86,1,Hey Castle,H,Hey Castle made plaine with the ground. 445.20
Helatherne battaile,place,0.95,1,Helatherne battaile,H,Helatherne battaile against Ethelbert. 196.42.
Helene,person,0.94,7,Helene,H,"Helene, a great setter foorth of Gods honour, and of the Christian fayth. 91.101."
Hely,person,0.97,1,Hely,H,"Hely king of Britaine, and Father to Lud. 33.58."
Helias,person,0.46,2,Helias,H,"Helias captaine of the siege before Maus, taken, & brought to king Williã Rufus. 329 82."
Helias de Brantfield,person,0.83,1,Helias de Brantfield,H,"Helias de Brantfield, sent to Rome by king Iohn. 561.80."
Helig,place,0.67,1,Helig,H,"Helig, what it signifieth. 33.70"
Heming,person,0.65,1,Heming,H,"Heming a Dane, banished the Realme. 269.14."
Henalt,person,0.76,1,Henalt,H,Henalt inuaded by the Duke of Normandie. 908.13. b.
Hengist,person,0.9,7,Hengist,H,Hengist taken and beheaded. 122.97.
Hengistenton battaile,place,0.95,1,Hengistenton battaile,H,Hengistenton battaile fought by the English men agaynst the Danes and Welchmen. 204.74.
Hennimus,person,0.97,2,Hennimus,H,"Hennimus Duke of Cornewal, discomfited and slayne. 20.55."
Henning,uncertain,0.45,1,Henning,H,Henning a Danish Captayne. 244.113.
Henious,uncertain,0.45,1,Henious,H,Henious ordinance of the Pope 747.20.
Henry,person,0.96,131,Henry,DHLP,Henry Lord Percie created Earle of Northumberland. 1006.8. b.
Henry Bewfort,person,0.97,1,Henry Bewfort,H,Henry Bewfort Bishop of Winchester made Cardinal. pag. 1235. col. 1. lin. 30. went into Boheme. pa. 1244. col. 2. lin. 17. deceased. pa. 1274 col. 1. lin. 20.
Henry Bolinbroke,person,0.97,2,Henry Bolinbroke,B,Henry Bolinbroke Earle of Derby married. 1050.44. b.
Henry Bourchier Eale of Essex,person,0.97,1,Henry Bourchier Eale of Essex,H,Henry Bourchier Eale of Essex. pag. 1313. col. 1. lin. 38.
Henry Chicheley,person,0.97,1,Henry Chicheley,H,Henry Chicheley Archbishop of Cantorbury deceassed. pa. 1271. col. 1. lin. 17.
Henry de Bloys,person,0.97,1,Henry de Bloys,H,"Henry de Bloys, alias the Sully Abbot of Glastenbury. 134 46."
Henry Fitzempresse,person,0.96,8,Henry Fitzempresse,H,Henry Fitzempresse departeth ouer Scaro his Father. 381 50.
Henry Greene,person,0.79,1,Henry Greene,H,Henry Greene knight beheaded 1106.14. b.
Henry Huntingdon,person,0.97,1,Henry Huntingdon,H,Henry Huntingdon cited. 319.18. and. 340.46.
Henry Huntington,person,0.97,2,Henry Huntington,H,Henry Huntington cited. 142.67. and. 154.77. and. 216 65.
Henry Newarke,person,0.97,1,Henry Newarke,N,Henry Newarke made archbishop of Yorke. 815.32. a. dieth. 835.58. a
Henry of Hereford,person,0.97,1,Henry of Hereford,H,Henry of Hereford murdred thorow treason of the Welchmen 440.8.
Henry Plantagenet,person,0.97,1,Henry Plantagenet,H,Henry Plantagenet proclaimed king of England. pag. 1119 col. 1. lin. 12. crowned. pag. 1121. col 1. lin. 34. he slewe in one battaile with his own handes .xxxvi. persons. pag. 1140. col. 1. lin. 1.
Henricus de Erphordia,person,0.85,1,Henricus de Erphordia,H,Henricus de Erphordia cited. 75.108.
Henricus Huntington,uncertain,0.2,1,Henricus Huntington,H,Henricus Huntington cyted. 116.52.
Henrie,person,0.95,22,Henrie | Henrye,HL,Henrye Earle of Lancaster against the Queene. 892.37 a.
Henrie Checheley,person,0.97,1,Henrie Checheley,H,Henrie Checheley Archbyshop of Canterburie his Oration. pag. 1168. col. 2. lin. 21.
Henrye de Essex,person,0.87,1,Henrye de Essex,H,"Henrye de Essex throweth downe his Standerd, and dishonorably runneth away. 397.55."
"Henrye de Essex, Standerd",person,0.97,1,"Henrye de Essex, Standerd",H,"Henrye de Essex, Standerd bearer to the kyng by inheritance. 397.54"
Henrye Emperour,person,0.97,1,Henrye Emperour,H,Henrye Emperour departeth this lyfe. 360.9
Henrye Fitzempresse,person,0.97,3,Henrie Fitzempresse | Henrye Fitzempresse,H,"Henrie Fitzempresse and king Stephan, conclude an agreement. 387.77. &. 389.27."
Heraclitus,person,0.81,1,Heraclitus,H,Heraclitus appoynted Lieutenant of Britaine. 78.8
Heraclius,uncertain,0.45,2,Heraclius,H,"Heraclius Patriarch of Hierusalem, commeth into England for aide against the Sarasins. 460.54"
Heraclius Emperour,person,0.88,1,Heraclius Emperour,H,Heraclius Emperour. 165.90
Herbert,person,0.97,2,Herbert,H,"Herbert Bishop of Thetfoord, depriued of his Bishopricke, and why. 325.38"
Herbinger,person,0.88,1,Herbinger,H,"Herbinger to Earle Eustace of Bologne, slayne at Canterburie. 270.88"
Herculanilla,person,0.95,1,Herculanilla,H,"Herculanilla wife to Claudius the Emperour, forsaken by diuorcement. 51.68"
Hercules,person,0.94,4,Hercules,H,Hercules Promontoriũ. 6.56
Hercules Lybiens,person,0.97,1,Hercules Lybiens,H,Hercules Lybiens sonne to Osyris. 5.96
Hereferd,person,0.97,1,Hereferd,H,Hereferd Bishop of Winchester slaine. 204.65
Hereford,place,0.87,1,Hereford,H,"Hereford recouered, and fortified. 276.48."
Hereford battaile,place,0.82,1,Hereford battaile,H,"Hereford battaile, fought by Cuthred king of West Sarons, against Ethelbaldus king of Mercia. 193.84."
Hereford Castle,place,0.88,2,Hereford Castle | Hereford castle,H,Hereford castle. 371.20.
Herefoord Churche,place,0.97,1,Herefoord Churche,H,Herefoord Churche endowed with great reuenewes. 195.51.
Hereford Minster,place,0.88,1,Hereford Minster,H,Hereford Minster set on fyre. 276.
Hereford shyre,place,0.86,1,Hereford shyre,H,Hereford shyre wasted by Edrik Syluaticus. 297.28
Hereford towne,place,0.91,1,Hereford towne,H,Hereford towne spoyled and burnt. 276.32
Herene,person,0.81,1,Herene,H,Herene flourisheth. 21.67.
Herrericus,person,0.85,1,Herrericus,H,Herrericus nephew to king Edwyn. 183.24
Hereward,person,0.75,2,Hereward,H,Hereward escapeth into the Ile of Ely. 306.93
Herflew,place,0.89,1,Herflew,H,Herflew besieged by the french pag. 8275. col. 2. lin. 56. yelded. pag. 1276. col. 1. lin. 10.
Herford,uncertain,0.45,1,Herford,H,Herford West. pag. 1413. col. 2. lin. 41.
Herford shyre,place,0.74,1,Herford shyre,H,Herford shyre wasted by the Welchmen. 272.59
Herlowin,uncertain,0.2,1,Herlowin,H,Herlowin a Noble man of Normandie. 323.31
Hermite Peter of Yorke,person,0.93,1,Hermite Peter of Yorke,H,"Hermite Peter of Yorke a man in great estimation. 580.31 hanged together with his sonne, by commaundement of king Iohn. 580.52"
Herodianus,person,0.85,1,Herodianus,H,Herodianus cited. 79.39. and. 79.58.
Heron,person,0.94,1,Heron,H,Heron bastard. slaine. 1532.40.
Heron Gyles,person,0.97,1,Heron Gyles,H,Heron Gyles put to deth. 1590 29.
Heron Iohn Banrupt,person,0.97,1,Heron Iohn Banrupt,H,Heron Iohn Banrupt Mercer counseller to Perkin Warbecke. 1449.57.
Hertfordshire commons,person,0.83,1,Hertfordshire commons,H,Hertfordshire commons sworne to the king. 1035.40. b.
Herthew Monasterie,place,0.97,1,Herthew Monasterie,H,Herthew Monasterie. 175.79
Herts Hal,place,0.83,1,Herts Hal,H,Herts Hal in Oxford founded. 882.20. b.
Hesding castle,place,0.97,1,Hesding castle,H,Hesding castle besieged. 1522.53.
Hestritha,person,0.94,1,Hestritha,H,"Hestritha sister to king E<?>te, maryed to Richard Duke of Normandie. 259.55"
Heuenfield,uncertain,0.45,1,Heuenfield,H,"Heuenfield, where Oswaldes crosse was erected. 165.22"
Hewet Andrew,person,0.84,1,Hewet Andrew,H,Hewet Andrew burnt. 1563 1.
Hexham Abbey,place,0.84,1,Hexham Abbey,H,Hexham Abbey spoyled. 819.58. a.
Hũgh de Boues,uncertain,0.2,1,Hũgh de Boues,H,Hũgh de Boues. pag. 563.62
Hydingham Castle,place,0.91,2,Hidingham Castle | Hydingham Castle,H,Hidingham Castle wonne by king Iohn. 598.46.
Higanius,uncertain,0.2,1,Higanius,H,"Higanius and Petitur, looke Vigenius and Peredurus. 31."
Higilbald,person,0.91,1,Higilbald,H,Higilbald slayne. 181.98.
Higinus,person,0.85,1,Higinus,H,Higinus cited. 5.17. and. 8.73.
Higwald,person,0.91,1,Higwald,H,"Higwald, Byshop of Lindesferne. 199.2."
Hikenelstreete,uncertain,0.45,1,Hikenelstreete,H,"Hikenelstreete, where it beginneth and endeth. 25.13."
Hylarie,person,0.91,1,Hylarie,H,Hylarie Byshop of Chichester. 382.53.
Hillarius,person,0.94,2,Hillarius,H,Hillarius Byshop of Poictiers cyted. 90.47.
Hilda,person,0.88,2,Hilda,H,"Hilda, Abbesse of Whitby departeth this life. 183.21."
Hildeltha,uncertain,0.2,1,Hildeltha,H,Hildeltha a Nunne. 181.25.
Hildila,person,0.81,1,Hildila,H,Hildila a Priest. 184.63.
Hilton Raufe,person,0.97,1,Hilton Raufe,H,Hilton Raufe knight sent into Britaine. 1434.10.
Hinke Hugh,person,0.97,1,Hinke Hugh,H,Hinke Hugh Archbyshop of Dublin. 1525.28.
Hypermnestra,person,0.79,3,Hypermnestra,H,"Hypermnestra, one of Danaus daughters, saueth her husbandes lyfe. 7.76."
Hypres William,person,0.97,1,Hypres William,H,"Hypres William, regent of Flaunders. 361.47."
Hirick,uncertain,0.45,1,Hirick,H,Hirick desposed fron his kingdone by ye Northumbers. 229.71.
Hirilda,person,0.46,2,Hirilda,H,Hirilda slayne by Eweline. 43.59.
Hirke,person,0.81,1,Hirke,H,"Hirke or Hericus, made kyng of the Northumbers. 229.56"
Hisider,place,0.5,1,Hisider,H,"Hisider, looke Elidurus."
Hocehnereton battaile,place,0.95,1,Hocehnereton battaile,H,Hocehnereton battaile fought by the Danes against the Englishmen. 221.8.
Holland in Lincolneshyre,person,0.97,1,Holland in Lincolneshyre,H,Holland in Lincolneshyre inuaded and made tributorie to Lewes the French kings sonne. 602.31.
Holy Island,place,0.97,1,Holy Island,H,Holy Island. pa. 1313. co. 2. lin. 47.
Holy Shepheard,place,0.95,1,Holy Shepheard,H,Holy Shepheard. pag. 1247. col. 2. lin. 57.
Holme battaile,place,0.97,2,Holme battaile,H,"Holme battaile, fought by the Citizens of Cantorburie, against the Danes. 221.55"
Holstocke Thomas Controler,person,0.97,1,Holstocke Thomas Controler,H,Holstocke Thomas Controler of her highnesse ships is sent to the Sea with three ships and a Barke to staye the subiects of the king of Hispaine. 1838.30. his acts in that voiage. ibidem. is eftsons sent to the Sea against Pirats of whon he taketh. 20. saile and rescueth. 15. merchants shippes. 1865.20.
Homage,person,0.85,1,Homage,H,Homage done by the Barons to Lewes the Frenche kings sonne. 599.90.600.16.
Homagedon,person,0.81,1,Homagedon,H,Homagedon by the Lords and Barons to king Iohn. 545.1.
Honedon towne,place,0.97,1,Honedon towne,H,Honedon towne or Manour. 484.19.
Honfleue castle,place,0.97,1,Honfleue castle,H,Honfleue castle wonne by Mouy. 1824.58.
Honorius,person,0.9,4,Honorius,H,Honorius Archbyshop of Cantorburie next after Iustus. 162.54.
Honours,uncertain,0.2,1,Honours,H,Honours change manners. 412 48.
Hopton Walter,person,0.97,1,Hopton Walter,H,Hopton Walter attainted. 1425.47.
Horrestians,uncertain,0.2,2,Horrestians,H,Horrestians inhabitantes of Angus and Merne. 73.31.
Horewood,uncertain,0.2,1,Horewood,H,Horewood. 232.106.
Horgerius,person,0.91,1,Horgerius,H,"Horgerius, Duke of Cornwall 232.55."
Horne castle,uncertain,0.45,1,Horne castle,H,Horne castle ouerthrwne. 319.53.
Horne William,person,0.92,1,Horne William,H,Horne William hanged and quartered. 1580.33.
Horsus,person,0.41,2,Horsus,H,"Horsus with a great number of his people, slayne by the Brytaynes. 124.23."
Hospital of Saint Leonard,person,0.9,1,Hospital of Saint Leonard,H,Hospital of Saint Leonard at Yorke. pag 1319. col. 1. lin. 25.
Hostes,uncertain,0.45,1,Hostes,H,Hostes of men seene fighting in the Skie. 325.26.
Hosteus de Boloinge,person,0.81,1,Hosteus de Boloinge,H,"Hosteus de Boloinge, a knight Templer. 403.48"
Hotspore Henry,person,0.97,1,Hotspore Henry,H,Hotspore Henry Percie. pag. 1136. col. 1. lin. 39. col. 2. lin 52. slayne. pag. 1140. col. 1. lin. 4. French Pirats. pag. 1152. col. 1. lin. 36.
Houeden Roger,person,0.97,1,Houeden Roger,H,Houeden Roger cited. 435.23.
Houndes,uncertain,0.2,1,Houndes,H,Houndes mad with lying all night in a Church. 328.100
Houses vpon London bridge,place,0.95,1,Houses vpon London bridge,H,Houses vpon London bridge burnt. 574.24.
Howard Edmond,person,0.97,1,Howard Edmond,H,Howard Edmond sonne vnto Thomas Earle of Surrey knight iusteth. 1466.29.
Howard Edmonde,person,0.97,1,Howard Edmonde,H,Howard Edmonde sonne to Thomas the first Duke of Norfolke Captaine of the wyng of the auantgard at Flodden field. 1691.50. felled downe. 1492.18. knight Mashal. 1503.26.
Howard Edwarde,person,0.97,1,Howard Edwarde,H,Howard Edwarde son to Thomas Erle of Surrey knight & Lord Admiral iusteth. 1466.29
Howard Henry,person,0.97,1,Howard Henry,H,Howard Henry sonne to Thomas the seconde Duke of Norfolke is Marshal of the armie at Mutterel. 1594.22. is Lieutenant of Boulogne and fighteth infortunately. 1604.36. is attaynted and beheaded. 1611.10. is described. ibidem.
Howard Iohn,person,0.97,1,Howard Iohn,H,Howard Iohn late Duke of Norfolk attainted. 1425.39
Howard Katharin,person,0.97,1,Howard Katharin,H,Howard Katharin daughter to the Lord Edmond Howard married to the king. 1580.40. is accused of incontinencie. 1582.18. is committed to the towre. 1583.10; is beheadded. eadem. 20.
Howard Thomas,person,0.97,5,Howard Thomas,H,Howard Thomas Lord attainted of treason. 1565.58.
Howard William,person,0.97,2,Howard William,H,Howard William Lord attainded of misprision of treason. 1583.34.
Howel,person,0.39,6,Howel,H,Howel besieged by the Scottes 133.35.
Hownhil,uncertain,0.2,1,Hownhil,H,Hownhil ln Staffordshire. 242.72.
Huual,uncertain,0.45,1,Huual,H,"Huual, a Welch king. 231.81."
Hubba,person,0.84,1,Hubba,H,"Hubba, or Hubo slaine. 212.93"
Hubert,person,0.69,7,Hubert,H,Hubert Archbishop of Cantorbury made Lord Chauncelour of England. 545.45
Hubert de Burgh,place,0.77,3,Hubert de Burgh,H,Hubert de Burgh a valiant defender of the castle of Douer. 609.10.
Hubert Fitz Mathewe,person,0.84,1,Hubert Fitz Mathewe,H,Hubert Fitz Mathewe slaine with a stone. 712.30
Hubo,person,0.85,1,Hubo,H,"Hubo and Agnerus brethren, chosen Captaynes of the Danes. 210.77"
Hugh,person,0.96,27,Hugh,CH,"Hugh a Norman, conspireth with the Danes against the English men. 243.44"
Hugh Audeley,person,0.97,1,Hugh Audeley,A,Hugh Audeley created Earle of Glocester. 900.13. b.
Hugh Conway,person,0.97,1,Hugh Conway,H,Hugh Conway Esquire sent into Britaine. pag. 1400. col. 2 lin. 17.
Hugh Cressinghãs,person,0.97,1,Hugh Cressinghãs,C,Hugh Cressinghãs pryde. 829.13. a.
Hugh de Fresnes,person,0.97,1,Hugh de Fresnes,F,Hugh de Fresnes Earle of Lincoln dyeth. 899.35. b.
Hugh Erle of Chester,person,0.97,1,Hugh Erle of Chester,H,Hugh Erle of Chester. 336.12
Hugh of Mountfort,person,0.94,1,Hugh of Mountfort,H,Hugh of Mountfort taken prisoner in an ambush. 359.73.
Hugh Venables,person,0.97,1,Hugh Venables,H,Hugh Venables knight. pag. 1295. col. 1. lin. 57.
Hughbright,person,0.91,1,Hughbright,H,"Hughbright, byshop of Litchfield. 199.13."
Hull,place,0.89,1,Hull,H,Hull fortified. 1582.13
Hulcotes Philip,person,0.97,1,Hulcotes Philip,H,Hulcotes Philip. 595.68
Humber,uncertain,0.45,2,Humber,H,"Humber king of Hunnes inuadeth Albania, and slayeth Albanact. 1672."
Humber in Holdernesse,place,0.95,1,Humber in Holdernesse,H,Humber in Holdernesse. pag. 1327. col. 1. lin. 52.
Humber riuer,place,0.97,2,Humber Riuer | Humber riuer,H,Humber Riuer. 140.24
Hume castle,place,0.7,2,Hume castle,H,Hume castle won by the Duke of Somerset. 1631.10. recouered by the Scots. 1640.14.
Humez Richard,person,0.97,1,Humez Richard,H,"Humez Richard, Constable to Henry, sonne to king Henry the second. 436.70"
Humfrey,person,0.97,5,Humfrey,H,Humfrey Neuill knight. pag. 1315. col. 1. lin. 6. beheaded ead. lin. 14.
Humfrey Bannestar,person,0.97,1,Humfrey Bannestar,H,Humfrey Bannestar betrayeth his master. pag. 1403. co. 1. lin. 15.
Humfrey Bohun,person,0.97,2,Humfrey Bohun,B,Humfrey Bohun Earle of Herford slayne. 866.30. b.
Humfrey Stafford,person,0.97,1,Humfrey Stafford,H,"Humfrey Stafford knight, with William his brother slaine. pag. 1279. col 2. lin. 48."
Humfreuille,person,0.81,1,Humfreuille,H,Humfreuille Warden of the North partes dyeth. 714.25.
Humfry,person,0.97,1,Humfry,H,Humfry Lord Stafford of Southwike named Earle of Deuon. pag. 1319. col. 2. lin. 53. beheaded. pag. 1321. col. 1. lin. 15.
Humfry Bouchear,person,0.97,1,Humfry Bouchear,H,Humfry Bouchear knight son to the Lord Barners Hugh Courtney knight. pag. 1336. col. 1. lin. 31.
Hun Richard,group,0.85,1,Hun Richard,H,Hun Richard found hanged in the Lollardes Towre. 1496 54.
Hundreds,place,0.85,1,Hundreds,H,"Hundreds and Tithings deuysed in England, and why. 217.22."
Hunflue,person,0.8,1,Hunflue,H,Hunflue taken by the Englishe. pag. 1198. col. 2. lin. 14
Hungar,place,0.42,2,Hungar,H,Hungar and Halden slaine. 214 65.
Hungerford,person,0.97,1,Hungerford,H,Hungerford Lord executed for Buggerie. 1580.1
Hungerford Walter,person,0.97,1,Hungerford Walter,H,Hungerford Walter knyght is created Lord Hungerford. 1563.55.
Hunting,place,0.84,1,Hunting,H,Hunting in Chases and Forrestes freely permitted. 319.42.
Huntingdon Henry,person,0.86,1,Huntingdon Henry,H,"Huntingdon Henry, in what tyme he liued. 394.44"
Huntington,person,0.64,1,Huntington,H,Huntington and Cambridge Counties' graunted to Dauid brother to king William of Scotland. 427.29.
Huntington Castle,place,0.71,2,Huntington Castle | Huntington castle,H,Huntington Castle made playn with the ground. 445.19.
Hunwald,person,0.85,1,Hunwald,H,Hunwald Earle betrayeth Oswin. 170.57.
Husbandmen in England,uncertain,0.45,1,Husbandmen in England,H,"Husbandmen in England made slaues, and toyle for the Danes. 243."
Husey,person,0.97,1,Husey,H,Husey Lord attainted. 1570.24. executed. eadem. 25.
Iacke,person,0.97,1,Iacke,I,Iacke Cades rebellion. pag. 1279. col. 1. lin. 53. Cade slayne. pag. 1281. col. 2. lin. 3.
Iacob Artenels house,place,0.69,1,Iacob Artenels house,A,Iacob Artenels house beset. 926.45. b. he is slaine. 927.1. a.
Iago,person,0.9,2,Iago,I,"Iago dieth, and is buried at Yorke. 21.113."
Iayles,uncertain,0.2,1,Iayles,I,"Iayles opened, and prisoners set at libertie. 475.3."
Iambert,person,0.81,1,Iambert,I,"Iambert Bishop, looke Lambert."
Iames,person,0.91,13,Iames,AI,Iames butler Earle Ormond and Wilshire. pag. 1288. col. 1. lin. 26. pag. 1304. col. 1. lin. 38.
Iames Botiller,person,0.94,1,Iames Botiller,B,Iames Botiller created Earle of Ormond. 892.14. a.
Iames Cromor,person,0.94,1,Iames Cromor,I,Iames Cromor knight beheaded. pag. 1283. col. 2. lin. 8.
Iames Harrington,person,0.92,1,Iames Harrington,I,Iames Harrington knight. pag 1329. col. 1. lin. 14.
Iames Tirrel,person,0.94,1,Iames Tirrel,I,Iames Tirrel deuised the destruction of Edw. the fourts children. pag. 1390. col. 1. lin. 55. made knight. pag. 1391. col. 1. lin. 25. beheaded. pag. 1391. col. 2. lin. 3.
Iames Twichit,person,0.93,1,Iames Twichit,I,Iames Twichit Lord Audley. pag. 1295. col. 1. lin. 8. slayne. pag. 1295. col. 2. lin. 32.
Iaminfindil,person,0.91,1,Iaminfindil,I,Iaminfindil beheaded. pag. 1297. col. 2. lin. 58.
Iane,person,0.96,3,Iane,I,Iane of the Tower maried to Dauid Bruce. 892.1. a.
Iane de Courtney,person,0.97,1,Iane de Courtney,C,Iane de Courtney maryed to the Earle of Saint Pawle. 1016.11. b.
Iaphet,person,0.3,5,Iaphet,I,Iaphet deuideth Europ<?> among his sonnes. 1.96.
Iaques Van Herteueld,person,0.9,1,Iaques Van Herteueld,I,Iaques Van Herteueld. 902.37. b.
Iaruman,uncertain,0.45,1,Iaruman,I,"Iaruman or Iaroman, succeedeth Trumhere in the Bri. shoprick of Merci<?>. 178.21."
Iaspor,person,0.91,2,Iaspor,I,Iaspor Earle of Penbroke with Henry earl of Richmonte passe ouer into Britain. pag 1545. col. 1. lin. 14.
Iaspore,person,0.91,1,Iaspore,I,Iaspore Earle of Penbroke. pag. 1414. col. 1. lin. 5. pag. 1417. col. 2. lin. 32.
Iceni,uncertain,0.45,1,Iceni,I,"Iceni, supposed to be Northfolke men. 55.12."
Icius,place,0.83,1,Icius,I,Icius portus now called Calice. 35.14.
Ida,person,0.62,3,Ida,I,Ida king of Northumberland dyeth. 142.72.
Idle battel,place,0.97,1,Idle battel,I,Idle battel fought by Redwald agaynst Ethelbert. 155.34.
Idle Riuer,place,0.97,1,Idle Riuer,I,Idle Riuer. 155.34.
Idolatrie,place,0.84,1,Idolatrie,I,Idolatrie defaced in the kingdome of Nortumberland. 161.83.
Idols,place,0.84,1,Idols,I,Idols vtterly destroyed thorughout al Kent. 169.46.
Ieane,person,0.97,1,Ieane,I,"Ieane, daughter to king Henry the second maryed to William king of Sicill. 444.72"
Ienico Dartois,uncertain,0.45,1,Ienico Dartois,I,Ienico Dartois. 1103.45. b put in prison for his faithfulnes. 1109.7. b
Yeomen,uncertain,0.2,1,Yeomen,Y,Yeomen of the Garde instituted. 1426.40
Iernesey,person,0.8,1,Iernesey,I,Iernesey inuaded by the frenchmen. 1696.28.
Ierome,person,0.73,1,Ierome,I,Ierome Williã burnt. 1580.5.
Ieruman,person,0.84,2,Ieruman,I,Ieruman departeth this lyfe. 179.34.
Ierusalem,place,0.7,1,Ierusalem,I,"Ierusalem, taken by Nabuch<?>donozor. 21.109"
Ierusalem citie,place,0.81,1,Ierusalem citie,I,Ierusalem citie taken by the Sarasins. 464.66.
Iew,group,0.85,2,Iew,I,"Iew had his teeth drawen out, because he would not pay the money he was seased to pay. 569.59."
Yewan,person,0.91,1,Yewan,Y,Yewan king of Northumberland. 22.92
Iewe,group,0.85,1,Iewe,I,"Iewe, looke Inas."
Iewel Iohn,person,0.97,1,Iewel Iohn,I,Iewel Iohn Byshop of Salisburie dyeth. 1860.17. hys prayses. ibidem.
Iewels,uncertain,0.45,1,Iewels,I,"Iewels and reliques of the Church of Westminster, engu<?>ged to certaine Marchantes for money. 778.86."
Iewes,group,0.85,19,Iewes,I,Iewes brought into the realme by king William. 316.19
Igerna,uncertain,0.2,1,Igerna,I,"Igerna, looke Igwarne."
Igwane,person,0.95,1,Igwane,I,Igwane wife to Gorolus duke of Cornwal. 128.33
Igwarne,person,0.94,1,Igwarne,I,Igwarne maried to king Vter Pendragon. 128.38
Ile of Anglesey,place,0.93,2,Ile of Anglesey,I,Ile of Anglesey taken by the English man. 328.92
Ile of Ely,place,0.67,4,Ile of Ely,I,Ile of Ely taken by the Barons and fortified. 777.40
Ile of Huy in Scotlãd,place,0.97,1,Ile of Huy in Scotlãd,I,Ile of Huy in Scotlãd. 171.22
Ile of Lindesfarne,place,0.97,1,Ile of Lindesfarne,I,Ile of Lindesfarne giuen to Aydan for the See of his bishopricke. 168.27
Ile of Man,place,0.97,2,Ile of Man,IM,Ile of Man conquered. 923.10. a.
Ile of Oldney,place,0.97,1,Ile of Oldney,I,Ile of Oldney. 256.61
Ile of Orholme,place,0.97,1,Ile of Orholme,I,Ile of Orholme. 433.24
Ile of Portland,place,0.97,1,Ile of Portland,I,"Ile of Portland subdued, and fenced. 378.113"
Ile of Stepen,place,0.97,1,Ile of Stepen,I,Ile of Stepen. 221.38
Ile of Thanet,place,0.97,1,Ile of Thanet,I,Ile of Thanet spoyled by the Danes. 238.34
Ile of Wight,place,0.96,9,Ile of Wight,I,Ile of Wight assaulted by the the Earle of S. Paule. pag. 1136. co 2. lin. 1. by French men. pa. 1141. co. 1. li. 1.36
Iles of Okeney,place,0.97,1,Iles of Okeney,I,Iles of Okeney added to the Romance Empyre. 50.7
Iles of Orkeney,place,0.9,1,Iles of Orkeney,I,Iles of Orkeney spoyled by Englishmen. 1131. col. 2. lin. 28.
Imannentius,person,0.97,1,Imannentius,I,"Imannentius king of the Troy nouants, slaine by Cassibellane. 42.61"
Imbal,person,0.97,1,Imbal,I,Imbal king of Armorica slaine. 95.70.
Imbert,person,0.84,1,Imbert,I,Imbert a messenger slaine by Corineus. 14.19
Inas,person,0.94,5,Inas,I,Inas succeedeth Ce<?>dwallo in the kingdome of West Saxons. 187.57.
Incumbentes,uncertain,0.2,1,Incumbentes,I,Incumbentes straungers great+ly mislyked. 639.18.
Indiginae,uncertain,0.2,1,Indiginae,I,Indiginae what they signifie. 6.101.
Iners,uncertain,0.2,1,Iners,I,"Iners, looke Inars."
Ingeram,person,0.96,1,Ingeram,C,Ingeram Lord Coucy created Earle of Bedford. 971.23. a
Ingethling Abbey,place,0.72,1,Ingethling Abbey,I,Ingethling Abbey buylded where Oswyn was slayne. 170.62. and. 176.24.
Ingwald,person,0.91,1,Ingwald,I,Ingwald Bishop of London. 191.108.
Iniurious,uncertain,0.2,1,Iniurious,I,Iniurious dealings of the Romans. 60.73. and. 60.86. and. 60.90. and. 60.98
Iniuriousnes,place,0.81,1,Iniuriousnes,I,"Iniuriousnes & in equalitie of the Norman lawes, brought in by kyng Willyam. 303.67."
Innocent,person,0.94,1,Innocent,I,"Innocent Pope the seconde escapeth into Fraunce, to auoyde the daunger of his enemyes. 362.31."
Innocentes,uncertain,0.2,1,Innocentes,I,Innocentes ouerborne by al men. 112.10
In<?>ogen,person,0.97,1,In<?>ogen,I,"In<?>ogen daughter to Pandrusus, maried to Bruce. 12.9"
Insanum Parliamentum,uncertain,0.2,1,Insanum Parliamentum,I,Insanum Parliamentum holden. 751.11
Inwer Riuer,place,0.95,1,Inwer Riuer,I,Inwer Riuer. 175.70
Inwet battaile,place,0.87,1,Inwet battaile,I,Inwet battaile fought by O<?>wy king of Northumberland against Penda king of Mercia. 175.70
Ioan,person,0.97,2,Ioan,I,Ioan Queene of Scots dyeth. 654.3.
Ioane,person,0.97,2,Ioane,I,"Ioane, daughter to king Henry the second borne. 407.115."
Iocelyn,person,0.93,2,Iocelyn,I,Iocelyn Byshop of Salisburye restored to the administration of his office agayne. 414.86.
Iohn,person,0.96,172,Iohn,BCHILMPR,Iohn Romaine made Archbyshop of Yorke. 794.48. a. dyeth. 815.32. a.
Iohn Archchanter,person,0.95,1,Iohn Archchanter,I,Iohn Archchanter dyeth on his way to Romeward. 183.17
"Iohn, Archchanter of S. Peters Churche",person,0.68,1,"Iohn, Archchanter of S. Peters Churche",I,"Iohn, Archchanter of S. Peters Churche in Rome sent into England. 183.13."
Iohn Arũdel,person,0.97,1,Iohn Arũdel,I,Iohn Arũdel knight. pa. 1336 co. 1. lin. 30.
Iohn Arundel,person,0.97,1,Iohn Arundel,A,Iohn Arundel made Marshall of England. 1009.23. a. drowned in the sea. 1014. 7. b. his excesse in apparell. 1015.36. a.
Iohn Badby,person,0.81,1,Iohn Badby,I,Iohn Badby brent. pa. 1156. col. 1. lin. 15.
Iohn Baget,person,0.97,1,Iohn Baget,I,"Iohn Baget knight, discloseth secrets. pa. 1122. c. 1. lin. 11"
Iohn Bailol,person,0.97,1,Iohn Bailol,B,Iohn Bailol adiudged kyng of Scots. 804.40. a. crowned and doth homage. 805.33. b present at the Parliament at Westminster. 809.45. a. submitteth himselfe and his Realme to the king of England. 821.45. b. sent to London. 823.7. b. set at libertie and dyeth. 835.33. a.
Iohn Beaufourt,person,0.97,1,Iohn Beaufourt,B,Iohn Beaufourt created Marques Dorset. 1097.30. b
Iohn Benereux,person,0.97,1,Iohn Benereux,I,Iohn Benereux slain. pa. 1288 co. 1. lin. 11.
Iohn Bourchire,person,0.97,1,Iohn Bourchire,I,Iohn Bourchire knight. pag. 1402. co. 2. lin. 19. pa. 1413 co. 1. lin. 24.
Iohn Brimingham,person,0.97,1,Iohn Brimingham,B,Iohn Brimingham created Earle of Louth. 856.29. b.
Iohn Clapp,person,0.89,1,Iohn Clapp,I,Iohn Clapp in Esquire. 1320 co. 2. lin. 16.
Iohn Comyn,person,0.97,1,Iohn Comyn,C,Iohn Comyn murdred by Robert Brus. 841.43. b.
Iohn Coniers,person,0.97,1,Iohn Coniers,I,Iohn Coniers knight. 1319. co. 2. lin. 18.
Iohn Coplãd,person,0.97,1,Iohn Coplãd,C,Iohn Coplãd taketh the Scottish king. 940.4. a. rewarded for the same. 940.2. b.
Iohn Cornweale,person,0.97,1,Iohn Cornweale,I,Iohn Cornweale knight marieth the kings sister. pa. 1132. col. 1. lin. 26.
Iohn Dighton,person,0.97,1,Iohn Dighton,I,Iohn Dighton one of the murtherers of king Edwardes children. pa. 1390. co. 2. lin. 57.
Iohn Dynham,person,0.97,1,Iohn Dynham,I,Iohn Dynham Esquyre. pag. 1297. col. 2. lin. 5. pa. 1298. col. 1. lin. 1.
Iohn Dolues,person,0.97,1,Iohn Dolues,I,Iohn Dolues knight slayne at Teukesbury. pa. 1339 co. 2. lin. 55.
Iohn Drayton,person,0.97,1,Iohn Drayton,I,Iohn Drayton knight. p. 1125 c. 1. lin. 6.
Iohn Duichfield,person,0.97,1,Iohn Duichfield,I,Iohn Duichfield knight. pag. 1352. co. 2. lin. 32.
Iohn Dutton,person,0.97,1,Iohn Dutton,I,Iohn Dutton Esquire. pag. 1295. col. 2. lin. 55.
Iohn Egerton,person,0.97,1,Iohn Egerton,I,Iohn Egerton knight. pag. 1295. col. 2. lin. 54.
Iohn Elrington,person,0.97,1,Iohn Elrington,I,Iohn Elrington knight. pag. 1352. co. 2. lin. 55.
Iohn Felow,person,0.97,1,Iohn Felow,I,Iohn Felow beheaded. 1297 co. 2. lin. 58.
Iohn Finderne,person,0.97,1,Iohn Finderne,I,Iohn Finderne knight. 1314 co. 2. lin. 26. beheaded. 1315 co. 1. lin. 1.
Iohn Fitz Thomas,person,0.97,1,Iohn Fitz Thomas,F,Iohn Fitz Thomas created Earle of Kildare. 855.54 b
Iohn Fordham,person,0.97,1,Iohn Fordham,F,Iohn Fordham Bishop of Durham fleeth. 1070.36. a
Iohn G<?>y<?>,person,0.97,1,Iohn G<?>y<?>,I,Iohn G<?>y<?> beheaded. 1315. co. 1. lin 39.
Iohn Guilford,person,0.97,1,Iohn Guilford,I,Iohn Guilford. 1298 co. 2. lin. 38.
Iohn Hal,person,0.97,1,Iohn Hal,I,"Iohn Hal. pa 1122. c. 2. lin. 20 condemned, and executed. pa. 1123. c. 1. l. 31."
Iohn Holand,person,0.97,2,Iohn Holand,H,Iohn Holand created Duke of Exeter. 1097.30. b.
Iohn Holand Erle of Huntington,person,0.97,1,Iohn Holand Erle of Huntington,I,Iohn Holand Erle of Huntington beheaded at Plashye. pa. 1128. col. 2. lin. 54.
Iohn Holand of Exceter,person,0.97,1,Iohn Holand of Exceter,I,Iohn Holand of Exceter. pag. 1289. col. 2. lin. 40.
Iohn Kyrby,person,0.97,1,Iohn Kyrby,K,Iohn Kyrby executed for murdring a Genoway. 1023.24 a.
Iohn Lewknenor,person,0.97,1,Iohn Lewknenor,I,Iohn Lewknenor knight slaine pa. 1339. co. 2. lin. 56
Iohn Littester,person,0.97,1,Iohn Littester,L,Iohn Littester Captaine of the Norfolke rebels. 1031.22. a. executed. 1032.34. a
Iohn Logh,person,0.97,1,Iohn Logh,I,Iohn Logh of the Bothe knight. pag. 1295. col. 2. lin. 54.
Iohn Longstrother,person,0.97,1,Iohn Longstrother,I,Iohn Longstrother Prior of S. Iohns. 1335. co. 2. li. 10 beheaded. pa. 1340. co. 2. lin 20.
Iohn Mathew,person,0.97,1,Iohn Mathew,I,Iohn Mathew Sheriffe of London. pa. 1363. co. 2 lin. 28.
Iohn Midleton,person,0.97,1,Iohn Midleton,I,Iohn Midleton knight. 1352. co. 2 lin. 31.
Iohn Minsterworth,person,0.97,1,Iohn Minsterworth,M,Iohn Minsterworth king executed for treason. 998.53. a.
Iohn Mongomerie,person,0.97,1,Iohn Mongomerie,I,Iohn Mongomerie esquire beheaded. 1313. co. 1. lin. 29
Iohn Montagew,person,0.97,1,Iohn Montagew,I,Iohn Montagew Earle of Salisbury beheaded at Cicester pa. 1128. col. lin. 32.
Iohn Morgan,person,0.97,1,Iohn Morgan,I,Iohn Morgan. pa. 1414. co. 1 lin. 46.
Iohn Neuil,person,0.97,2,Iohn Neuil,IL,"Iohn Neuil Lord montacute, Marques mountacute. pag. 1315. col. 2. lin. 1."
Iohn Neu<?>l,person,0.97,1,Iohn Neu<?>l,I,Iohn Neu<?>l Marques Montacute. 1313. co. 1. lin. 37. Earle of Northumberland. 1315. co. 1. lin. 52. &. 1323. co. 2. lin. 10. slaine. 1334. co. 2. lin. 54.
Iohn Norbury,person,0.97,1,Iohn Norbury,I,"Iohn Norbury Esquire, lorde Treasurer. pa. 1119. co. 1. lin. 40."
Iohn Northampton,person,0.97,2,Iohn Northampton,N,Iohn Northampton condemned to perpetual prison. 1047.30. b.
Iohn of Eltham,person,0.97,1,Iohn of Eltham,E,Iohn of Eltham borne. 854. 18. a. dyeth. 899.26. b. created earle of Cornwal. 892.14<?>
Iohn of Gaunt,person,0.97,2,Iohn of Gaunt,G,Iohn of Gaunt maried. 963.25. b.
Iohn of Oxford,person,0.97,1,Iohn of Oxford,I,"Iohn of Oxford, accursed by Archbyshop Thomas Becket. 409.78."
Iohn Pecham,person,0.97,1,Iohn Pecham,P,Iohn Pecham made Archbyshop of Canterburie. 788.46. b. dyeth 806.13. a.
Iohn Pouderhams,person,0.97,1,Iohn Pouderhams,P,Iohn Pouderhams knauery. 856.33.
Iohn Prendregest,person,0.93,1,Iohn Prendregest,I,Iohn Prendregest scoured the sea. pa. 1156. col. 2. lin. 49. pa. 1160. col. 2. lin. 24.
Iohn Roch,person,0.97,1,Iohn Roch,I,Iohn Roch knight. pa. 1125. c. 1. lin. 6.
Iohn Sauage,person,0.97,1,Iohn Sauage,I,Iohn Sauage a valiant captaine. pa. 1413. co. 2 lin. 14. lin. 49.1416. co. 2. lin. 41 pa. 1417. co. 1. lin. 25
Iohn Shaa,person,0.97,1,Iohn Shaa,I,Iohn Shaa clerke. pa. 1377. co. 1. lin. 1. his Sermon. pa. 1379. co 2 lin. 18.
Iohn Soyrley,person,0.97,1,Iohn Soyrley,I,"Iohn Soyrley knight, L. Chancelor of England. pa. 1119 co. 1. lin. 39."
Iohn Stafford,person,0.97,1,Iohn Stafford,I,Iohn Stafford Archbyshop of Cantorbury. pa. 1271. co. 1. lin. 18. deceased. pa. 1286. col. 1. lin. 14.
Iohn Tiptost,person,0.97,1,Iohn Tiptost,I,Iohn Tiptost Earle of Worcester. pa. 1325. col. 2. li. 26. beheaded. lin. 32.
Iohn Trenour,person,0.97,1,Iohn Trenour,I,Iohn Trenour Bishop of S. Disaph. pa. 1125. co. 2. lin. 35.
Iohn Treuenant,person,0.97,1,Iohn Treuenant,I,Iohn Treuenant bishop of Hereford. pa. 1125. co. 2. lin. 30
Iohn Vere,person,0.97,1,Iohn Vere,I,Iohn Vere Earle of Oxford set at libertie. pa. 1409. co. 1 lin. 37. pa. 1411. co. 2. lin. 29. pa. 1412. co. 1. lin. 2. pa. 1417. co. 2. lin. 22. pa. 1421. co. 1. lin. 2.
Iohn Vfforde,person,0.97,1,Iohn Vfforde,V,Iohn Vfforde made Archbishop of Caunterburie. 943.53. b. dyed. ibidem.
Iohn Vicont Beaumont,person,0.97,1,Iohn Vicont Beaumont,I,Iohn Vicont Beaumont. 1299 co. 2. lin. 22. slaine. ead. lin. 58.
Iohn Wenloke,person,0.97,1,Iohn Wenloke,I,Iohn Wenloke knight. pag 1297. col. 2. lin. 3. pa. 1299 col. 1 lin. 20.
Iohn Woodnileknight,person,0.97,1,Iohn Woodnileknight,I,Iohn Woodnileknight beheaded. 1321. co. 1. lin. 6
Ioystes,uncertain,0.45,1,Ioystes,I,"Ioystes of a loft fal downe, as men sat at Calne Counsell. 236.30."
Iollo Gouch,uncertain,0.2,1,Iollo Gouch,I,"Iollo Gouch, a Barde. 4.44."
Ionela Pucel de Dieu,uncertain,0.45,1,Ionela Pucel de Dieu,I,Ionela Pucel de Dieu. 1241. col. 2. lin. 7. pa. 1245. col. 1. lin. 46. pa. 1246. col. 1. lin. 30. taken. lin. 47. brent. co. 2 lin. 6.
yong,person,0.77,2,yong,Y,"yong beautifull boyes and wenches, solde for money into Denmarke. 275.42"
Yong Thomas,person,0.97,1,Yong Thomas,Y,Yong Thomas Archbishop of Yorke dieth. 1839 23.
Ionimus,person,0.8,1,Ionimus,I,Ionimus sent into Britaine to refourme things amisse there 103.105.
Io<?>pa,uncertain,0.45,1,Io<?>pa,I,"Io<?>pa, or Port Iaph taken by the English men. 503.50"
Iordan,person,0.96,1,Iordan,I,Iordan Captaine. 387.15.
york,place,0.91,1,york,Y,york besieged by king Arthure. 132.47
yorke,place,0.77,6,Yorke | yorke,Y,yorke burnt by the Danes. 209.61.
yorke Castell,place,0.88,1,yorke Castell,Y,yorke Castell buylded. 299.1.
Yorke citie,place,0.85,1,Yorke citie,Y,Yorke citie by whom builded. 18.10
Yorke Monasterie,place,0.88,1,Yorke Monasterie,Y,Yorke Monasterie buylded. 307.16
Yorke william,person,0.78,1,Yorke william,Y,Yorke william Bishop of Sarisburie dieth. 742.45
yorkeshire,place,0.86,4,Yorkeshyre | yorkeshire,Y,yorkeshire wasted by the Danes. 209.41. and .240.49.
Yorkeswolde,place,0.89,1,Yorkeswolde,Y,Yorkeswolde spoyled by the Scottes. 871.4. a
Ioseph Mighel,person,0.9,1,Ioseph Mighel,I,Ioseph Mighel the blacke Smyth. 1446.17. put to dea<?>h. 1447.47
Ioseph of Ar<?>marthia,person,0.97,1,Ioseph of Ar<?>marthia,I,Ioseph of Ar<?>marthia commeth into Britaine. 53.1.
Ipre,place,0.75,1,Ipre,I,Ipre besieged by the Byshop of Norwiche. 1043.34. b. broken vp. 1044.30. a.
ypres william,person,0.96,3,ypres william,Y,ypres william Earle of Kent his Countrey and progenie. 377.66
Ipswich,place,0.93,1,Ipswich,I,"Ipswich in olde tyme called Gipswich, tooke Gipswich 388.24."
Ireland,place,0.86,7,Ireland,I,Ireland a great part subiect to king Edgar. 235.26.
Iricius,person,0.78,2,Iricius,I,Iricius made gouernour of Northumberland. 259.10.
Irinenrike,person,0.95,1,Irinenrike,I,Irinenrike king of Kent departeth this life. 142.78.
Ir<?>ins,uncertain,0.45,1,Ir<?>ins,I,"Ir<?>ins, bannished the lande. 260.51."
Irish,group,0.85,6,Irish,I,Irish kings submit them to king Richard. 1085.30. b. made knightes. 1086.50. a.
Irishe,group,0.85,5,Irishe,I,Irishe men spoyle the isle of Fraunce. pag. 1201. col. 1. lin. 17.
Irishmen,group,0.85,4,Irishmen,I,"Irishmen rebel, and slay a great sort of Englishmen. 781.20"
Irlyng,person,0.81,1,Irlyng,I,"Irlyng, a Captaine of ye Danes 270.31."
Irmenrike,person,0.97,1,Irmenrike,I,"Irmenrike sonne to Oth, succeedeth his father in the kingdome of Kent. 129.111."
Irthenfield,uncertain,0.2,1,Irthenfield,I,Irthenfield. 221.20.
Isabel,person,0.97,5,Isabel,I,Isabel daughter to king Edward the third maried to the Lord Coucie. 971.18. a.
Isabell Dutches,person,0.97,1,Isabell Dutches,Y,Isabell Dutches of yorke dieth. 1084.40. b
Isabel Quene,person,0.91,1,Isabel Quene,I,Isabel Quene married to the Earle of March in France. 617.36.
Isakios,person,0.91,1,Isakios,I,Isakios king of Cypres. 491.85.
Isakius,person,0.94,2,Isakius,I,"Isakius king of Cypres, stealeth away secretly, and is taken agayne. 492.77. kept in prison in fetters of siluer. 493.67."
Iseland,uncertain,0.2,1,Iseland,I,Iseland subdued to the Britaynes. 133.64.
Isle of Elye,place,0.72,1,Isle of Elye,I,Isle of Elye wonne by Lewes king of Fraunce. 610.40.
Isley Thomas,person,0.97,1,Isley Thomas,I,Isley Thomas knight rebelleth 1724.32. is taken by the Lord Aburgeny. 1725.20. is executed. 1737.16.
Isoldun Castle,place,0.95,1,Isoldun Castle,I,"Isoldun Castle, deliuered to Richard the first king of England. 528.23."
Issue,person,0.91,1,Issue,I,Issue king Iohn had by his newe wife. 548.111.
Issue of Henry,person,0.9,1,Issue of Henry,I,Issue of Henry the fourth. pag. 1162. col. 2. lin. 57.
Ithancester,uncertain,0.2,1,Ithancester,I,Ithancester vppon Pent. 174.45.
Itingfoord,uncertain,0.2,1,Itingfoord,I,Itingfoord. 220.51.
Iuan of Wales,person,0.86,1,Iuan of Wales,I,Iuan of Wales slayne. 1008.1. a.
Iuarus,person,0.91,2,Iuarus,I,Iuarus slayne. 210.69
Iudith,person,0.97,4,Iudith,I,Iudith shamefully marryed to Ethelbald her sonne in law. 208.43.
Iudithil,uncertain,0.45,1,Iudithil,I,Iudithil a Welch king. 231.81
Iudweal,uncertain,0.45,1,Iudweal,I,Iudweal or Ludweal a Welch king.
yuell,place,0.81,1,yuell,Y,yuell a towne. 1336.14
Iuuenal,person,0.85,1,Iuuenal,I,Iuuenal cited. 45.46. and. 51.92.
Iulian de Romero,person,0.78,1,Iulian de Romero,I,Iulian de Romero is victor in a combat. 1608.26.
Iulianus Emperour of Rome,person,0.88,1,Iulianus Emperour of Rome,I,Iulianus Emperour of Rome. 103.1.
Iulius,person,0.94,11,Iulius,I,Iulius and Aaron martyred for the faith of Christ. 88.32
Iulius Agricola,person,0.9,1,Iulius Agricola,I,"Iulius Agricola, looke Agricola."
Iulius Cesars,person,0.93,1,Iulius Cesars,I,Iulius Cesars actes and exploites at his fist comming into Britayne. 36.86.
Iulius Classicianus,person,0.9,1,Iulius Classicianus,I,"Iulius Classicianus, & Paulinus Suetonius, fal at square 65.69."
Iulius Frontinus,person,0.97,1,Iulius Frontinus,I,"Iulius Frontinus, Lieutenant of Britayne. 66.79."
Iulius Solinus Polihistor,person,0.97,1,Iulius Solinus Polihistor,I,Iulius Solinus Polihistor cited. 9.6.
yuon,uncertain,0.43,1,yuon,Y,"yuon Haruey, deliuereth certaine Castels into the handes of King Henrie the seconde. 411.54"
Ivon Fitzwarren,uncertain,0.2,1,Ivon Fitzwarren,I,Ivon Fitzwarren. pa. 1119. co. 2. lin. 53.
yurecester Richard,person,0.97,1,yurecester Richard,Y,"yurecester Richard Archdeacon of Poicters, made Bishop of winchester. 432.55."
yuri,person,0.8,1,yuri,Y,yuri taken by the English. 1198.50.
Iuries,place,0.88,2,Iuries,I,"Iuries vsual in England, in the dayes of king Egelredus 304.20."
Iuries of Twlue,uncertain,0.45,1,Iuries of Twlue,I,"Iuries of Twlue men, to decide matters in law, instituted. 303.84."
Iustes in Fraunce,place,0.66,1,Iustes in Fraunce,I,Iustes in Fraunce. 1496.5.
Iustin,uncertain,0.2,1,Iustin,I,Iustin a leader of the Danes. 239.55.
Iustinianus,uncertain,0.45,1,Iustinianus,I,Iustinianus the thyrd Emperour. 187.60.
Iustinus Anicius Emperour,person,0.88,1,Iustinus Anicius Emperour,I,Iustinus Anicius Emperour of the East. 130.77.
Iustus,person,0.54,5,Iustus,I,Iustus made Byshop of Rochester. 152.29.
Kaerkin,uncertain,0.45,1,Kaerkin,K,"Kaerkin, or Cantorbury builded. 19.2"
Kahames William,person,0.97,1,Kahames William,K,Kahames William taketh prisoner king Stephen. 376 32.
Katharin,person,0.97,1,Katharin,K,"Katharin daughter to Edward the fourth, maried to William Earle of Deuonshyre, godmother to Henry the first begotten sonne of Henry the eight. 1468.50"
Katharine,person,0.97,3,Katharine,K,"Katharine mother to king Henrye the fift, married Owen Teuther. pa. 1261. c. 1. lin. 54."
Katigern,uncertain,0.2,1,Katigern,K,"Katigern, looke Katiger<?>"
Kendal,place,0.64,1,Kendal,K,"Kendal wasted by Duncane, a Scottish captaine. 434.15"
Kendal Iohn,person,0.9,1,Kendal Iohn,K,"Kendal Iohn Secretary, late Secretary to Richard late Duke of Glocester. 1425.53."
Kenelme,person,0.96,2,Kenelme,K,Kenelme through treason pitifully murdred. 205.50
Kenelmes,person,0.96,1,Kenelmes,K,Kenelmes deathe signified at Rome myraculously. 205.56.
Kenelworth Castle,place,0.82,1,Kenelworth Castle,K,Kenelworth Castle resigned into the handes of Henrye the third. 751.56
Kenet castle,place,0.97,1,Kenet castle,K,Kenet castle rased downe to the ground. 800.75.
Kenighale Robert,person,0.97,1,Kenighale Robert,K,Kenighale Robert. 1463.3
Kenred,person,0.54,3,Kenred,K,"Kenred renounceth the worlde, goeth to Rome to be made a Monke, & there dieth. 189.21"
Kenricus,person,0.93,2,Kenricus,K,Kenricus discomfiteth and slayeth Nazaleod and his Britaines. 130.39
Kenrit,person,0.97,1,Kenrit,K,"Kenrit, sonne to king Cuthred, slaine in a tumult. 193.65."
Kent,place,0.84,7,Kent,K,Kent deliuered to the Saxons. 118.41
Kenticus,person,0.95,1,Kenticus,K,Kenticus king of west Saxons departeth this life. 142.44
Kentish,person,0.8,1,Kentish,K,"Kentish men assemble at Canterbury, determining to fight with king William, in defence of their liberties. 292 32."
Kentishmen,group,0.85,8,Kentishmen,K,Kentishmen make an hurly burley. pag. 1325. col. 1. lin. 37.
Kentishmens,group,0.85,1,Kentishmens,K,Kentishmens request vnto king William 293.7
Kenulf,person,0.86,1,Kenulf,K,Kenulf departeth this life. 201 8.
Kenulfe,person,0.76,2,Kenulfe,K,"Kenulfe inuadeth Kent with a mighty armie, and wasteth it 200.98."
Kenulfes,uncertain,0.2,1,Kenulfes,K,Kenulfes liberalitie towardes churchmen. 201.1
Kenwolfe,person,0.82,1,Kenwolfe,K,Kenwolfe and his army ouerthrowen by Offa. 194.93
Kernelenc,uncertain,0.2,1,Kernelenc,K,"Kernelenc, looke Camblan."
Ket Robert,person,0.94,1,Ket Robert,K,"Ket Robert, captaine of the rebels in Norfolke, hanged. 3675.30."
Kybius Corinnius,person,0.91,1,Kybius Corinnius,K,Kybius Corinnius Bishop of Anglesey. 94.55
Kildare,uncertain,0.3,3,Kildare,K,Kildare Earle committed to ward. 1508.10.
Killingworth Castle,place,0.97,1,Killingworth Castle,K,Killingworth Castle kept and furnished by the Barons. 767.28. deliuered to Kyng Henry the thyrd. 777.73.
Kilken<?>y William,person,0.97,1,Kilken<?>y William,K,Kilken<?>y William keeper of the great seale. 723.3.
Kylwarby Robert,person,0.97,1,Kylwarby Robert,K,Kylwarby Robert made Archbishop of Cãterburi. 782.38
Kimarius,person,0.94,1,Kimarius,K,"Kimarius, sonne to Sirilius, beginneth to reigne ouer Britaine. 29.52."
Kimarus,person,0.93,1,Kimarus,K,Kimarus slayne by hys owne subiectes. 29.57.
Kymbelaine,person,0.96,2,Kymbelaine,K,"Kymbelaine dyeth, and is buried at London. 46.22"
Kymbeline,person,0.96,2,Kymbeline,K,Kymbeline brought vp at Rome and made knight by Augustus Cesar. 46.1
Kinadius,person,0.95,1,Kinadius,K,"Kinadius, king of Scots, sweareth to be true to king Edgar. 231.77."
Kinarde,place,0.83,1,Kinarde,K,"Kinarde Ferie Castle, razed to the very ground. 433.24."
Kineard,person,0.59,3,Kineard,K,Kineard and his conspiratours slaine. 198.56
Kinewulf,person,0.91,1,Kinewulf,K,Kinewulf slaine. 196.40.
Kinewulfe,person,0.55,3,Kinewulfe,K,Kinewulfe slayne by conspiracie. 198.23.
King Edward,person,0.94,2,King Edward,K,King Edward the fifth kept house at Ludlow. pa. 1360. col 1. lin. 8. came towarde London. lin. 7. returned by the Duke of Gloucestar to Northampton. pa. 1362. col. 1. lin. 15. came to London. pa. 1363. col. 2. lin. 34. conuayed to the Towre. pa. 1370. col. 1. lin. 37. murdered.
King Henry,person,0.97,2,King Henry,K,King Henry the sixte hys part discomfited. pa. 1311. col. 2. lin. 54. fled to Scotland. pa. 1312. col. 1. line. 51.
King of Churles,person,0.74,1,King of Churles,K,King of Churles. 259.21.
King of Naples,person,0.74,1,King of Naples,N,King of Naples disswadeth the French king from battaile. 905.18. a.
King of Nauer,person,0.91,1,King of Nauer,N,King of Nauer commeth into England. 991.41. a
King of Portingal,person,0.88,1,King of Portingal,P,King of Portingal marrieth the Duke of Lanc. daughter. 1052.7. a.
Kyng of Scots,person,0.97,1,Kyng of Scots,K,Kyng of Scots supported Henry the sixt. pag. 1312. col. 2. lin. 32.
Kingdome of Brenitia,place,0.85,1,Kingdome of Brenitia,K,Kingdome of Brenitia begynneth. 139.96.
Kingdome of Bre<?>tia,place,0.89,1,Kingdome of Bre<?>tia,K,Kingdome of Bre<?>tia builded. 140.6.
Kingdome of Deira,place,0.97,1,Kingdome of Deira,K,Kingdome of Deira begun and bounded. 140.16
Kingdome of East,place,0.93,1,Kingdome of East,K,Kingdome of East Angles subdued by king Edward. 221.101.
Kingdome of East Saxons,place,0.97,1,Kingdome of East Saxons,K,Kingdome of East Saxons bounded. 131.33.
Kingdome of Eastangles,place,0.94,2,Kingdome of Eastangles,K,Kingdome of Eastangles boũded. 126.85.
Kingdome of England,place,0.97,1,Kingdome of England,K,Kingdome of England is gods kingdome. 267.100
Kingdome of Kent,place,0.94,1,Kingdome of Kent,K,Kingdome of Kent bounded. 119.6.
Kingdome of Mercee,place,0.97,1,Kingdome of Mercee,K,"Kingdome of Mercee begun, and bounded. 143.39."
Kingdome of Mercia,place,0.84,1,Kingdome of Mercia,K,Kingdome of Mercia endeth. 218.88.
Kingdome of Northumberland,place,0.96,1,Kingdome of Northumberland,K,Kingdome of Northumberland bounded. 140.28
Kingdome of South Saxons,place,0.97,1,Kingdome of South Saxons,K,Kingdome of South Saxons ioyned to the kingdome of west Saxons. 187.110 reprochful wordes agaynst hym. 235.3
Kingdome of West Saxons,place,0.97,1,Kingdome of West Saxons,K,"Kingdome of West Saxons, and the bounds therof. 131.3. and. 137.79."
Kinges of England,person,0.93,1,Kinges of England,K,Kinges of England when <?>ly to be to accoumpted. 231.94.
Kingescliffe battaile,place,0.95,1,Kingescliffe battaile,K,Kingescliffe battaile against Ethelbert. 196.41
Kings of England,place,0.49,4,Kings of England,K,Kings of England why afrayde to enter into Oxford. 197.61.
Kings of Kent,uncertain,0.45,1,Kings of Kent,K,Kings of Kent put to flight by the Romans. 42.105
Kyngston vpon Hul,uncertain,0.2,1,Kyngston vpon Hul,K,Kyngston vpon Hul. pa. 1328 co. 1. lin. 7.
Kynimacus,person,0.97,2,Kynimacus,K,"Kynimacus dyeth, and is buried at Yorke. 22.13."
Kinmatus,person,0.5,1,Kinmatus,K,"Kinmatus, looke Kynimacus."
Kinton Godfrey,person,0.97,1,Kinton Godfrey,K,Kinton Godfrey consecrated Archbyshop of Cantorburye at Rome. 755.17.
Kynwith Castle,place,0.95,1,Kynwith Castle,K,Kynwith Castle. 214.67.
Kirgils,uncertain,0.2,1,Kirgils,K,"Kirgils, looke Cinegiscus. 155."
Kirksteede Abbey in Yorkshyre,place,0.97,1,Kirksteede Abbey in Yorkshyre,K,Kirksteede Abbey in Yorkshyre founded. 394.30
Kyrthling,uncertain,0.2,1,Kyrthling,K,Kyrthling ii. Eastangle. 235.109.
Knought,person,0.92,1,Knought,K,"Knought, sonne to Swanus, looke Cnute."
Kreekers,uncertain,0.2,1,Kreekers,K,"Kreekers, see aduenturers."
Krikelade,uncertain,0.2,1,Krikelade,K,Krikelade. 252.29.
Labienus,person,0.84,1,Labienus,L,"Labienus, one of the Romane Tribunes slayne. 39.23."
Laabin,uncertain,0.2,1,Laabin,L,"Laabin, one of the names of Her+cules. 5.103"
Lacy Hugh,person,0.82,1,Lacy Hugh,L,Lacy Hugh conformed in al the landes of Meeth. 421.35.
Lacy Iohn,person,0.97,1,Lacy Iohn,L,Lacy Iohn Constable of Chester. 454.32
Lacy Roger,person,0.96,5,Lacy Roger,L,Lacy Roger delyuereth hys sonne and heyre to K. Iohn as an hostage of his loyaltie & faithful obedience. 546.14.
Lacy Walter,person,0.97,5,Lacy Walter | Lacy walter,L,Lacy Walter. 570.12
Lacye Hugh,person,0.91,1,Lacye Hugh,L,"Lacye Hugh made keeper of Dublin citie, and Lord chiefe Iustice of Ireland. 421.40."
Lacie Roger,person,0.97,1,Lacie Roger,L,Lacie Roger. 318.68.
Lady de Breuse,person,0.97,1,Lady de Breuse,L,Lady de Breuse and her sonne taken by king Iohn. 570.15
Laford Castle,place,0.95,1,Laford Castle,L,Laford Castle. 605.30.
Lago,person,0.82,1,Lago,L,"Lago or Iago cousin to Gurgustius, taketh vpon him the Gouernment of Britayn. 21.104."
Layborne Robert,person,0.97,1,Layborne Robert,L,Layborne Robert. 1443.42.
Lambert,person,0.97,5,Lambert,L,Lambert Archbishop departeth this lyfe. 202.75
Lambert William,person,0.97,4,Lambert William,L,Lambert William cited. 246.32. and. 263.21.
Lambheth,uncertain,0.2,1,Lambheth,L,Lambheth. 267.112
Lammeth Church,place,0.92,1,Lammeth Church,L,Lammeth Church fyrst founded by Baldwyn Archbyshop of of Canterburie. 537.1. rased by the commaundement of the Pope. 577.27. and. 539.30.
Lancaster,place,0.69,1,Lancaster,L,Lancaster sword. 1119. co. 2 lin. 26.
Lancaster Castle,place,0.79,1,Lancaster Castle,L,Lancaster Castle deliuered to the Bishop of Durham. 516 46.
Landed,person,0.86,1,Landed,L,Landed men charged with furniture of warre. 925.30. b.
Lanfrank,person,0.97,1,Lanfrank,L,"Lanfrank Abbot of Caen, consecrated Archbishop of Canterbury. 305.14"
Lanfranke,person,0.44,4,Lanfranke,L,Lanfranke a good husband to the See of Canterburie. 320.74.
Langley Geffrey,uncertain,0.45,1,Langley Geffrey,L,"Langley Geffrey Collector in Wales, to Henry the thyrd. 744.32."
Langton,person,0.95,1,Langton,L,Langton. 271.72
Langton Stephen,person,0.97,1,Langton Stephen,L,Langton Stephen chosen Archbyshop of Cantorbury by the Popes appoyntment. 564.48.
Langton Thomas,person,0.97,1,Langton Thomas,L,Langton Thomas Byshop of Winchester dyeth. 1455.36.
Langualeè William,person,0.97,1,Langualeè William,L,Langualeè William. 408.51
Lanpeder,place,0.81,1,Lanpeder,L,Lanpeder vaur castle buylt. 788 13. b. taken by the Welch men. 791.1. a
Latimer,person,0.65,1,Latimer,L,Latimer burned. 1764.54
Laton Richard,person,0.97,1,Laton Richard,L,Laton Richard knight sent into Britaine. 1434.10.
Lauerdyn Buchard,person,0.94,1,Lauerdyn Buchard,L,Lauerdyn Buchard expelleth his father out of the Earledome of Vandosme. 432.47
Laurence,person,0.92,6,Laurence,L,"Laurence a priest, felowe with Augustine. 148.70"
Lazius Wolfgangus,person,0.85,1,Lazius Wolfgangus,L,Lazius Wolfgangus cited. 2.41. and. 3.79.
Lee Riuer,place,0.97,2,Lee Riuer | Lee riuer,L,Lee riuer. 214.113.
Lec,person,0.86,1,Lec,L,"Lec Alane, hanged vppon despite. 502.45."
Ledes Castle,place,0.97,1,Ledes Castle,L,Ledes Castle besieged by Edward the second. 861.33. b.
Lefwyn,person,0.86,1,Lefwyn,L,"Lefwyn Abbot, taken by the Danes. 246.16"
Legantine,person,0.8,1,Legantine,L,Legantine power annexed to the Archbishopricke of Can+terbury. 401.34
Legate of Rome,person,0.61,1,Legate of Rome,L,Legate of Rome taketh the Crowne from king Iohn. 575.69. he deliuereth it to the king agayne. 575.81.
Legate Otho,person,0.97,1,Legate Otho,L,Legate Otho his Cooke slayne. 652.27.
Legate Pandolph,person,0.97,1,Legate Pandolph,L,Legate Pandolph sayleth backe out of England into France 577.27.
Legate Pandulph,person,0.97,1,Legate Pandulph,L,Legate Pandulph commeth into England to king Iohn. 575.12. he speaketh to the king. 575.18.
Leycester,place,0.83,2,Leycester,L,Leycester and castle wals rased to the ground. 445.13
Leicester towne,place,0.94,4,Leicester towne | Leycester towne,L,Leycester towne and Castle taken and burnt. 430.10.
Leides Castle,place,0.75,1,Leides Castle,L,Leides Castle taken by king Stephan. 371.33.
Leighton battel,place,0.95,1,Leighton battel,L,"Leighton battel, fought by English men agaynst the Danes. 221.10."
Leightou Thomas,person,0.97,1,Leightou Thomas,L,Leightou Thomas knight sent into Britayne. 1434.10.
Leil,person,0.95,3,Leil | Leill,L,"Leil dieth, and is buried at Carleil. 18.105."
Leyland Iohn,person,0.97,3,Leyland Iohn,L,Leyland Iohn cited. 134.48.
Leir,person,0.96,7,Leir,L,"Leir sonne to Baldud, admytted ruler ouer Britaine. 19 45."
Leirs,person,0.82,1,Leirs,L,Leirs three daughters names. 19.60.
Leland,person,0.85,1,Leland,L,Leland cited. 4.49. and. 55.11.
Lenox,person,0.83,1,Lenox,L,Lenox Earle fleeing into England marrieth the Lady Margret Dowglas 1594.41.
Lenox Erle,person,0.92,1,Lenox Erle,L,Lenox Erle inuadeth Scotland 1633.7.
Lent,place,0.84,1,Lent,L,Lent first ordeyned to be kept in England. 169.49.
Leo Isaurus Emperour,person,0.88,1,Leo Isaurus Emperour,L,Leo Isaurus Emperour. 191.39.
Leof Monasterie,place,0.87,1,Leof Monasterie,L,Leof Monasterie builded. 277.32.
Leoffe Monasterie,place,0.97,1,Leoffe Monasterie,L,Leoffe Monasterie. 270.13.
Leofricke,person,0.96,1,Leofricke,L,Leofricke made Earle of Mercia or of Chester. 260.47.
Leofrike,person,0.97,3,Leofrike,L,"Leofrike, brother to king Harold, slayne. 288.3."
Leofwin,person,0.53,3,Leofwin,L,"Leofwin and Harold, inuade the shyres of Somerset, and Dorcet and slay the inhabitantes. 272.68."
Leofwyne,uncertain,0.45,1,Leofwyne,L,Leofwyne Chaplayne to Walcher byshop of Durham. 311.31.
Leogitia,place,0.87,1,Leogitia,L,Leogitia called also Lergetia. 12.31.
Leoline,person,0.92,1,Leoline,L,"Leoline Prince of Wales. 786.32. a. requireth hostages. ibidem. raiseth warre agaynst the king. 786.32. b. maketh sute for peace. 787.17. a. marryeth the Earle of Leycesters daughter. 788.17. b. rebelleth. 789.10. a. accursed. 791.12. a. slayne. 792.20. b. his head presented to the king crowned with Iuie, caryed through Cheapside, and set on the toppe of the Towre at London. 792.50. a"
Leonel,person,0.94,1,Leonel,L,Leonel Byshop of Concordia the Popes Ambassadour. 1437.36.
Leonore,person,0.97,1,Leonore,L,Leonore Queene of Portingal dieth. 1786.7.
Leopold,person,0.95,2,Leopold,L,"Leopold Duke of Austrich, taketh Richard the second prisoner. 506.66."
Leoun,person,0.88,2,Leoun,L,Leoun prince of Northwales conspireth against the kyng. 622.83.
Leporius Agricola,uncertain,0.45,1,Leporius Agricola,L,"Leporius Agricola, Pelagian byshop in Britaine. 119 36."
Lergetia,uncertain,0.2,1,Lergetia,L,"Lergetia, called also Leogitia. 12.31."
Lernyng,uncertain,0.2,1,Lernyng,L,Lernyng remayngng amongst the inhabitantes of the west partes of Europe. 362.50
Lessey Richard,person,0.97,1,Lessey Richard,L,Lessey Richard. 1443.42.
Lesley Richard,person,0.97,1,Lesley Richard,S,Lesley Richard. 1443.43
Lestinghem Monasterie,place,0.97,1,Lestinghem Monasterie,L,Lestinghem Monasterie founded. 175.2.
Lestrigo,person,0.95,1,Lestrigo,L,"Lestrigo, sonne to Neptune, king of Italy. 5.82."
Leutherius,person,0.91,1,Leutherius,L,Leutherius Bishop of the West Saxons. 179.93.
Llewellin,person,0.83,1,Llewellin,L,Llewellin Prince of Wales inuadeth the English borders. 638.7.
Lewes,person,0.88,20,Lewes,FL,Lewes the second Emperour. 208.39.
Lewes battel,person,0.65,1,Lewes battel,L,"Lewes battel, fought by the Barons, against king Henry the third. 768.36."
Lewes Emperour,person,0.9,1,Lewes Emperour,L,Lewes Emperour. 219.81.
Lewes Letzenbrough,person,0.9,1,Lewes Letzenbrough,L,Lewes Letzenbrough Earle of S. Paule. pag. 1346. col. 1. lin. 27.
Lewes of Spaine,person,0.89,1,Lewes of Spaine,S,Lewes of Spaine created Prince. 924.30. a
Lewes Phisition,person,0.88,1,Lewes Phisition,L,Lewes Phisition to Queene Elizabeth. pag. 1400. col. 1. lin. 28. col. 2. lin. 5.
Lewis,person,0.97,4,Lewis,L,"Lewis king of Aquitayne marieth Edgina, daugter to king Edward. 223.29."
Lewlin,person,0.91,1,Lewlin,L,Lewlin Prince of Wales dieth. 656.44.
Lherfoord,person,0.86,1,Lherfoord,L,"Lherfoord, goeth to Rome to do penance. 333.70"
Llhuyd Humfrey,person,0.97,4,Llhuyd Humfrey,L,Llhuyd Humfrey cited. 3.56. and. 4.50. and. 5.43. and. 27.57.
Librarie,place,0.84,1,Librarie,L,"Librarie in Yorke Minster, consumed wyth fyre. 300.52."
Lychfield,uncertain,0.2,1,Lychfield,L,"Lychfield, whereof it tooke name. 88.38."
Lichfielde,place,0.87,1,Lichfielde,L,Lichfielde a towne. pag. 1415. col. 1.28. col. 2. lin. 57.
Licinius,person,0.43,4,Licinius,L,"Licinius sent wyth an armie against Maximinus, ouerthroweth him. 91.64."
Lydford,place,0.91,1,Lydford,L,Lydford wasted and burnt by the Danes. 241.42
Liens Castle,place,0.83,1,Liens Castle,L,Liens Castle wonne by kyng Iohns souldiours. 584.12.
Lieth,place,0.75,1,Lieth,L,Lieth besieged by the Lorde Gray. 1804.2. the sundrye exploytes done thereat. ibidem. and many leaues folowing. 1813. where the towne is surrendered and peace made.
Lylla,person,0.87,1,Lylla,L,"Lylla, seruant to king Edwyne, slayne. 159.71."
Lilly George,person,0.97,1,Lilly George,L,Lilly George cyted. 2.98.
Lilius Giraldus,uncertain,0.2,1,Lilius Giraldus,L,Lilius Giraldus cyted. 6.46.
Lymene riuer,place,0.97,1,Lymene riuer,L,Lymene riuer in East Kent. 215.76.
Limeryke kingdome in Ireland,place,0.97,1,Limeryke kingdome in Ireland,L,"Limeryke kingdome in Ireland, geuen to Philip de Breuse. 450.40."
Limezun Citie,place,0.92,1,Limezun Citie,L,"Limezun Citie in Cypres, wonne by king Richard the first. 492.11."
Limoges,person,0.63,1,Limoges,L,Limoges taken by the blacke Prince. 991.10. a.
Lyncea,uncertain,0.2,1,Lyncea,L,"Lyncea, whereof so called. 8.14."
Lynceus,person,0.87,3,Lynceus,L,"Lynceus saued by his wyfe Hypermnestra, fleeth into Egypt. 7.78."
Lincolne,place,0.64,4,Lincolne,L,Lincolne besieged by Cheldrike. 132.69.
Lincolne battaile,place,0.82,1,Lincolne battaile,L,"Lincolne battaile, fought by Maude the Empresse against king Stephan. 373.70."
Lincolne Castle,place,0.83,1,Lincolne Castle,L,Lincolne Castle builded. 299.1.
Lincolne Church,place,0.85,2,Lincolne Church,L,Lincolne Church builded. 162 70.
Lincolne Citie,place,0.82,1,Lincolne Citie,L,Lincolne Citie taken and spoyled by certaine outlawes. 776.61.
Lincolne Iohn,person,0.67,1,Lincolne Iohn,L,Lincolne Iohn author of the insurrection on yll May day. 1499.50. is hanged. 1503.30.
Lincolne towne,place,0.91,1,Lincolne towne,L,Lincolne towne besieged by K. Stephan and deliuered. 380 80.
Lindesferne Abbey,place,0.97,1,Lindesferne Abbey,L,Lindesferne Abbey spoyled by the Danes. 202.26.
Lindesferne Monasterie,place,0.97,1,Lindesferne Monasterie,L,Lindesferne Monasterie. 196.16.
Lindestarne Ile,place,0.95,1,Lindestarne Ile,L,"Lindestarne Ile, geuen vnto Aydan, for the See of his Bishopricke. 168.27."
Lyndsey,place,0.81,4,Lindsey | Lyndsey,L,Lyndsey spoyled by Earle Tostie. 284.22.
Linne,place,0.84,1,Linne,L,Linne wonne by Lewes power. 602.8.
Lionel,person,0.97,4,Lionel,CL,Lionel sonne to King Edward the thyrd borne. 903.20. b.
Lisieux,place,0.4,2,Lisieux | Lysieux,L,"Lisieux, won by the French. pa. 1276. col. 2. lin 53."
Listes in Smithfield,uncertain,0.2,1,Listes in Smithfield,L,Listes in Smithfield pa. 1317 col. 2. lin. 50.
Litchfield,place,0.64,1,Litchfield,L,"Litchfield See, to the Bishops of Mercia. 179."
Lith,place,0.8,1,Lith,L,Lith burnt· 1593.20.
Litle,place,0.85,1,Litle,L,"Litle Britaine, which is Armorica in Fraunce. 95.75."
Lyuel<?> playne,place,0.95,1,Lyuel<?> playne,L,Lyuel<?> playne. pag. 1314. col. 2. lin. 12.
Liuius,person,0.35,2,Liuius,L,"Liuius Gallus, a Romane captaine. 82.23."
Liulfus,person,0.41,2,Liulfus,L,"Liulfus withdraweth himselfe vnto Durham, and there lyueth. 311.25."
Lochdore Castle,place,0.82,1,Lochdore Castle,L,Lochdore Castle taken. 842.44. b.
Locrinus,person,0.89,7,Locrinus,L,Locrinus taketh vppon him the gouernment of Loegria. or England. 16.61.
Lodouicus Pius,person,0.84,1,Lodouicus Pius,L,"Lodouicus Pius, Emperour, and king of Fraunce. 205.104."
Loegria,uncertain,0.45,1,Loegria,L,Loegria bounded. 16.66
Logria,place,0.83,1,Logria,L,"Logria, alotted to Locrinus, now called England. 16 37"
Loydes countrey,place,0.95,1,Loydes countrey,L,Loydes countrey. 176.7.
Loyre,place,0.91,1,Loyre,L,Loyre a Ryuer in Fraunce. 13 84.
Lollius,person,0.79,2,Lollius,L,Lollius appeaseth the vnquietnesse of the Britaines. 76.60
Lollius Vrbicus,person,0.91,1,Lollius Vrbicus,L,"Lollius Vrbicus, sent Lieutenant into Britaine. 76.57"
Lome Geffrey,person,0.97,1,Lome Geffrey,L,Lome Geffrey abiured. 1541.36.
Loncaster William,person,0.97,1,Loncaster William,L,Loncaster William. 475.55.
London,place,0.9,28,London,LM,London mutch harmed by an outragious winde. 322.9.
Londoners,group,0.85,27,Londoners,L,"Londoners take part with Godwyn, agaynst king Edward. 273.75."
Londoners deny,group,0.85,1,Londoners deny,L,Londoners deny to fight against the nobilitie. 1064.20. a.
Londoricke,uncertain,0.2,1,Londoricke,L,"Londoricke, looke Roderike, K. of Pictes."
Long,person,0.83,2,Long,L,"Long bowes and the vse of them, first brought into England. 316.50."
Longchampe Osbert,person,0.97,1,Longchampe Osbert,L,Longchampe Osbert made gouernour of Yorkshyre. 483.115.
Longchampe William,person,0.91,3,Longchampe William,L,Longchampe William made bishop of Ely. 478.13
Longespee William,person,0.97,2,Longespee William,L,Longespee William sore broosed with iusting 742.72.
Longipee William,person,0.97,1,Longipee William,L,Longipee William Earle of Salisburye base brother to king Iohn. 578.14.
Longland Henry,person,0.97,1,Longland Henry,L,Longland Henry byshop of Lincolne and the Kinges confessor putteth a scruple into hys conscience touching hys mariage. 1550.56.
Lord Audeley,person,0.97,1,Lord Audeley,L,Lord Audeley. pag. 1313. col. 2. lin. 1.
Lord Beaumont,person,0.74,1,Lord Beaumont,B,Lord Beaumont discomfited in Scotland. 854.27. b.
Lord Bonuille,person,0.97,1,Lord Bonuille,L,Lord Bonuille. pag. 1305. col. 2. lin. 7. beheaded. lin. 10.
Lord Cobham,person,0.97,1,Lord Cobham,L,Lord Cobham. pag. 1298. col. 2. lin 38.
Lord Dalbrets,person,0.97,1,Lord Dalbrets,D,Lord Dalbrets sonne discomfiteth the Mashall of Fraunce 946.10 b.
Lord Fitz Walter,person,0.97,1,Lord Fitz Walter,L,Lord Fitz Walter. pag. 1310. co. 2. lin. 26 slaine. lin. 55.
Lord Hungerford,person,0.97,1,Lord Hungerford,L,Lord Hungerford. pag. 1314. col. 2. lin. 24. beheaded. pa. 1315. col. 1. lin. 1.
Lord la Vaal,person,0.97,1,Lord la Vaal,L,Lord la Vaal slaine at Roche Darien. 941.47. a
Lord Louel,person,0.97,1,Lord Louel,L,Lord Louel. pag. 1298. col. 2. lin 47.
Lord Molins,person,0.97,1,Lord Molins,L,Lord Molins. pag. 1314. col. 2. lin. 23. beheaded. pag. 1315. col. 1. lin. 1.
Lord Morley,person,0.97,1,Lord Morley,L,Lord Morley appealeth the Earle of Sarisbury. pag. 1124. col. 1. lin. 33.
Lord Neuil,person,0.94,1,Lord Neuil,N,Lord Neuil sent into Britaine 993.7. b.
Lord Scrope,person,0.97,1,Lord Scrope,L,Lord Scrope. pag. 1315. col. 1. lin. 20.
Lord Wenlooke,person,0.97,1,Lord Wenlooke,L,Lord Wenlooke. pag. 1335. col. 2. lin. 13. slayne. pag. 1339. col. 1. lin. 48.
Lordane,place,0.83,1,Lordane,L,"Lordane, whereof the worde came, and what it signifieth. 243.18."
Lorde Chauncelor of England,person,0.92,1,Lorde Chauncelor of England,L,Lorde Chauncelor of England Prolocutor of the vpper house. 354.64
Lorde Cromwel,person,0.97,1,Lorde Cromwel,L,Lorde Cromwel slaine. pag. 1335. col. 1. lin. 10.
Lorde Mowbrey,person,0.97,1,Lorde Mowbrey,M,Lorde Mowbrey created Earle of Notingham. 1006.8. b.
Lorde Saint Iohn,person,0.97,1,Lorde Saint Iohn,S,Lorde Saint Iohn taken prisoner. 825.14. b
Losaunge Robert,person,0.97,1,Losaunge Robert,L,Losaunge Robert Byshop of
Losecote field,place,0.95,1,Losecote field,L,Losecote field. pag. 1322. col. 1. lin. 44.
Loth,person,0.95,2,Loth,L,Loth king of Pictes aydeth the Saxons against Arthur. 132.27.
Lother,person,0.81,1,Lother,L,"Lother, a Captaine of the Danes. 270.31"
Lothore,person,0.63,3,Lothore,L,Lothore succeedeth his brother Egbert in the kingdome of Kent. 180.100.
Louel Fraunces Viscont Louel,person,0.97,1,Louel Fraunces Viscont Louel,L,"Louel Fraunces Viscont Louel 1425.40. departeth out of the Sanctuary at Colchester and moued an insurrection. 1427.10. mistrusting his soldiers, priuily fleeth into Lancashyre, and lurketh there 1428.2. and. 14. fleeth into Flaunders. 1429. sayleth into Ireland 1430.35. landeth in Lancashyre. eadem. 50. is slaine at Stoke. 1431 44."
Louel Thomas,person,0.97,1,Louel Thomas,L,Louel Thomas Knight one of the Priuie counsel to Henry the eyght. 1464.53
Lovel William,person,0.94,1,Lovel William,L,"Lovel William holdeth the castle of Cary, in the right of Maude the Empresse. 368.75."
Loughleuen riuer,place,0.95,1,Loughleuen riuer,L,Loughleuen riuer. 70.1.
Louiers,uncertain,0.2,1,Louiers,L,Louiers besiged by Englishe men. pag. 1193. col. 1. lin. 25. yelded. lin. 38.
Louthian in Scotland,place,0.92,1,Louthian in Scotland,L,Louthian in Scotland wasted by the English men. 430.36.
Lucan,person,0.85,1,Lucan,L,Lucan cited 4.23. and. 40.20.
Lucy Herebert,person,0.95,1,Lucy Herebert,L,Lucy Herebert gouernour of Warrham Castle. 378.101.
Lucy Richard,person,0.97,2,Lucy Richard,L,Lucy Richard lord gouernour of England. 410.59.
Lucie Richard,person,0.97,1,Lucie Richard,L,Lucie Richard lord. 391.14.
Lucygny Aymerike,person,0.87,1,Lucygny Aymerike,L,"Lucygny Aymerike, and his sonnes, subdued. 411.7."
Lucius,person,0.9,5,Lucius,L,Lucius departeth this lyfe. 75.113.
Lud,person,0.97,2,Lud,L,Lud sonne to Hely beginneth to reygne ouer Britaine 33.77
Ludgate,place,0.69,1,Ludgate,L,Ludgate builded. 33.97.
Ludhurdibras,person,0.97,2,Ludhurdibras,L,"Ludhurdibras, or Rud dieth. 19 10."
Ludicenus,person,0.9,1,Ludicenus,L,Ludicenus king of Mercia slayne in battaile by the East Angles. 203.77. and. 205.78.
Ludlow,place,0.97,1,Ludlow,L,Ludlow spoyled. pag. 1297. col. 2. lin. 26.
Ludlow Castle,place,0.95,2,Ludlow Castle,L,Ludlow Castle. 368.76.
Ludlow towne,place,0.94,1,Ludlow towne,L,Ludlow towne wonne by kyng Stephan. 371.51.
Lugge riuer,place,0.72,1,Lugge riuer,L,"Lugge riuer, where Ethelbertes body was buried. 197.28."
Luydhard,person,0.86,1,Luydhard,L,Luydhard byshop sent into England with the lady Bertha. 145.106
Luye riuer,place,0.95,1,Luye riuer,L,Luye riuer. now Lee.. 216.52.
Lupicimus,person,0.86,1,Lupicimus,L,Lupicimus returneth ouer into Fraunce. 103.54.
Lupicinus,person,0.4,2,Lupicinus,L,Lupicinus put from the office of the master of the Armory. 103.44.
Lupus,person,0.97,2,Lupus,L,Lupus returneth agayne into Fraunce. 120.75.
Lusignaue Guy,person,0.97,1,Lusignaue Guy,L,Lusignaue Guy halfe brother to Henry the thyrd commeth into England. 724.40.
Lutterell Hugh,person,0.97,1,Lutterell Hugh,L,Lutterell Hugh knight. 1450.18.
Machaire Castle in Fraunce,place,0.71,1,Machaire Castle in Fraunce,M,Machaire Castle in Fraunce wonne. 627.10.
Mack William,person,0.88,1,Mack William,M,Mack William a Burgh created Earle of Clarickford 1590.11.
Mackbeth,person,0.91,1,Mackbeth,M,Mackbeth slayne. 275.63.
Madan,person,0.9,2,Madan,M,Madan deuoured by wylde beastes. 17.57.
Madan Caister,uncertain,0.45,1,Madan Caister,M,"Madan Caister, or Dancaster builded by Madan. 17.60."
Madoc of Wales,person,0.85,1,Madoc of Wales,M,Madoc of Wales taken prisoner. 811.57. b.
Maesbell battaile,place,0.97,1,Maesbell battaile,M,Maesbell battaile fought against the Saxons. 122.94
Magdalen,person,0.97,1,Magdalen,M,"Magdalen a Priest like to king Richard the second. pa. 1126. col. 1. lin. 36. counterfeited to be K. Richard pag. 1127. col. 1. lin. 19. fleeyng into Scotland<?>, was taken and brought to the Towre of London. pag. 1129. col. 1. lin. 24. beheaded at London. pag. ibidem. col. ibidem. lin. 30."
Magi,uncertain,0.2,1,Magi,M,"Magi, from whence deriued. 2.104."
Maglanus,person,0.97,2,Maglanus,M,Maglanus Duke of Albania discomfited and slayne. 20.55.
Maglocunus,uncertain,0.2,1,Maglocunus,M,"Maglocunus, looke Malgo."
Magna Carta,uncertain,0.2,3,Magna Carta,M,Magna Carta confirmed. 830.50. a 834.30. b.
Magnus,person,0.93,4,Magnus,M,Magnus elected king of the Norwegians after the death of king Cnute. 266.76
Magus,place,0.49,3,Magus,M,Magus expert in the course of the Starres. 2.57.
Maydes,person,0.84,2,Maydes,M,"Maydes drowned, or slayne, as they were sayling into lytle Britaine. 95.104."
Mayne,uncertain,0.45,1,Mayne,M,"Mayne, harried by Philip King. of Fraunce. 470.30."
Maior of London,person,0.6,1,Maior of London,M,Maior of London imprisoned. 1081.50. a.
Makarel,person,0.93,1,Makarel,M,Makarel Doctor hanged. 1570.36.
Malasert Castle,place,0.86,1,Malasert Castle,M,Malasert Castle made playne with the ground. 445.20.
Malbanke,person,0.81,1,Malbanke,M,"Malbanke Pierce, Baron of Nantwich. 323.45"
Malchus,person,0.71,1,Malchus,M,Malchus consecrated Byshop of Waterfoord in Ireland. 328.35.
Malcolm,person,0.91,1,Malcolm,M,"Malcolm, King of Cumberland. 275.65."
Malcolme,person,0.96,5,Malcolme,M,Malcolme king of Scottes assisteth king Henry the second in his iourney and businesse beyond the seas. 399.18
Malcolme Camoir,person,0.71,1,Malcolme Camoir,M,"Malcolme Camoir, established in the Crowne of Scotland. 275.61."
Malcolne,person,0.94,2,Malcolne,M,Malcolne king of Cumberland sweareth to be true to king Edgar. 231.78.
Maldon,place,0.81,1,Maldon,M,Maldon. 221.2.
Maldon battayle,place,0.81,1,Maldon battayle,M,"Maldon battayle, fought by the Danes against the Englishmen. 238.54."
Malebrough Castle,place,0.95,1,Malebrough Castle,M,Malebrough Castle 438.100
Malelot,uncertain,0.2,1,Malelot,M,Malelot. 1038.7. b.
Malesert Castle,place,0.82,1,Malesert Castle,M,Malesert Castle taken. 433.31.
Mallet William,person,0.97,1,Mallet William,M,"Mallet William, Shyrife of Yorkeshyre, taken by the Danes & English exiles. 300.67"
Malgo,person,0.87,3,Malgo,M,Malgo defyled with incest and Sodomitrie. 141.84.
"Malgo, Nephue",person,0.84,1,"Malgo, Nephue",M,"Malgo, Nephue to Aurelius Canonus, beginneth to raigne ouer Britaine. 141.69."
Malmesbury Abbey,place,0.97,2,Malmesbury Abbey,M,Malmesbury Abbey fleeced of possessions. 195.28
Malmesburie,uncertain,0.45,1,Malmesburie,M,Malmesburie builded. 23.51.
Malmesburie Castle,place,0.76,2,Malmesburie Castle,M,Malmesburie Castle besieged and deliuered. 386 65.
Malorie Aukctille,uncertain,0.2,1,Malorie Aukctille,M,Malorie Aukctille. 435.21.
Mallorie Iohn,person,0.97,1,Mallorie Iohn,M,Mallorie Iohn. 1462.11.
Malta,uncertain,0.45,1,Malta,M,Malta assigned to the knightes of the Rhodes. 1554.58.
Maluoylim Castle,place,0.87,1,Maluoylim Castle,M,Maluoylim Castle builded. 326.13.
Malus Catulus Roger,person,0.93,1,Malus Catulus Roger,M,"Malus Catulus Roger, Vice chauncellour, drowned. 522.111."
Mamertinus,person,0.85,1,Mamertinus,M,Mamertinus cited. 33.42.
Manchester towne,place,0.97,1,Manchester towne,M,Manchester towne repayred. 222.72.
Mandeuile Iohn,person,0.97,1,Mandeuile Iohn,M,Mandeuile Iohn cited. 227.24.
Mandeuyle William,person,0.97,1,Mandeuyle William,M,Mandeuyle William loseth his standerd. 610.1.
Mandubracius,person,0.97,1,Mandubracius,M,"Mandubracius, sonne to Imanuentius fleeth to Cesar for succour. 42.59."
Manduit Robert,person,0.97,1,Manduit Robert,M,Manduit Robert drowned. 357.112.
Man<?>el Iohn,person,0.97,1,Man<?>el Iohn,M,Man<?>el Iohn Person of Maydstone. 660.84.
Maner,uncertain,0.45,1,Maner,M,Maner of the Britains in their fight. 41.88.
Manleon Sauary L<?>utenant in Guye<?>ne,uncertain,0.2,1,Manleon Sauary L<?>utenant in Guye<?>ne,M,Manleon Sauary L<?>utenant in Guye<?>ne. 619.47.
Manlius,person,0.94,2,Manlius,M,Manlius slaine. 17.76.
Manlius Valeus,person,0.85,1,Manlius Valeus,M,"Manlius Valeus, and his Legion vanquished by the Britanes. 51.50."
Manrishe Geffrey,person,0.97,1,Manrishe Geffrey,M,Manrishe Geffrey Lord chiefe Iustice of Ireland. 636.19
Mansell Iohn Chaplein,person,0.97,1,Mansell Iohn Chaplein,M,Mansell Iohn Chaplein to Henrie the thyrd feasteth two kings and two Queenes 743.32.
Manswetus,person,0.83,1,Manswetus,M,Manswetus the Popes Nuncio sent to Henry the thyrde. 750.18.
Manus Citie,place,0.92,1,Manus Citie,M,Manus Citie and Castle taken and throwen downe. 543.58.
Marc,person,0.9,1,Marc,M,Marc a Celtike word. 4.102
Marcell,person,0.85,1,Marcell,M,"Marcell, or Marcell William, taken and kept prisoner in Wallingfoord Castle. 380.8"
Marcellinus,person,0.85,1,Marcellinus,M,Marcellinus cited. 3.80.
Marchades,uncertain,0.2,1,Marchades,M,"Marchades, chiefe leader of the Brabanders. 446.2."
Marchantes,uncertain,0.2,2,Marchantes,M,Marchantes two of the Stilliard beare fagottes. 1536.50.
Marchants,uncertain,0.2,1,Marchants,M,Marchants sustayne great losses. 1872.51.
Marcharus,person,0.91,8,Marcharus,M,Marcharus imprisoned againe by king William Rufus. 317.36.
Marcha<?>us,uncertain,0.2,1,Marcha<?>us,M,Marcha<?>us released out of prison. 315.17.
Marchenelaghe,uncertain,0.2,1,Marchenelaghe,M,Marchenelaghe. 29.38.
Marches of Wales,person,0.67,1,Marches of Wales,M,Marches of Wales quite wasted by long warre. 749.3.
Marcus,person,0.58,3,Marcus,M,"Marcus Lieutenant of Britaine, proclaimed Emperour. 97.105."
Marcus Antonius Emperour,person,0.88,1,Marcus Antonius Emperour,M,Marcus Antonius Emperour. 76 71.
Marcus Papyrius,person,0.85,1,Marcus Papyrius,M,"Marcus Papyrius smiteth a Gual on the head, & is therefore slaine. 26.49"
Mare Tyrrhenum,person,0.8,1,Mare Tyrrhenum,M,"Mare Tyrrhenum, taken for Pyreticum. 13.44."
Marentius,person,0.89,2,Marentius,M,Marentius the Emperor slain by Constantinus. 91.70
Margadud,person,0.8,1,Margadud,M,Margadud Kyng of South Wales. 154.66
Margan,uncertain,0.34,4,Margan,M,Margan with his armie discomfited and slayn. 21.24.
Margaret,person,0.97,15,Margaret,M,Margaret Countesse of Moũtfourts valiãtnes. 916.30. a
Margaret Mareshal,person,0.96,1,Margaret Mareshal,M,Margaret Mareshal created Duches of Norfolke. 1097 30. b.
Margerie Iordaine,person,0.9,1,Margerie Iordaine,M,Margerie Iordaine witch. pa. 1268. co. 2. lin. 1.9.
Margret,person,0.96,3,Margret,M,Margret daughter to king Edward the third borne 943.40. a.
Marham Iustice,person,0.88,1,Marham Iustice,M,Marham Iustice. 1123. col. 2. lin. 40.
Mary,person,0.97,10,Mary,M,Mary daughter to Henrye the eight borne. 1498.51
Marianus Scotus,person,0.85,1,Marianus Scotus,M,Marianus Scotus cited. 116 53.
Marie,person,0.97,1,Marie,M,"Marie, Countesse of Perch, drowned by shipwracke. 357 107."
Mariguane Charles,person,0.97,1,Mariguane Charles,M,Mariguane Charles ambassadour from the French king. 1436 55.
Marion Henry Counsellour,person,0.97,1,Marion Henry Counsellour,M,Marion Henry Counsellour to Prince Arthur. 1456.56.
Marisch William,person,0.97,1,Marisch William,M,Marisch William executed. 703.76.
Marishe William,person,0.97,1,Marishe William,M,Marishe William conspireth the kings death. 654.46.
Marius,person,0.93,3,Marius,M,"Marius sonne to Aruiragus, begynneth to raigne ouer Britaine. 66.108"
Marke Castle,place,0.64,1,Marke Castle,M,Marke Castle betrayed and recouered agayne. 1008.2. b.
Marlbrough Castle,place,0.97,1,Marlbrough Castle,M,Marlbrough Castle rased by the friendes of king Henrie the third. 611.67.
Marlebourgh Castle,place,0.97,1,Marlebourgh Castle,M,"Marlebourgh Castle besieged, and rendred to the Bishop of Durham. 516.42."
Marleswyn,person,0.86,1,Marleswyn,M,Marleswyn fleeth into Scotland. 298.64.
Marmion Robert,person,0.97,1,Marmion Robert,M,Marmion Robert slaine. 380.60.
Marshal Gilbert,person,0.97,1,Marshal Gilbert,M,"Marshal Gilbert made Earle of Penbroke, and Marshal of Henry the thyrds house. 646 2."
Marshal Richard,person,0.97,2,Marshal Richard,M,Marshal Richard Earle of Penbroke sayleth into Ireland 645.30. is taken prisoner. 645.37. dieth of a wound. 645.48.
Marshal William,person,0.97,8,"Marshal William | Marshall, William",M,Marshal William Earle of Pembroke vanquisheth his enemyes. 614.20
Marsh<?>ll William,person,0.81,1,Marsh<?>ll William,M,Marsh<?>ll William buryed in the new Temple Church at London. 617.23.
Martan Nunrie,place,0.8,1,Martan Nunrie,M,Martan Nunrie founded. 726 36.
Martia,person,0.81,2,Martia,M,"Martia, wyfe to Guintolinus. 28.99."
Martias,uncertain,0.2,1,Martias,M,Martias gouernment <?>mmended. 29.40.
Martin,person,0.9,1,Martin,M,Martin de la Mare. pag. 1328 col. 1. lin. 1.
Martinus,person,0.47,2,Martinus,M,"Martinus Lieutenant of Britaine, defendeth the innocencie of the Britaines, against Paulus the Notarie. 94.77."
Marton Colledge,place,0.97,1,Marton Colledge,M,Marton Colledge founded. 794.53. a
Maruey Henry,person,0.97,1,Maruey Henry,M,Maruey Henry knight & Vice Chamberlaine made Lorde priuie seale and Lord Maruey. 1524.15.
Marueilous,uncertain,0.2,1,Marueilous,M,Marueilous tempest of wynde on Christmas euen. 199.61.
Mascutius,uncertain,0.45,1,Mascutius,M,"Mascutius an Archpirate, sweareth to be true to King Edgar. 231.78."
Masse,place,0.81,1,Masse,M,Masse abrogated and forbidden. 1640.32. is restored. 1722.56. is eftsons abrogated. 1797.27.
Maserfield field,place,0.95,1,Maserfield field,M,Maserfield field fought by the Mercians agaynst the Northumbers. 170.7.
Mat,uncertain,0.45,1,Mat,M,Mat. Paris cited. 403.84. and 403.92.
Maũt citie,place,0.9,1,Maũt citie,M,Maũt citie burnt by king William. 314.47.
Mat. Westm,place,0.8,2,Mat. Westm,M,Mat. Westm. reproued of errour. 323.9.
Matt. Westmin,person,0.85,1,Matt. Westmin,M,Matt. Westmin. cited. 131.59 and. 140.54.
Mategriffon Castle in Sicile,place,0.87,1,Mategriffon Castle in Sicile,M,Mategriffon Castle in Sicile buylded by king Richard the first. 489.17.
Matth,person,0.85,1,Matth,M,Matth. Paris. cited. 398.28.
Mather Edmond,person,0.97,1,Mather Edmond,M,Mather Edmond executed for treason 1861.37.
Mattheus Westmonasteriensis,person,0.85,1,Mattheus Westmonasteriensis,M,Mattheus Westmonasteriensis cited. 240.23. and. 240 35. and. 261.19. and. 284 82.
Matthew,person,0.97,4,Mathew | Matthew,M,Mathew Paris cited. 325.74 and. 329.18.
Mathew Gourney,person,0.97,1,Mathew Gourney,M,Mathew Gourney. pag. 1124 col. 2. lin. 55.
Matthew of Westminstr,person,0.97,1,Matthew of Westminstr,M,Matthew of Westminstr deceyued. 141.49.
Matth<?>us Westmonasteriensis,person,0.85,1,Matth<?>us Westmonasteriensis,M,Matth<?>us Westmonasteriensis cited. 22.61. and. 28.31 and. 29.78.
Matrones,person,0.8,1,Matrones,M,Matrones drowned through their owne vnskilfulnes in rowing on the water. 614.11.
Maud,person,0.97,1,Maud,M,Maud Empresse confesseth her selfe to haue bene naught of her body. 392.15
Maude,person,0.95,24,Maude,M,"Maude wife to king Stephen, departeth this lyfe. 386.11"
Maudes Castle,place,0.7,1,Maudes Castle,M,Maudes Castle repayred by Henry the third. 638.63
Maudes Castle in Wales,place,0.72,1,Maudes Castle in Wales,M,Maudes Castle in Wales. 537.74.
Maufred,person,0.95,1,Maufred,M,Maufred sonne to Fredericke the Emperour proclaymed king of Sicile.
Mauleon,uncertain,0.45,1,Mauleon,M,Mauleon Sauery reuolteth to the French king. 624.41
Maundeuile Geffray,person,0.97,1,Maundeuile Geffray,M,Maundeuile Geffray. 377.42.
Maundeuile William,person,0.97,2,Maundeuile William,M,"Maundeuile William, Earle of Albemarke, dyeth. 480.44"
Maunt,person,0.8,1,Maunt,M,Maunt taken by the English. pag. 1198. col. 2. lin. 10.
Maurice,person,0.97,2,Maurice,M,"Maurice, sonne to Conan Meridock, sent to Rome for Maximianus. 93.37."
Mauricius Emperour,person,0.88,1,Mauricius Emperour,M,Mauricius Emperour. 143 86.
Mauus,place,0.29,3,Maus | Mauus,M,Maus deliuered to the English. pag. 1225. col. 2. lin. 21. lost by the English. pag. 1238. col. 1. lin. 40. agayne recouered by the English. pag. 1238. col 2. lin. 40.
Maus citie,place,0.95,2,Maus citie,M,"Maus citie besieged, and deliuered. 329.48."
Maxentius Emperour,person,0.9,1,Maxentius Emperour,M,Maxentius Emperour hated for his tyrannie. 90.93.
Maximianus,person,0.92,9,Maximianus,M,Maximianus & Dioclesianus felowes in gouerment of the Empire. 83.16
Maximilian,person,0.74,4,Maximilian,M,Maximilian the Emperour elected knight of the Garter. 1837.40.
Maximinianus,person,0.92,5,Maximinianus,M,Maximinianus strangled to death. 91.46.
Maximinus,person,0.39,2,Maximinus,M,Maximinus Lieutenant in Britaine vnder Constantinus. 92.53
Maximus,person,0.94,4,Maximus,M,Maximus slayne at Aquileia. 97.90.
Meall Castle,place,0.87,1,Meall Castle,M,Meall Castle deliuered to king Henry the second. 401.25.
Meanuari,uncertain,0.2,1,Meanuari,M,Meanuari a people 182.46.
Meaue,place,0.89,1,Meaue,M,Meaue besieged by the Englishe. pag. 1214. co. 1. lin. 30 taken. pag. 1215. col. 1. lin. 3.
Meaur,uncertain,0.2,1,Meaur,M,Meaur deliuered to the french. pag. 1263. col. 1. lin 48.
Meccia kingdome,place,0.85,1,Meccia kingdome,M,Meccia kingdome receyueth the fayth of Christ. 173.5. and. 176.12.
Mecredesbourne battayle,uncertain,0.2,1,Mecredesbourne battayle,M,Mecredesbourne battayle fought betweene the Brytaynes and Saxons 125.100.
Medeway riuer,place,0.95,1,Medeway riuer,M,Medeway riuer. 241.53.
Meduin,uncertain,0.2,1,Meduin,M,"Meduin and Eluane, two learned Britaines, sent to Rome. 74.71."
Medulfe,uncertain,0.2,1,Medulfe,M,"Medulfe a Scot, founder of Malmesburie Abbey. 191.19."
Medwal Henry,person,0.97,1,Medwal Henry,M,Medwal Henry. 1463.16.
Megla,person,0.82,1,Megla,M,"Megla, one of the sonnes of Porth. 130.5."
Meidhamsted Abbey,place,0.87,1,Meidhamsted Abbey,M,Meidhamsted Abbey builded. 181.11.
Meidhamstede,place,0.83,1,Meidhamstede,M,"Meidhamstede, now called Peterborough. 181.11."
Meireuent Castle,place,0.9,1,Meireuent Castle,M,Meireuent Castle wonne by king Iohn. 584.40.
Mekins Richard,person,0.91,1,Mekins Richard,M,Mekins Richard a buye burnt. 1581.22.
Melanthus,person,0.91,1,Melanthus,M,Melanthus king of Athens. 15 40.
Melga,person,0.37,5,Melga,M,Melga king of Pictes. 95.107.
Mellitus,person,0.73,6,Mellitus,M,Mellitus sent into Brytaine. 149.97.
Melkin,uncertain,0.2,1,Melkin,M,"Melkin, a Barde. 4.43."
Melua,place,0.97,1,Melua,M,Melua besieged in the Marishes neere Glastenburie. 134.25.
Melun,place,0.89,1,Melun,M,Melun besieged by the Englishe. pag. 1209. col. 2. li. 16. yeelded. pa. 1210. col. 2. li. 6
Memorancie of Fraunce,person,0.94,1,Memorancie of Fraunce,M,Memorancie of Fraunce aydeth Owen Glendour pag. 1149. col. 2. lin. 50.
Mempricius,person,0.47,2,Mempricius,M,"Mempricius eldest sonne to Madan, beginneth to raigne ouer Britaine. 17.63."
Meneford,uncertain,0.2,1,Meneford,M,Meneford. 266.61.
Meneuia,place,0.91,1,Meneuia,M,"Meneuia, nowe called West Wales. 27.106."
Meneuia Citie in Wales,place,0.94,1,Meneuia Citie in Wales,M,"Meneuia Citie in Wales, now called Saint Dauid taken. 123.42."
Menlane,uncertain,0.45,1,Menlane,M,Menlane yeelded to the Englishe. pag. 1202. col. 2. lin. 37.
Meomers Thomas,person,0.97,1,Meomers Thomas,M,Meomers Thomas Lord Rocs created Earle of Rutland. 1536.16.
Mercer,uncertain,0.45,1,Mercer,M,Mercer a Scot taketh shippes from Scarburgh and is taken himselfe. 1009 9 b.
Mercia,place,0.78,8,Mercia,M,Mercia conquered by the west Saxons. 203.83.
Mercie,place,0.86,1,Mercie,M,"Mercie, possessed by the Saxons. 131.24,"
Mercie riuer,place,0.97,2,Mercie riuer,M,Mercie riuer. 143.49.
Meriuale Abbey in Warwikeshire,place,0.97,1,Meriuale Abbey in Warwikeshire,M,"Meriuale Abbey in Warwikeshire, founded. 394.29."
Merkam,person,0.83,1,Merkam,M,Merkam chiefe Iustice lost his office. pag. 1381. col. 1. lin. 16.
Merlius,uncertain,0.2,1,Merlius,M,Merlius both Bardes. 4.42.
Merseware battaile,place,0.97,1,Merseware battaile,M,"Merseware battaile, fought by the Danes against the Englishmen. 2<?>6.85."
Merton,place,0.86,1,Merton,M,Merton. 198.9.
Merton Abbey,place,0.97,1,Merton Abbey,M,Merton Abbey founded by Gilbert a Norman. 649.16.
Meschines Randulfe,person,0.91,1,Meschines Randulfe,M,"Meschines Randulfe, Earle of Chester. 323.18"
Messengers,person,0.87,1,Messengers,M,Messengers from the Pope hanged. 963.17. b.
Meseth,uncertain,0.2,1,Meseth,M,Meseth one of the names of Samothes. 2.38.
Mesia,place,0.83,1,Mesia,M,"Mesia, now called Bulgarie. 103.31."
Mess<?>na Citie,place,0.97,1,Mess<?>na Citie,M,"Mess<?>na Citie, besieged and wonne by the Englishmen. 487.63."
Meuricus,person,0.5,1,Meuricus,M,"Meuricus, looke Aruiragus."
Michell,person,0.96,1,Michell,D,Michell Lord Delapoole created Earle of Suffolke. 1050 10. b.
Michell Delapoole,person,0.97,1,Michell Delapoole,D,Michell Delapoole Earle of Suffolke fleeth to Calais. 1066.20. b. attainted. 1071 25. a.
Michelney Abbey,place,0.87,1,Michelney Abbey,M,Michelney Abbey builded. 227 1.
Michelsbourgh,uncertain,0.2,1,Michelsbourgh,M,Michelsbourgh. 228.63.
Middelton Castle,place,0.87,1,Middelton Castle,M,Middelton Castle builded. 216.6.
Midleham Castle,place,0.97,2,Midleham Castle,M,Midleham Castle. pag. 1321. col. 1. lin. 47.
Middlemore,person,0.89,1,Middlemore,M,Middlemore Monke of the Charter house executed. 1563.50.
Middleton Robert,person,0.97,1,Middleton Robert,M,Middleton Robert. 1425.44.
Mignot Peter,person,0.97,1,Mignot Peter,M,"Mignot Peter, beheaded by the Sarasins. 501.33."
Mikilwonton,uncertain,0.2,1,Mikilwonton,M,Mikilwonton. 195.104.
Miles Forestone,person,0.97,1,Miles Forestone,M,Miles Forestone of the murderers of King Edward the fourths children. pag. 1390. col. 2. lin. 55. rated at Saint Martins. pag. 1391. col. 2. lin. 1.
Miles Iohn,person,0.97,1,Miles Iohn,M,Miles Iohn. 1463.20
Milford hauen in Penbrookshire,place,0.95,1,Milford hauen in Penbrookshire,M,Milford hauen in Penbrookshire. 419.42.
Milnal,place,0.8,1,Milnal,M,Milnal burnt. 1837. 53·
Mirabeau Castle in Poictou,place,0.82,1,Mirabeau Castle in Poictou,M,Mirabeau Castle in Poictou taken. 635.41.
Misirable,uncertain,0.45,1,Misirable,M,Misirable state of this realme vnder the thraldome of the Danes. 243.1.
Mònt Paladour,uncertain,0.45,1,Mònt Paladour,M,"Mònt Paladour, or Shaftesbury builded. 19.4"
Mo<?>oculus,person,0.72,1,Mo<?>oculus,M,Mo<?>oculus king of Limerike in Ireland slaine. 450.45
Modwene,person,0.63,3,Modwene,M,Modwene dyeth and is buried in Andresey Ile. 208.14.
Molle,person,0.91,3,Molle,M,Molle resigneth his kingdome. 196.27.
Mollo,person,0.88,1,Mollo,M,Mollo brother to king Ceadwalla burnt in an house. 186 68.
Mombray William,person,0.97,1,Mombray William,M,Mombray William sworne to king Iohn. 542.86
Mo<?>more battayle,place,0.88,1,Mo<?>more battayle,M,Mo<?>more battayle sought in Ireland. 386.20.
Monasterie of Bangor,place,0.97,1,Monasterie of Bangor,M,Monasterie of Bangor. 151.43.
Monasterie of Briege,place,0.97,1,Monasterie of Briege,M,"Monasterie of Briege, or Cala in Fraunce. 169.56."
Mon<?>cu<?> de V<?>wclere,uncertain,0.2,1,Mon<?>cu<?> de V<?>wclere,M,Mon<?>cu<?> de V<?>wclere deputy of Calais. 1323. co. 1. lin. 11.
Mondidier,place,0.84,1,Mondidier,M,Mondidier wonne. 1528.10
Moone,place,0.81,2,Moone,M,Moone strangely eclipsed. 194 69.
Monkaster,place,0.83,1,Monkaster,M,"Monkaster, now called Newcastle. 307.100"
Monkes of Canterbury,person,0.95,1,Monkes of Canterbury,M,"Monkes of Canterbury complayning of their Archbishop Theobald to the Pope, are sent home with checkes. 383 13."
Monkes of Canterburie,person,0.82,1,Monkes of Canterburie,M,"Monkes of Canterburie haue their willes in despite of the king, and the Archbishop. 539 33."
Monkes of Cantorbury,person,0.92,1,Monkes of Cantorbury,M,"Monkes of Cantorbury banished the Realme by King Iohn, and their goods confiscate. 564.7."
Monkes of Cantorburie,person,0.85,2,Monkes of Cantorburie | Monkes of Cantorburye,M,Monkes of Cantorburie chose their Archbyshop without knowledge of Kyng Iohn. 561.59.
Monkes of Christes Church in Cantorburie,person,0.62,1,Monkes of Christes Church in Cantorburie,M,Monkes of Christes Church in Cantorburie complayne of their Archbyshop to the Pope. 535.70.
Monkes of Couentrie,person,0.92,1,Monkes of Couentrie,M,"Monkes of Couentrie displaced, and secular Canons set in their roumthes. 494.89."
Monkes of Dunstable,person,0.92,1,Monkes of Dunstable,M,Monkes of Dunstable muche hindred by the commyng of the Fryers thither. 757.14.
Monkes of Durham,person,0.95,1,Monkes of Durham,M,Monkes of Durham being a long tyme excommunicated are now at length assoyled. 747.40.
Monkes of S. Albons,person,0.66,1,Monkes of S. Albons,M,Monkes of S. Albons kept prisoners by the Popes Legate in England. 745.40
Monmouth Iohn,person,0.97,1,Monmouth Iohn,M,Monmouth Iohn Captayne to Henry the thyrdes armie receyueth an ouerthrowe. 644.44.
Mons in Henaud,place,0.83,1,Mons in Henaud,M,"Mons in Henaud held by Britaines, and why so called. 87 101."
Monstreaw,place,0.77,1,Monstreaw,M,Monstreaw besieged and taken by the English. 1209. co. 1. li. 33.
Monteiny,uncertain,0.36,1,Monteiny,M,Monteiny Arnold a knight slain in a Iustes. 729.50
Montford Simons,person,0.97,1,Montford Simons,M,Montford Simons commendation. 653.1
Montfort Castle,place,0.76,1,Montfort Castle,M,Montfort Castle delyuered to the Englishmen. 399.62.
Montfort Henry,person,0.89,1,Montfort Henry,M,Montfort Henry sonne to the Earle of Leycester pursueth the halfe brethren of Henrie the third. 752.10. hee besiegeth them in Bulleyne. 752.17. they passe awaye by safe conduct of the king of Fraunce. 752.26.
Montgomery castle,place,0.97,2,Montgomery castle,M,Montgomery castle buylt. 619 33.
Monthault castle,place,0.75,1,Monthault castle,M,Monthault castle taken by Dauid prince of Wales. 712.35.
Montioye,person,0.83,1,Montioye,M,Montioye Lorde is praysed 1594.30. his Stratageme 1589.32.
Montmerentcie,person,0.85,1,Montmerentcie,M,Montmerentcie Annas great master of the French kings house made knight of the Garter. 1559.10.
Montmorancie,person,0.8,1,Montmorancie,M,"Montmorancie a Frenchman, taken prisoner. 536.23."
Montmorency,person,0.9,1,Montmorency,M,Montmorency Frances Duke Montmorency ambassadour from the French king. 1863 28. is staulled knight of the Garter. ead. 56.
Morcade,uncertain,0.45,1,Morcade,M,"Morcade, a Dane, murdered at Oxford. 241.52"
Morchad,person,0.91,1,Morchad,M,Morchad king of Ireland frind to king Henry the first. 364 22.
Mordack Henrie,person,0.97,1,Mordack Henrie,M,"Mordack Henrie Abbot of Fountneys, chosen and consecrated Archbyshop of York 382.54."
Mordred,person,0.97,4,Mordred,M,"Mordred slayne, and his armie discomfited. 134.63."
Mordreds,person,0.92,2,Mordreds,M,"Mordreds two sonnes rebel agaynst Constantinus, and are discomfited. 138.17."
More,group,0.85,1,More,M,"More honorable it is to make a king, then to be a king. 225 29."
More Thomas,group,0.85,2,Moore Thomas | More Thomas,M,Moore Thomas knight speaket of the Parliament. 1524.10.
Moreue,uncertain,0.2,1,Moreue,M,Moreue a noble man of Gascoigne. 560.26.
Moreuille Hugh,person,0.97,1,Moreuille Hugh,M,Moreuille Hugh knight. 415 61.
Morgan ap Reuther,person,0.97,1,Morgan ap Reuther,M,Morgan ap Reuther beheaded. 1304. co. 2. lin. 57.
Morgan Kidwally,person,0.85,1,Morgan Kidwally,M,Morgan Kidwally learned in the law. 1413. co. 2. lin. 11.
Morgan Thomas,person,0.97,1,Morgan Thomas,M,Morgan Thomas. 1345. co. 1 lin. 9.
Moriani,place,0.27,3,Moriani,M,Moriani vanquished by the Britaynes and slayne. 29.115.
Morim,place,0.85,1,Morim,M,Morim inhabitants of the Dioces of Terwine in Fraunce 38.78.
Morindus,uncertain,0.45,2,Morindus,M,Morindus cruell nature. 29.102.
Morkell,uncertain,0.45,1,Morkell,M,"Morkell, a valiaunt Englishe knight. 325.11."
Morley,person,0.97,1,Morley,M,Morley Lord Morley slayne. 1436.28.
Morley Robert,person,0.97,1,Morley Robert,M,Morley Robert. 373.73
Mortalitie,place,0.85,2,Mortalitie,M,Mortalitie so great in England that there were scaree so many hole as should keepe the sicke. 541.75.
Mortimer castle,uncertain,0.45,1,Mortimer castle,M,Mortimer castle. 390.45.
Mortimer Hugh,person,0.92,1,Mortimer Hugh,M,"Mortimer Hugh, fenceth his castle against King Henrie the second. 396.8."
Mortimer Iohn,person,0.97,1,Mortimer Iohn,M,Mortimer Iohn knight. 1450 15.
Mortimer Raufe,person,0.96,1,Mortimer Raufe,M,Mortimer Raufe. 318.68.
Mortimer Roger,person,0.78,1,Mortimer Roger,M,Mortimer Roger Lord Lieutenant in Wales. 745.20
Mortimers Crosse,place,0.97,1,Mortimers Crosse,M,Mortimers Crosse. 1304. co. 2 lin. 43.
Morton Earledome,person,0.84,1,Morton Earledome,M,Morton Earledome confirmed to Mathewe Earle of Boloigne. 427.16
Morton Iohn,person,0.96,1,Morton Iohn,M,Morton Iohn Byshop of Elye sent for home. 1426. is commended 1431.40. is elected Archbishop of Canterburie Cardinall and Chauncellour. ibidem. murmured at 1446.20. dyeth. 1455.35. his iust commendations. 1458.21. borne in Dorsetshire. 1463.10.
Moru<?>dus,person,0.95,1,Moru<?>dus,M,"Moru<?>dus, sonne to Elamius admitted King of Britaine 29.86."
Morwith,uncertain,0.2,1,Morwith,M,"Morwith, looke Morindus."
Moscouia,uncertain,0.2,1,Moscouia,M,Moscouia discouered. 1714.26.
Moscouite,person,0.92,2,Moscouite,M,The Moscouite sendeth an Ambassadour. 1766 57.
Moses,uncertain,0.2,1,Moses,M,Moses cyted. 5.3.
Moũtgomery Roger,person,0.97,1,Moũtgomery Roger,M,Moũtgomery Roger reconciled to the king. 319.36
Mother,person,0.96,1,Mother,M,Mother slayeth her sonne. 22.70.
Mouyng Wood,place,0.95,1,Mouyng Wood,M,"Mouyng Wood, by the Kentish men bearing of bougbes in their handes. 292 64"
Moumbray Roger,person,0.97,1,Moumbray Roger,M,Moumbray Roger conspireth against king Henry the second. 426.112.
Moun William,person,0.91,1,Moun William,M,"Moun William keepeth the castle of Dunestor, in the right of Maude the Empresse. 368.77."
Mount Saint Michaell Castle in Normandie,place,0.74,1,Mount Saint Michaell Castle in Normandie,M,"Mount Saint Michaell Castle in Normandie, besieged and released. 321.89."
Mountagne Edward,person,0.97,1,Mountagne Edward,M,"Mountagne Edward knight Lord chiefe Iustice of the Common place is one of the Executors of Henrie the eyght. 1611.50 is excepted out of the generall pardon, and why. 1722.58."
Mountford Simon,person,0.97,4,Mountfoord Simon | Mountford Simon,M,Mountford Simon made earle of Leicester. 654.65
Mountfort Castle,place,0.91,1,Mountfort Castle,M,Mountfort Castle deliuered to the French King 557.27.
Mountgomerie Castle,place,0.67,1,Mountgomerie Castle,M,Mountgomerie Castle wonne by the Welchmen. 325.97.
Mountgomerie Roger,person,0.86,1,Mountgomerie Roger,M,"Mountgomerie Roger, Earle of Shrewsburie in armes agaynst king William Rufus. 318.64."
Mount<?>oy Castle,place,0.87,1,Mount<?>oy Castle,M,"Mount<?>oy Castle yeelded to the English. pag. 1192, col. 2. lin. 34."
Mountsorel castle,place,0.93,1,Mountsorel castle,M,Mountsorel castle deliuered to king Henry the second. 436.35.
Mountsorell Castle in Leycestershire,place,0.97,1,Mountsorell Castle in Leycestershire,M,"Mountsorell Castle in Leycestershire, besieged. 612.6."
Mowbray Robert,person,0.93,1,Mowbray Robert,M,"Mowbray Robert, Constable of Kinarde Ferie Castle, taken prisoner. 433.27."
M<?>rton battayle,uncertain,0.2,1,M<?>rton battayle,M,"M<?>rton battayle, fought by the Danes against the Englishmen. 210.45."
Mulbray Robert,person,0.97,2,Mulbray Robert,M,"Mulbray Robert, created Erle of Northumberland. 312.48."
Mules Nicholas,person,0.88,1,Mules Nicholas,M,Mules Nicholas Lieutenant in Gascoyne vnder Henrye the third. 704.94.
Mulinucius,uncertain,0.2,2,Mulinucius,M,"Mulinucius, looke Dunwallo."
Munmouth castle,place,0.86,1,Munmouth castle,M,"Munmouth castle taken, and rased to the ground. 772.68"
Murcherdach,person,0.91,1,Murcherdach,M,"Murcherdach, King of Ireland. 326.70."
Murreine,uncertain,0.2,1,Murreine,M,Murreine among cattel. 314.27.
Murrion of Cattell,uncertain,0.2,1,Murrion of Cattell,M,Murrion of Cattell. 728.48.
Murtherers,person,0.83,1,Murtherers,M,Murtherers of king Constantius strangled. 109.98.
Murtherers of Archbyshop Thomas,person,0.97,2,Murtherers of Archbyshop Thomas,M,"Murtherers of Archbyshop Thomas Becket, excommunicated. 418.11"
Murton,person,0.91,1,Murton,M,Murton Byshop of Elie committed to warde. pag. 1387. col. 1. lin. 8.
Musgraue Iacke,person,0.97,1,Musgraue Iacke,M,Musgraue Iacke his valiant seruice. 1595.30.
Mutterel,place,0.95,1,Mutterel,M,Mutterel besieged. 1594. the siege broken vp. 1590.40.
Nailes,place,0.41,2,Nailes | Nayles,N,Nayles set in cuppes to measure draughtes. 231.112
Nambre,person,0.83,1,Nambre,N,Nambre Earle Henry taken by the French. 546.41.
Names of British,person,0.83,1,Names of British,N,Names of British kings which reigned from Elidurus to Lud. 32.65. and. 32.100 and. 33.40
Nanneus,person,0.8,1,Nanneus,N,Nanneus sent to defend the inuasion of the Saxons. 105 102.
Nantes,place,0.89,1,Nantes,N,Nantes besieged by the Englishmen. 1021.54. a
Nathaliod,person,0.55,3,Nathaliod,N,Nathaliod made general of the British army against ye Saxons. 127.67
Nauarre,place,0.71,1,Nauarre,N,Nauarre wonne by Ferdinand the kyng of Hispaine. 1473 50.
Nauclerus,person,0.85,1,Nauclerus,N,Nauclerus cited. 75.107
Nauie of Frenchmen,uncertain,0.2,1,Nauie of Frenchmen,N,Nauie of Frenchmen. 908.44 a.
Nauie of Spaniards,uncertain,0.2,1,Nauie of Spaniards,N,Nauie of Spaniards & French discomfited by the Englishe men 1020.53. a
Nauntes citie,place,0.97,1,Nauntes citie,N,Nauntes citie vnliuered to K. Henry the second. 398.43
Nazaleod,person,0.6,3,Nazaleod,N,"Nazaleod, nowe called Certicestshore. 131.18"
Neal,person,0.89,1,Neal,N,Neal Bruce taken. 842.50. a. executed. 843.17.6.
Nectaridus,person,0.81,1,Nectaridus,N,"Nectaridus Earle of the Sea coast in Britayne, slayne. 103.95."
Nefle Castle,place,0.87,1,Nefle Castle,N,Nefle Castle yeelded to the Frenchmen. 510.40.
Neglecting of Iustice,person,0.88,1,Neglecting of Iustice,N,"Neglecting of Iustice, is cause of greater mischiefes. 311.82."
Nennius,person,0.43,2,Nennius,N,Nennius a Britayne cited. 7.14.
Nenuius,person,0.97,1,Nenuius,N,Nenuius dyeth of the hurte which Cesar gaue him. 39.20.
Neomagus,place,0.89,1,Neomagus,N,Neomagus a Citie in Britaine by whom builded. 2.95.
Neotus,person,0.81,1,Neotus,N,"Neotus an Abbot, motioner of the founding of the vniuersitie of Oxford. 217.63"
Neptunus,person,0.27,3,Neptunus,N,Neptunus called king and God of the seas. 5.19.
Neuill Alexander,person,0.97,1,Neuill Alexander,N,Neuill Alexander his Heptarchie cited. 205.35
Neuil Charles Erle of Westmerland,person,0.96,1,Neuil Charles Erle of Westmerland,N,Neuil Charles Erle of Westmerland rebelleth. 1839.38. fleeth into Scotland. 1841.12.
Neuil Hugh,person,0.89,1,Neuil Hugh,N,"Neuil Hugh, high Iustice of the Forrestes. 549.44."
Neuil Iohn,person,0.96,1,Neuil Iohn,N,Neuil Iohn knight executed. 1581.2.
Neuil Raufe,person,0.96,2,Neuil Raufe,N,Neuil Raufe elected Archbyshop hf Canterburie and the election made voyde by the Pope 637.27.
Neuile Edward,person,0.97,1,Neuile Edward,N,Neuile Edward knight beheaded. 1572.5.
Neuille George,person,0.97,1,Neuille George,N,"Neuille George Lorde of Burgeyny conmitted to the towre, but deliuered againe. 1460 20."
New Forrest,person,0.83,1,New Forrest,N,New Forrest made by king William. 313.85.
Newark,uncertain,0.2,1,Newark,N,Newark. pag. 1329. col. 1. lin. 28.
Newarke Castle,place,0.72,2,Newarke Castle,N,Newarke Castle builded. 371.75.
Newbourgh,place,0.8,1,Newbourgh,N,Newbourgh. 194.66.
Newbourgh Abbey,place,0.97,1,Newbourgh Abbey,N,Newbourgh Abbey. founded. 394 28.
Newburge Robert,person,0.97,1,Newburge Robert,N,"Newburge Robert, a man of great honour. 398.32."
Newburgh,place,0.75,1,Newburgh,N,Newburgh brent by Earle Iohn. 538.4.
Newburie Castle,place,0.9,1,Newburie Castle,N,Newburie Castle wonne by king Stephan. 386.42.
Newburne Churh,uncertain,0.2,1,Newburne Churh,N,Newburne Churh. 312.26.
Newcastle,place,0.93,4,Newcastle,N,Newcastle taken by the Scots. 366.80.
Newcastle towne,place,0.97,2,Newcastle towne,N,Newcastle towne and Castle founded. 311.8.
Newcastle vpon Tyne,place,0.97,1,Newcastle vpon Tyne,N,Newcastle vpon Tyne brent by casual fire. 728.16.
Newe mynster,place,0.76,1,Newe mynster,N,Newe mynster in Winchester builded. 217.57
Newgate,uncertain,0.2,1,Newgate,N,Newgate set on fire. 1765.40.
Newmerch,uncertain,0.45,1,Newmerch,N,Newmerch and Vernon restored to the Duke of Normandie. 393.47
Newmerch Castle,place,0.97,1,Newmerch Castle,N,Newmerch Castle besieged and deliuered to the Frenchmen 385.20.
Newport,uncertain,0.45,1,Newport,N,Newport a litle towne. 1415 co. 1. lin. 13.
Newton,person,0.75,1,Newton,N,Newton slayeth Hamilton in combat. 1634.30.
Newton Peter,person,0.97,1,Newton Peter,N,Newton Peter knight Counsellour to Prince Arthur. 1456.54.
Nicastum,place,0.8,1,Nicastum,N,Nicastum recouered by the Englishmen. 356.18.
Nicephorus,person,0.85,1,Nicephorus,N,Nicephorus cited. 53.19. and. 88.91.
Nichol Robert,person,0.97,1,Nichol Robert,N,Nichol Robert. 368.78.
Nichola,person,0.9,1,Nichola,N,Nichola a Lady keepeth the castle of Lincolne and valiantly defendeth it. 612.50.
Nicholas,person,0.93,1,Nicholas,N,Nicholas chaplayne to king Henrie the second. 420.99.
Nicholas Brembre,person,0.97,1,Nicholas Brembre,B,Nicholas Brembre executed. 1071.37. b.
Nicholas Burdet,person,0.97,1,Nicholas Burdet,N,Nicholas Burdet knight. pag. 1227. col. 1. lin. 32. lin. 56. col. 2. lin. 10. pa. 1237 co. 2. lin. 30. pag. 1265. col. 1. lin 25. chiefe Butler of Normandie slayne. pag. 1265. col. 1. lin. 54.
Nichosia,place,0.63,1,Nichosia,N,Nichosia in Cypres wonne by king Richard the first. 493.39.
Nidred,uncertain,0.45,1,Nidred,N,"Nidred and Suebhard, vsurpers in the kingdome of Kent. 187.21."
Niemagus,place,0.89,1,Niemagus,N,"Niemagus, a Citie in Britaine by whom builded. 2.95."
Nigel,person,0.94,3,Nigel,N,Nigel a Monke of Canterburie. 382.96.
Nigellus,person,0.97,1,Nigellus,N,Nigellus slayne by his brother Sithrike. 223.101.
Niger,person,0.92,1,Niger,N,Niger cited. 376.45.
Niger Raufe,person,0.97,1,Niger Raufe,N,Niger Raufe. 548.39.
Nimblenes,uncertain,0.2,1,Nimblenes,N,Nimblenes of the British Charetmen. 38.6.
Nine Riuer,place,0.95,1,Nine Riuer,N,Nine Riuer. pag. 1299. col. 1. lin. 41.
Nobilitie of England,person,0.34,2,Nobilitie of England,N,Nobilitie of England despised by the nobles of the Poictouines by reason of their cosynage to Henry the thyrde. 750.90.
Noblemen of England,person,0.71,1,Noblemen of England,N,Noblemen of England slayne at the battel of Ashdon. 255.104.
Nobles of England,person,0.84,1,Nobles of England,N,Nobles of England do homage to Henry sonne to king Henry the second. 412.74.
Nobles of Poictou,person,0.85,1,Nobles of Poictou,N,"Nobles of Poictou rebell against the Earle Richard, sonne to King Henry the second. 467.22."
Noe,person,0.91,1,Noe,N,Noe diuideth the earth betweene his three sonnes. 1.72.
Nonnius,person,0.85,1,Nonnius,N,Nonnius cited. 4.7.
<?>nnor,person,0.86,1,<?>nnor,G,"<?>nnor, married to Richard he second Duke of Normandie 289.<?>3."
Norfolke,place,0.77,1,Norfolke,N,Norfolke rebels vanquished by their Bishop. 1032.10. a.
Norrham Castle,place,0.97,3,Norrham Castle,N,Norrham Castle. 436.28.
Norrice Henry,person,0.97,1,Norrice Henry,N,Norrice Henry executed. 1561 9.
Norris Henry,person,0.97,1,Norris Henry,N,Norris Henry knight made Lord of Ricotte. 1862.57.
Norman,group,0.85,3,Norman,N,Norman rebels to be restored to their landes and liuings in England. 321.78.
Norman Garison,group,0.85,1,Norman Garison,N,"Norman Garison at Yorke, slayne by the Danes and English exiles. 300.61."
Normandy,place,0.89,2,Normandy,N,Normandy interdited and why. 546.50.
Normandie,place,0.81,9,Normandie,EN,"Normandie possessed by Rollo and his people, and why so called. 213.70."
Normans,group,0.85,11,Normans,N,Normans vanquished and chased by the Englishmen. 345 14.
North,place,0.91,2,North,N,North partes spoyled by the Scottes. 1014.1. a
North Wales,place,0.9,1,North Wales,N,North Wales & Southwales ioyneth in amitie together to rebel against Henrye the third. 744.73.
Northampton,place,0.75,3,Northampton,N,Northampton. pa. 1299. col. 1. lin. 47. col. 2. lin. 15. lin. 18.
Northampton towne,place,0.81,1,Northampton towne,N,"Northampton towne, besieged and taken by king Henry the thyrd. 766.35."
Northamton,place,0.91,1,Northamton,N,Northamton burned by the Danes. 245.73.
Northen,person,0.8,1,Northen,N,Northen men spoyle Saint Albons. pag. 1306. col. 1. lin. 12.
Northest country,place,0.95,1,Northest country,N,Northest country people called by the Englishmen by ye name of Danes. 215.15.
Northfolke,place,0.93,2,Northfolke,N,Northfolke and Suffolke delyuered to the Saxons. 118.45.
Northren,uncertain,0.2,1,Northren,N,The Northren men refuse to paye a subsidie. 1434. slea the Earle of Northumberland. eadem. 30. make a rebellion. eadem. 47. are discomfited and quieted. 1435.8.
Northumber,group,0.85,1,Northumber,N,Northumber rebelles vanquished by King William. 299.77.
Northumberland,place,0.8,13,Northumberland,N,"Northumberland sacked, and deuided amongst the Danes 212.31."
Northumbers,group,0.85,11,Northumbers,N,Northumbers vanquished by Offa. 194.90.
Northwales,uncertain,0.45,2,Northwales,N,Northwales constrayned to yeeld a yearly tribute to king Adelstane. 226.86.
Norwegian,person,0.55,4,Norwegian,N,Norwegian armie dicomfited and slayne by the English men. 284.88.
Norwegians,place,0.81,1,Norwegians,N,Norwegians arriue in Humber with a great power. 284.57.
Norweygians,uncertain,0.2,1,Norweygians,N,"Norweygians, called by the English people, by the name of Danes. 215.16."
Norwich,place,0.91,4,Norwich,N,Norwich wonne by Ret. 1662.30.
Norwich Abbey,place,0.97,1,Norwich Abbey,N,"Norwich Abbey set on fire by the Citizens, and burned. 782.46."
Norwich Castle,place,0.97,3,Norwich Castle,N,Norwich Castle. 390.65.
Norwich Citie,place,0.94,2,Norwich Citie,N,Norwich Citie assaulted and wonne by the confederates against king Henrye the second. 433.59.
Norwich Monasterie,place,0.97,1,Norwich Monasterie,N,Norwich Monasterie founded. 333.80.
Norwiche Castle,place,0.85,1,Norwiche Castle,N,Norwiche Castle surrendred to Lewes. 610.35.
Nothelmus,person,0.7,1,Nothelmus,N,Nothelmus succeedeth Tacuinus in the Archbyshoprick of Cantorburie. 193.29
Notingham,place,0.92,3,Notingham,N,Notingham newe towne and bridge builded. 222.69.
Notingham Castle,place,0.97,1,Notingham Castle,N,Notingham Castle. pag. 1415 col. 1. lin. 51.
Notingham towne,place,0.97,2,Notingham towne,N,"Notingham towne, wonne by the Danes. 209.97."
Notingham towns,place,0.86,1,Notingham towns,N,Notingham towns taken and burned. 435.38.
Nouant Castle,place,0.64,1,Nouant Castle,N,Nouant Castle besieged by king Iohn. 584.43. deliuered to the king. 584.50.
Nouant Hugh,person,0.93,1,Nouant Hugh,N,Nouant Hugh Byshop of Couentrey pardoned by Kyng Richard the first. 526.16.
Nouant Robert,person,0.87,2,Nouant Robert,N,Nouant Robert dyeth in prison. 526.21.
Nouantes,uncertain,0.45,1,Nouantes,N,"Nouantes, where they inhabited. 59.26"
Nouiomagus,place,0.89,1,Nouiomagus,N,"Nouiomagus a Citie in Britaine, by whom builded. 2.96."
Nudigate,person,0.97,1,Nudigate,N,Nudigate Monke of the Chatterhouse executed. 1563.50.
Number of Iulius Cesars,person,0.93,1,Number of Iulius Cesars,N,Number of Iulius Cesars shippes at his seconde comming into Britaine. 40.82.
Number of Monkes,uncertain,0.45,1,Number of Monkes,N,Number of Monkes in the Monasterie of Bangor. 153 82.
Nun,person,0.82,1,Nun,N,Nun cousin to Inas. 187.96.
Nunnes,uncertain,0.2,3,Nunnes,N,Nunnes not to be godmothers to any mans child. 341.10.
Nunnes of Amesbury,uncertain,0.2,1,Nunnes of Amesbury,N,Nunnes of Amesbury displaced bycause of their incontinent liuing. 447.67.
Nusse,place,0.89,1,Nusse,N,Nusse besieged. pag. 1346. co. 2. lin. 30.
Obeyers,person,0.84,1,Obeyers,O,"Obeyers of the Popes, or Thomas Beckets Archbyshop interdiction, to be banished with their linage, and theyr goods confiscate. 408.104."
Obrin,person,0.88,1,Obrin,O,Obrin created Earle of Common. 1590.10.
Obrin Dunon,person,0.89,1,Obrin Dunon,O,Obrin Dunon knight created Baron of Ebranky. 1590.12
Occa,person,0.56,7,Occa,O,Occa and Osca taken prisoners 127.49.
O<?>cay,uncertain,0.45,1,O<?>cay,O,"O<?>cay walkeline, a valiant knight. 380.34."
Oceane,place,0.89,1,Oceane,O,Oceane spoyled. 48.16.
Ocley battel,place,0.97,1,Ocley battel,O,Ocley battel fought by the English men agaynst the Danes. 206.109.
Octa,uncertain,0.2,1,Octa,O,"Octa, looke Occa."
Octauius,person,0.97,3,Octauius,O,Octauius dyeth. 92.55.
Odiham Castle,place,0.91,2,Odiham Castle,O,Odiham Castle won by Lewes 601.3.
Odo,person,0.95,12,Oddo | Odo,O,Odo released out of prison. 315 15.
Odocer,person,0.93,1,Odocer,O,Odocer King of ye Heruli vsurpeth the gouernment of Italy. 122.88.
Odomare,person,0.86,1,Odomare,O,Odomare made Byshoppe of Winchester.
Offa,person,0.96,9,Offa,O,"Offa, sonne to Saxnot. 131.37"
Offchurch,place,0.69,1,Offchurch,O,Offchurch builded. 195.84.
Offeditch,uncertain,0.45,1,Offeditch,O,"Offeditch cast, and where it runneth. 195.75."
Offeld Manour,place,0.97,1,Offeld Manour,O,"Offeld Manour, burnt. 779.41"
Offers,person,0.83,1,Offers,O,"Offers made to the Emperour Henrie the sixt, to keepe king Richard the fyrst longer in prison. 514.39."
Officers,place,0.88,1,Officers,O,Officers appoynted in Scotland. 823.19. a.
Ogersian Gilbert,person,0.97,1,Ogersian Gilbert,O,"Ogersian Gilbert, a knight templer, punished for his falshoode. 469.66."
Oglethorp,person,0.96,1,Oglethorp,O,Oglethorp Byshop of Carleile crowneth Queene Elizabeth 1776.36.
Olavus,person,0.95,2,Olavus,O,"Olavus, sonne to king Harold Harfager of Norway. 285.8."
One,person,0.93,2,One,O,One brother helpeth another. 226 4
Oneon,person,0.9,1,Oneon,O,Oneon executed for denying the kings supremacie. 1574.32.
Onichelinus,uncertain,0.2,1,Onichelinus,O,"Onichelinus, looke Rechelinus."
Orange,person,0.9,1,Orange,O,Orange Prince commeth into England. 1762.46.
Oration of Henry,person,0.94,2,Oration of Henry,O,Oration of Henry the fifth. pag. 1186. co. 1. lin. 48.
Oration of William,person,0.97,1,Oration of William,O,Oration of William Earle of Pembroke before the Nobilitie. 608.42.
Ordalium,person,0.84,1,Ordalium,O,"Ordalium law, what, and how executed. 269.64."
Order of Fryers,person,0.81,1,Order of Fryers,O,Order of Fryers newe deuised called sacked Fryers. 745.52.
Ordering of Abbeys,place,0.84,1,Ordering of Abbeys,O,"Ordering of Abbeys and Monasteries in olde tymes. 193.21,"
Ordmer,person,0.96,1,Ordmer,O,"Ordmer Duke, father to Queene Egelfrida. 235.7."
Ordouices,person,0.89,1,Ordouices,O,"Ordouices inuaded and slayne. 68, 80."
Orreford,uncertain,0.2,1,Orreford,O,Orreford. 431.53.
Oriall Colledge,place,0.97,1,Oriall Colledge,O,Oriall Colledge founded. 884.47. a.
Orkney Iles,place,0.97,1,Orkney Iles,O,Orkney Iles recouered by the Britaines. 141.80.
Orlians,place,0.89,1,Orlians,O,Orlians besieged by the Englishe. pag. 1239. col. 1. lin. 47.
Ormus,person,0.93,1,Ormus,O,"Ormus, an Earle. 227.69."
Oronius,uncertain,0.2,1,Oronius,O,"Oronius, a Barde. 4.41."
Orwell,uncertain,0.2,1,Orwell,O,Orwell. 433.55.
Osberne,person,0.94,4,Osberne,O,Osberne Vncle to king Swanus of Denmarke sent with an armie into England. 300 27.
Osbright,person,0.73,5,Osbright,O,Osbright rauisheth the wyfe of one Bearne. 211.60
Osburga,person,0.97,1,Osburga,O,Osburga wife to king Ethelwolfus. 205.115
Osca,uncertain,0.45,2,Osca,O,"Osca and Otha, wast and destroy the West partes of Britayne. 124.59."
Ossestrie,place,0.8,1,Ossestrie,O,Ossestrie thrise burnt within xxx. yeares. 1837.37.
Osfride,person,0.97,2,Osfride,O,"Osfride sonne to Edwin, slaine 163.58."
Osgote Clappa,person,0.56,3,Osgote Clappa,O,"Osgote Clappa, receyueth his wife, and returneth into Denmarke. 270.73."
Osyris,person,0.93,3,Osyris,O,Osyris came into Britayne. 9.1.
Osmear an English,person,0.97,1,Osmear an English,O,"Osmear an English souldiour like to king Edmond, slayne. 254.53."
Osmond,person,0.9,1,Osmond,O,Osmond a captaine slaine. 204 64.
Osoulphus,person,0.46,2,Osoulphus,O,Osoulphus succeedeth his father Egbert in the kingdom of Northũberland. 195.102
Osrec,uncertain,0.2,1,Osrec,O,"Osrec a Dane, looke Basreeg."
Osred,person,0.85,5,Osred,O,"Osred sonne to Alfride, succeedeth his father in the Kyngdome of Northumberland. 190.59."
Osrick,uncertain,0.45,1,Osrick,O,Osrick and Kenred succede Osred in the Kingdome of Northumberland. 190.76
Osrryda,person,0.8,1,Osrryda,O,Osrryda cruelly murdered. 189.13.
Osrike,person,0.92,5,Osrike,O,Osrike Kyng of Northumberland. 186.12
Ostorius,person,0.94,6,Ostorius,O,"Ostorius M sonne to the Lieutenant, deserueth a ciuica corona against the Britains. 53.98."
Ostreham,uncertain,0.2,1,Ostreham,O,Ostreham. 395.19.
Ostrydo,person,0.92,1,Ostrydo,O,"Ostrydo, wife to Ethelred. 189.8."
Osull,person,0.91,1,Osull,O,Osull slayne by a thiefe. 312 29.
Osulfe,uncertain,0.2,1,Osulfe,O,"Osulfe expulsed out of the gouernment of the Northumbers, Copsius. 312.20."
Osunus,person,0.88,2,Osunus,O,Osunus sueth to Cadwallo for peace. 167.29
Oswald,person,0.91,14,Oswald,O,"Oswald Byshop, remoued from Worceter to Yorke. 232.28."
Oswaldes,place,0.8,1,Oswaldes,O,Oswaldes liberalitie towardes the poore. 168.102
Oswy,person,0.97,6,Oswy,O,Oswy and Oswin begynne to make warre ech against other 170.48.
Oswyn,person,0.87,4,Oswin | Oswyn,O,Oswin an humble Kyng. 171 12.
Oteford,uncertain,0.45,1,Oteford,O,"Oteford or Okeford battel, fought by the English men agaynst the Danes. 255.50."
Otford battel,place,0.95,1,Otford battel,O,Otford battel fought by Offa against the Kentishmen. 194 89.
Oth,person,0.97,1,Oth,O,"Oth, sonne to Occa, succeedeth his father in the kingdome of Kent. 129.111."
Otha,place,0.8,1,Otha,O,"Otha, looke Osca and Otha."
Othe,person,0.91,18,Othe,O,Othe exacted of Henry the third and of Edward his sonne Prince of Wales. 751.37.
Othe of Allegeance,person,0.93,1,Othe of Allegeance,O,Othe of Allegeance demaunded by King Iohn of his subiects 587.80.
Othes,person,0.93,1,Othes,O,"Othes dispensed withal by the Pope. 396.62. and. 403, 89."
Otho,person,0.97,6,Otho,O,Otho the seconde Emperour. 235.68.
Othobon,person,0.89,1,Othobon,O,Othobon Cardinal sent Legate from the Pope into England. 774.57. lodged in the Towre. 778.30.
Othobone,person,0.92,1,Othobone,O,"Othobone Cardinal Legate, returneth to Rome. 780.6. is chosen Pope and named Adrian the fyft. 780.8."
Othon,person,0.8,1,Othon,O,"Othon, made Custos, or Gardein of the Citie of London. 774.75."
Otwel,person,0.97,1,Otwel,O,"Otwel, brother to Richard Earle of Chester, drowned. 357.109."
Ouan,uncertain,0.2,1,Ouan,O,Ouan. 194.65.
Oueile,person,0.91,1,Oueile,O,"Oueile Shane rebelleth, is tamed and slayne. 1837.58."
Ouse ryuer,uncertain,0.2,2,Ouse ryuer,O,Ouse ryuer. 214.115.
Owen,person,0.9,1,Owen,O,Owen ayded the Frenche. pag. 1149. co. 2. lin. 50. ended his lyfe. pag. 1155. col. 2. lin. 20.
Owen Glendoner,person,0.97,1,Owen Glendoner,O,Owen Glendoner wyth the Welchmen rebel. pag. 1132 co. 1. lin. 34. pag. 1133. co. 2 lin. 14.39. pag. 1142. co. 1. lin. 16. his sonne taken. pag. 1155. co. 2. lin. 57.
Owen Teuther,person,0.97,1,Owen Teuther,O,Owen Teuther maried Queen Katharine. pag. 1264. co. 2. lin. 4. committed to warde lin. 21. taken and beheaded. pag. 1304 co. 2. lin. 56.
Owin,person,0.9,1,Owin,O,"Owin Prince of Wales, slaine. 354.88."
Owse bridge,place,0.82,1,Owse bridge,O,Owse bridge born away. 1834 13.
Oxeholm<?> Ile,place,0.82,1,Oxeholm<?> Ile,O,"Oxeholm<?> Ile taken, and possessed by certaine outlawes and dishinherited persons. 776.58."
Oxenford Iohn,person,0.97,1,Oxenford Iohn,O,"Oxenford Iohn, made Byshop of Chichester. 432.60"
Oxford,place,0.91,5,Oxford,O,Oxford burned by the Danes. 245.19.
Oxford Burgeses,place,0.89,1,Oxford Burgeses,O,"Oxford Burgeses require absolution for hanging three Schollers vniustly, they are assoyled, and penance enioyned them. 582.94."
Oxford Castle,place,0.94,2,Oxford Castle,O,Oxford Castle. 391.22.
Oxford Schollers,place,0.89,1,Oxford Schollers,O,Oxford Schollers make a fray wyth Otho the legates men. 652.11.
Oxford Vniuersitie,place,0.95,1,Oxford Vniuersitie,O,Oxford Vniuersitie founded. 217.61.
Oxfordshiremen,person,0.42,2,Oxfordshiremen,O,Oxfordshiremen vanquished and slaine. 54.1
Pace Richard,person,0.94,3,Pace Richard,P,Pace Richard described. 1518.28.
Packington Robert,person,0.97,1,Packington Robert,P,Packington Robert murdered. 1570.3.
Paganel,uncertain,0.44,1,Paganel,P,"Paganel or Paynel, keepeth the Castle of Ludlow, in the ryght of Maud the Empres 368.76."
Pageantes,uncertain,0.45,1,Pageantes,P,The Pageantes set foorth in the Citie of London as Queene Elizabeth went thorough it to her Coronation. 1787.14.
Pageauntes,place,0.81,1,Pageauntes,P,Pageauntes in making. pag. 1371. co. 2. lin. 53.
Pal,person,0.8,3,Pal,P,Pal sent from Rome vnto Rafe Archbishop of Cantorbury. 351.102
Palladius,person,0.8,1,Palladius,P,Palladius sent from Rome to preach in Scotlande. 120.1.
Palles,person,0.83,1,Palles,P,Palles sent from the Pope to Paulinus and honorius. 163.9.
Palingus,person,0.88,1,Palingus,P,"Palingus Earle, husbande to Gunthildus, with his wife, and his sonne, put to death. 247.30."
Palmer Thomas,person,0.95,2,Palmer Thomas,P,Palmer Thomas knight ouerthrowen in fight. 1637.8.
Paluel Castle,place,0.75,1,Paluel Castle,P,Paluel Castle taken by the French king 469.10.
Pandrasus,person,0.37,4,Pandrasus,P,Pandrasus prepareth an armie agaynst the Troian ofspring 11.27.
Pandulfe,person,0.8,1,Pandulfe,P,Pandulfe sent into Fraunce by the Pope to practise with the French king for king Iohns destruction. 573.19.
Pandulph,person,0.97,1,Pandulph,P,"Pandulph, made Byshop of Norwitch. 617.26."
Papirio Iohn,person,0.97,2,Papirio Iohn,P,Papirio Iohn receiueth an othe of fidelitie vnto king Stephan. 386.40.
Par William,person,0.97,3,Par William,P,Par William Marques of Northampton goeth against Queene Mary. 1720.40. proclaymeth Queene Mary. ibidem. and goeth and submitteth him selfe vnto her grace. ibidem. is attaynted. 1721.25. deliuered out of the Towre. 1734.40. is chosen high Steward of England. 1801.43.
Parre Katharen,person,0.97,1,Parre Katharen,P,"Parre Katharen late wife to the Lord Latimer, maried to Henry the eyght. 1590.17."
Parre William,person,0.97,2,Parre William,P,"Parre William, Lord Parre, created earle of Essex. 1591 50."
Paris,place,0.78,1,Paris,P,Paris yeelded to the French. pag. 1258 col. 1. lin. 28.
Parker,person,0.94,1,Parker,P,Parker Doctor Archbishop of Canterbury. 1803.7. dieth 1870.57. his Epitaph. 1872.5.
Partholin,uncertain,0.2,1,Partholin,P,"Partholin, looke Bartholoin. 28."
Partrich Miles,person,0.93,1,Partrich Miles,P,Partrich Miles knight committed to the Towre. 1709 31. is hanged. 1712.5.
Pascentius,person,0.95,2,Pascentius,P,Pascentius with his armie discomfited and slayne. 123.52
Pascy Castle,place,0.97,2,Pascy Castle,P,Pascy Castle. 445.24.
Passelew Iohn,person,0.97,1,Passelew Iohn,P,Passelew Iohn. 726.4.
Patrike,person,0.97,1,Patrike,P,"Patrike Earle of Salisburie, slayne by treason of the Poictou<?>s. 411.20."
Patrike William,person,0.97,1,Patrike William,P,"Patrike William the elder, conspyreth agaynst king Henrye the second. 426.110."
Paul,person,0.91,2,Paul,P,Paul the Apostle preacheth to the Britaines. 53.23.
Paule,person,0.84,2,Paule,P,Paule Abbot of Saint Albons Nephue to Lanfranke. 320.69.
Paules,uncertain,0.45,1,Paules,P,Paules steeple in London finished.
Paulet,person,0.97,1,Paulet,P,Paulet Amis knight sent Commissioner into Cornwal. 1451.53.
Paulet William,person,0.97,3,Paulet William,P,Paulet William Marques of Winchester dyeth. 1861.46. his prayses. ibidem.
Pauline Souday field,place,0.9,1,Pauline Souday field,P,Pauline Souday field. pag. 1311. col. 2. lin. 8.
Paulinus,person,0.78,7,Paulinus,P,Paulinus sent into Brytaine. 149.98.
Paulinus Suetonius,person,0.58,6,Paulinus Suetonius,P,Paulinus Suetonius sent Lieutenant into Britain. 59.76.
Paulus,person,0.31,3,Paulus,P,"Paulus returneth into Italy, & is slaine. 95.16"
Pausanias,uncertain,0.2,1,Pausanias,P,Pausanias cyted. 4.100. and. 8.1. and. 8.74.
Pausgraue,uncertain,0.45,1,Pausgraue,P,The Pausgraue of the Rhine commeth into Englande. 1574.18.
Pawlet,person,0.97,1,Pawlet,P,Pawlet Amise knight. 1450.16.
Pawlet William,person,0.97,3,Pawlet William,P,Pawlet William Lord Saint Iohn knight of the order and great maister of ye houshold appoynted by the kings Testament to be one of hys sonnes gouernours. 1611.58.
Peada,person,0.9,1,Peada,P,Peada murthered throughe treason of his wyfe. 176.41.
Peake Richard,person,0.89,1,Peake Richard,P,Peake Richard keeper of the citie of Dublin. 454.33
Pearch,place,0.81,1,Pearch,P,"Pearch of land, how many foot it conteyneth. 312.103"
Pecham Henry,person,0.97,1,Pecham Henry,P,"Pecham Henry executed for treason. 1766, 40."
Peda,uncertain,0.45,1,Peda,P,Peda or Peada king of Mercia receyueth the Christian faith 173.7. and. 173.31.
Peda Baptised,uncertain,0.2,1,Peda Baptised,P,Peda Baptised by Finnan. 173.32.
Pedredesmouth battel,place,0.97,1,Pedredesmouth battel,P,"Pedredesmouth battel, fought by the Englishmen against the Danes. 206.105."
Pegnalech Abbey,place,0.95,1,Pegnalech Abbey,P,Pegnalech Abbey. 177.49.
Peinters,person,0.8,1,Peinters,P,Peinters first brought into England. 178.114.
Peith Iohn,person,0.97,1,Peith Iohn,P,Peith Iohn. 1447.21.
Pelagius,place,0.63,5,Pelagius,P,Pelagius Heresie renued among the Scots. 163.35.
Pelham Nicholas,person,0.97,1,Pelham Nicholas,P,"Pelham Nicholas knight, valiauntly beateth the landed Frenchmen to their shyppes. 1602.20."
Pelitus,uncertain,0.2,1,Pelitus,P,Pelitus a Wisard of Spaine. 166.50.
Pembroke shire,place,0.88,1,Pembroke shire,P,Pembroke shire spoyled by the Welch men. 749.59.
Pemsey Castle,place,0.92,1,Pemsey Castle,P,"Pemsey Castle besieged, and rendred to king William Ru+fus. 319.57"
Penbroke Hal in Cambrige,place,0.71,1,Penbroke Hal in Cambrige,P,Penbroke Hal in Cambrige founded. 996.18. b.
Pencaire Dauid,person,0.97,1,Pencaire Dauid,P,Pencaire Dauid cited. 7.5.
Pence,person,0.82,1,Pence,P,Pence of the value of two pences coyned. 1459.17.
Pencioners,uncertain,0.33,2,Pencioners,P,The Pencioners muster in armour before her Maiestie. 1839.42. A lotterie held. 1839.46.
Penda,person,0.95,14,Penda,P,Penda an vnmeasurable hater of Christian religion 165.63
Pendaes,uncertain,0.2,1,Pendaes,P,"Pendaes godly saying, concernyng cold Christians. 173.50."
Penensey towne,place,0.97,1,Penensey towne,P,Penensey towne and Castle. 390.79.
Penerel William of Nottingham,person,0.97,1,Penerel William of Nottingham,P,Penerel William of Nottingham. 369.
Penius,uncertain,0.45,1,Penius,P,Penius Posthumus slayeth himselfe. 65.43.
Pensey Castle,place,0.87,1,Pensey Castle,P,Pensey Castle deliuered to the king. 397.19.
Pente Riuer,place,0.95,1,Pente Riuer,P,Pente Riuer. 174.45.
Pentho battaile,place,0.97,1,Pentho battaile,P,Pentho battaile fought by the Danes against the Somersetshyre men. 241.70
Pennum battaile,place,0.95,1,Pennum battaile,P,"Pennum battaile fought by Cenwalch against the Britaines, where Bruces posteritie receiueth an vncurable wound. 176.79"
Penwithstreete,uncertain,0.2,1,Penwithstreete,P,Penwithstreete. 241.40.
Perceual Iohn,person,0.97,1,Perceual Iohn,P,Perceual Iohn. 1462.10.
Percy Thomas,person,0.97,1,Percy Thomas,P,"Percy Thomas knight, put to death. 1570.9"
Percy William,person,0.97,1,Percy William,P,Percy William knight. 1448.46.
Percie,person,0.97,1,Percie,P,Percie restored Earle of Northumberland. pag. 1168. col. 1. lin. 40.
Percie Erle of Worceter,person,0.97,1,Percie Erle of Worceter,P,Percie Erle of Worceter breaketh the staffe of his office. 1108.13. a.
Percie Henry,person,0.97,3,Percie Henry,P,Percie Henry the first Earle of Northumberland Warden of the whole Marches sueth to be discharged of his office 1522. much mislyked therefore of al men. ibidem.
Percie Thomas,person,0.97,1,Percie Thomas,P,"Percie Thomas made knight, after Lord, and the next daye Earle of Northumberland. 1767.28. rebelleth. 1839. his attemptes there, & afterward fleeth into Scotland. 1841.12. is brought out of Scotland and beheaded. 1865."
Perdir,uncertain,0.45,1,Perdir,P,Perdir the wisehard flourisheth 21.65.
Peredurus,person,0.27,3,Peredurus,P,"Peredurus reigne and deth, variable among writers. 332.1."
Perhennis,person,0.47,2,Perhennis,P,"Perhennis, Captaine of the Emperor Commodus gard. 77.9."
Periurie,uncertain,0.2,3,Periurie,P,Periurie neuer left vnpunished. 286.37.
Perkin Werbecke,uncertain,0.2,1,Perkin Werbecke,P,Perkin Werbecke. pag. 1389. col. 2. lin. 42.
Perrottus Nicholas,person,0.97,1,Perrottus Nicholas,P,Perrottus Nicholas cited. 5.42.
Perthelmus,person,0.91,1,Perthelmus,P,"Perthelmus, byshop of Whiterne. 192.26."
Pertinar,person,0.6,4,Pertinar,P,Pertinar obtaineth to bee discharged from the Lieutenantship of Britaine. 77.63.
Petteham Manour,place,0.84,1,Petteham Manour,P,"Petteham Manour, made ouer to the Church of Canterbury. 327.56."
Peter,person,0.92,11,Peter,P,Peter pence payment confirmed by Ethelwolfus. 207.49.
Peter Archbyshoppe of Tarensasia,person,0.97,1,Peter Archbyshoppe of Tarensasia,P,Peter Archbyshoppe of Tarensasia. 423.112:
Peter Bahuchet,person,0.97,1,Peter Bahuchet,P,Peter Bahuchet hanged at Sluce. 909.50. a.
Peter Bressie,person,0.95,1,Peter Bressie,P,Peter Bressie Captayne of Alnewike Castle. pa. 1313. col. 2. lin. 54. pag. 1315. col. 1. lin. 24.
Peter Hialas,person,0.97,1,Peter Hialas,P,Peter Hialas the Spanish ambassadour vnto the kyng of Scottes. 1449.47. concludeth a truce betweene England and Scotland. eadem. 10.
Peter Landeyse,person,0.97,1,Peter Landeyse,P,Peter Landeyse. pag. 1407. col. 2. lin. 12. lin. 20. lin. 50. pag. 1408. col. 1. lin. 50. col. 2. lin. 13. lin. 47.
Peter of Sauoy,person,0.97,1,Peter of Sauoy,P,Peter of Sauoy made earle of Richmond. 658.115
Peter Pateshul,person,0.97,1,Peter Pateshul,P,Peter Pateshul a Frier preacheth against his order. 1059.1. a. accuseth his brethren of Heynous crimes. 1059.10. b.
Peter Warbeke,person,0.79,1,Peter Warbeke,P,"Peter Warbeke called in derision, Perkin Warbecke coũterfeit Duke of Yorke. 1441 10. goeth into Portugall, and from thence into Irelãd. eadem. 50. is sent forth by the French Kyng. ibidem. returneth into Flaunders. ibidem. is called the White Rose. 1442.8. his true linage is found out. eadem. 10 landeth in Kent, and is repelled with slaughter. 1445 30. saileth into Ireland, & from thence into Scotland. eadem. 30. maried the daugh+ter of the Earle Huntley. ibidem. his counterfeit pitie 1446.2. landeth in Cornwal. 1449.44. besigeth Exceter. 1450.1. fleeth and taketh Sanctuarye. eadem. 30. yeeldeth hym selfe. 1451 37. maketh an escape. 1552 7. is set in the stockes, and afterward standyng vpon a Scaffold, readeth his confession. ead. 30. corrupteth his keepers. 1453.43. is hanged 1454.7."
Peterborrough,place,0.81,1,Peterborrough,P,Peterborrough in olde tyme called Meidhamsteede. 181.11.
Peterborough Abbey,place,0.95,1,Peterborough Abbey,P,Peterborough Abbey established. 234.9.
Petilius Cerialis,uncertain,0.2,1,Petilius Cerialis,P,"Petilius Cerialis, appoynted Leutenante of Britaine. 66.68."
Petitur,uncertain,0.2,1,Petitur,P,"Petitur and Higanius, looke Peredurus and Vigenius."
Petro,uncertain,0.45,1,Petro,P,"Petro Lione Hugh, a Deacon Cardinal, sent Legate into England. 442.94"
Petroke,person,0.91,1,Petroke,P,"Petroke, Earle of Perch. 398.51."
Petronille,person,0.89,2,Petronille,P,Petronille Countesse of Leycester taken prisoner. 431 93.
Petronius Turpilianus,person,0.81,1,Petronius Turpilianus,P,Petronius Turpilianus appointed Lieutenant of Britaine. 66.9.
Petrus Cirialis,person,0.91,1,Petrus Cirialis,P,"Petrus Cirialis, Lieutenant of the nynth Legion, put to flight. 63.102"
Peuenessey,uncertain,0.45,1,Peuenessey,P,"Peuenessey or Pemsey. place in Sussex, where Duke william of Normãdie landeth his armie 285.65."
Peverel William,person,0.97,1,Peverel William,P,"Peverel William, disinherited for sorcerie and wichcraft. 305.96."
Phightiaid,uncertain,0.2,1,Phightiaid,P,"Phightiaid the name of the Pictes, in British, Scottish, and Pictish. 68.50."
Philip,person,0.85,16,Philip,BP,Philip Queene of England dyeth. 980.2. a.
Philip de Commins,person,0.79,1,Philip de Commins,P,Philip de Commins. pa. 1323. col. 1. lin. 22.
Philip de Valois,person,0.84,1,Philip de Valois,V,Philip de Valois ye french dyeth. 945.11. b
Philippes Rouland,person,0.97,1,Philippes Rouland,P,Philippes Rouland vicar of Croyden famous preacher. 1524.44.
Philips,person,0.97,1,Philips,P,Philips Dauie knight counselour to prince Arthur. 1456 52.
Philo,person,0.85,1,Philo,P,Philo cited. 101.78.
Philpot Clement,person,0.97,1,Philpot Clement,P,Philpot Clement put to death. 1580.30.
Pictes,group,0.85,21,Pictes,P,Pictes and Scots sore disquiet the Romane subiectes in Britaine. 95.17.
Pictouius,person,0.85,1,Pictouius,P,Pictouius cited. 5.17.
Picts,group,0.85,6,Picts,P,Picts the first strangers that came into Brytayne to inhabite next after the Romanes 67.65.
"Picts, Saxons",group,0.85,1,"Picts, Saxons",P,"Picts, Saxons and Scots inuade the Romane prouince in Britayne. 106, 60."
Piemont,person,0.76,1,Piemont,P,Piemont the Prince Emanuell Philibert commeth into England. 1762.38. ouerthroweth the French power neare to Saint Quintins. 1768.20. marryeth Margaret the French kings Sister. 1802.47
Piers,person,0.97,1,Piers,P,Piers a Legh beheaded. 1108.13. b.
Piers of Erton,person,0.97,1,Piers of Erton,P,Piers of Erton knyght murdered king Richard the second. pag. 1129. col. 2. lin. 54.
Piers of Gaueston,person,0.97,1,Piers of Gaueston,P,Piers of Gaueston banished. 841.1. b. called home and made Earle of Cornewale. 847.10. b. marryeth the kings Neece. 847.46. b. banished agayne. 879.20. a. taken and beheaded. 851.20. a
Pightland in Scotland,place,0.82,1,Pightland in Scotland,P,"Pightland in Scotland, so called of the Pictes. 13.99."
Pikering towne,place,0.87,1,Pikering towne,P,Pikering towne builded. 32.15.
Pilgremages,uncertain,0.45,1,Pilgremages,P,Pilgremages abolished. 1571.24.
Pilgrimage,place,0.81,2,Pilgrimage,P,Pilgrimage to the Abbey of Burie. 586.45.
Pilkinton Thomas,person,0.97,1,Pilkinton Thomas,P,Pilkinton Thomas attaynted 1425.45.
Pinnor,person,0.91,1,Pinnor,P,"Pinnor, king of Loegria. 22.90."
Pirats,person,0.8,1,Pirats,P,Pirats taken by ships of Rie.
Pirrhus,person,0.89,2,Pirrhus,P,Pirrhus issue by Andromache. 10.45.
Pius Antoninus Emperour,person,0.88,1,Pius Antoninus Emperour,P,Pius Antoninus Emperour. 76.57.
Placida,person,0.95,1,Placida,P,Placida mother to Valentinyan the Emperour. 121.55.
Plantagenet Arthur,person,0.97,2,Plantagenet Arthur,P,Plantagenet Arthur Viscount Lisle dieth of immoderate ioye. 1584.8.
Plantagenet Edward,person,0.97,1,Plantagenet Edward,P,"Plantagenet Edward sonne and heyre of George Duke of Clarence kept in Sheriffehuton Castle as prisoner, and from thence conueied vnto the Towre of London. 1424 20. arreygned and beheaded. 1454.30."
Plantagenet Edward Erle of Warwicke,person,0.97,1,Plantagenet Edward Erle of Warwicke,P,Plantagenet Edward Erle of Warwicke is brought openly from ye Towre to Poules by land and goeth in procession. 1429.23.
Plantagenet Geffray,person,0.97,9,Plantagenet Geffray,P,Plantagenet Geffray Earle of Aniou his issue. 384.16.
Plantagenet Geffrey,person,0.97,1,Plantagenet Geffrey,G,"Plantagenet Geffrey Earle of Aniou, marieth Maude the Empresse. 361.16"
Plantagenet William,person,0.97,1,Plantagenet William,P,"Plantagenet William, eldest sonne to king Henrye the second departeth this life. 396.30."
Plautius,person,0.43,3,Plautius,P,Plautius landeth with his armie in Britaine. 48.95.
"Plautius, Pretor of Rome",person,0.72,1,"Plautius, Pretor of Rome",P,"Plautius, Pretor of Rome, sent General of the Romane arme into Britaine. 48.65."
Pleymond,person,0.89,3,Pleymond,P,Pleymond Archbyshop of Cantorburie. 223.42.
Plenidius,uncertain,0.2,1,Plenidius,P,Plenidius a Barde. 4.41.
Pleshey Castle,place,0.95,1,Pleshey Castle,P,"Pleshey Castle deliuered to K, Stephan. 380.42."
Plozac Geffray,person,0.94,1,Plozac Geffray,P,"Plozac Geffray with his sonne Myles, Ambassadours to K. Henry the seconde from Hubert Earle of Morienne. 424.25."
Poer Ranulph,person,0.97,1,Poer Ranulph,P,"Poer Ranulph Sheriffe of Glo+cestershyre, slaine by ye Welch men. 456.77"
Poictauins,uncertain,0.45,1,Poictauins,P,Poictauins reuolt from Kyng Iohn. 553.15
Poictou,place,0.87,1,Poictou,P,Poictou tooke name of ye Picts 13.96.
Poyctouins,uncertain,0.2,1,Poyctouins,P,Poyctouins are confederate with the french king against the king of Englãd. 411.12
Poictunius,uncertain,0.2,1,Poictunius,P,Poictunius subdued by the French. 585.75.
Poynings Edward,person,0.96,8,Poinings Edward | Poinyngs Edward | Poynings Edward,P,"Poinyngs Edward knight, one of the kyngs coũsel. 1464.55"
Poynings Edwarde,person,0.97,1,Poynings Edwarde,P,Poynings Edwarde Knight. 1447.20.
Poynings Thomas,person,0.97,1,Poynings Thomas,P,Poynings Thomas knight captayne of Guisnes. 1594.36. discomfiteth the Frenchmen at Basse Buileyne. 1599. is created Lord Poynings and Leuetenant of Bologne and Bolongnois. 1602.50.4. dieth and his commendations. ibidem.
Poyntz Robert,person,0.97,1,Poyntz Robert,P,Poyntz Robert knight. 1450.14.
Poyron Robert,person,0.97,1,Poyron Robert,P,"Poyron Robert, a knight Templer. 400.69"
Poitiers,place,0.64,1,Poitiers,P,Poitiers wonne by Henry Erle of Derby. 939.1. a.
Poyton,place,0.84,1,Poyton,P,Poyton wonne by the French men. 993.4. a.
Poole Henry,person,0.79,1,Poole Henry,P,Poole Henry Lorde Mountague beheaded. 1572.5.
Poole Reynald,person,0.72,1,Poole Reynald,P,Poole Reynald Cardinal attainted. 1570.53.
Poole Reynold,person,0.77,1,Poole Reynold,P,Poole Reynold Cardinal reuoked by Queene Mary. 1723 5. consultation held how he should be receyued. eadem. 20. his attaindour is reuersed by Parliament. 1759.50. commeth into the Parliament house Legate from the Pope. 1760.4. the effect of his Oration there. eadem. 37. absolued the Realme from Schisme. 1761.30. is receyued into Poules with procession by the Lord Chancellour. 1762.43. goeth to Marke to conclude a peace betweene the Emperour and the French king. 1764.6. sendeth the Byshop of Gloucester to sit in iudgement on Cranmer 1765.20. is arch+byshop of Canterburie. eadem. 30. depriueth Doctor Weston of al his spiritual lyuings for adulterie. 1769.26 dyeth. 1782.1. his pedegree. ibid<?>m.
Poole Richard,person,0.76,1,Poole Richard,P,"Poole Richard Knight, kinsman and chiefe Chamberlaine vnto Prince Arthur. 1456.51."
Polybius,person,0.85,1,Polybius,P,Polybius cited. 27.37
Polichronicon,person,0.85,2,Polichronicon,P,Polichronicon cited. 226.67
Policie of Duke William of Normandie,person,0.91,1,Policie of Duke William of Normandie,P,"Policie of Duke William of Normandie, to disorder the English battayle. 287.2."
Policie of Ethelburga,person,0.84,1,Policie of Ethelburga,P,Policie of Ethelburga to perswade her husband Inas to renounce the world. 188.43
Policie of Lewis,person,0.93,1,Policie of Lewis,P,Policie of Lewis the French king to winne Vernueyle. 428.49.
Policie of Maude,person,0.96,1,Policie of Maude,P,"Policie of Maude Empresse, to escape the siege at Oxford. 379.26."
Policletus,person,0.8,1,Policletus,P,Policletus sent Commissioner into Britaine. 65.76.
Policronicon,person,0.85,1,Policronicon,P,Policronicon cited. 22.60. and. 22.101. and. 24.40.
Polidor Virgil,person,0.85,1,Polidor Virgil,P,Polidor Virgil cited. 210.56. and. 217.70.
Polidore,person,0.64,4,Polidore,P,Polidore cited. 349.108. and 353.75. and. 414.95.
Polidore Virgil,person,0.85,3,Polidore Virgil,P,Polidore Virgil cited. 3.69. & 4.83. and. 5.27. and. 38.72. and. 55.8. and. 60.26
Pomerey Henry,person,0.97,1,Pomerey Henry,P,"Pomerey Henry, dieth for griefe and feare. 516.50."
Pomfret Castle,place,0.97,1,Pomfret Castle,P,Pomfret Castle. pag. 1310. col. 2. lin. 25. pag. 1328. col. 2. lin. 45.
Pont Meulan,place,0.84,1,Pont Meulan,P,Pont Meulan surprised by the French. pag. 1220. col. 2. lin. 34. rendred agayn to the English. lin. 49.
Ponteandemer castle,place,0.93,1,Ponteandemer castle,P,"Ponteandemer castle besieged, and taken. 359.53"
Pontfracte Coledge,place,0.8,1,Pontfracte Coledge,P,Pontfracte Coledge founded. pag. 1152. col 2. lin. 52.
Ponthieu,person,0.83,1,Ponthieu,P,Ponthieu taken by the French King. 977.30. b.
Ponticus Virumnius,person,0.85,1,Ponticus Virumnius,P,Ponticus Virumnius cited. 12 43.
Pontien,person,0.83,1,Pontien,P,Pontien restored to king Edward the third. 912.3. b
Pontoyse,person,0.8,1,Pontoyse,P,Pontoyse taken by the English. 1200. co. 2. lin. 40.
Pontorson,place,0.8,1,Pontorson,P,Pontorson rendred to the English. pag. 1236. col. 1. lin. 31.
Pope Alexander,person,0.97,1,Pope Alexander,P,"Pope Alexander the second sendeth a banner to Duke William of Normandie, at his expedition into England. 285.100."
Pope of Rome,uncertain,0.45,1,Pope of Rome,P,"Pope of Rome an hypocrite, and therfore mens deuotions ware cold towards him. 742.33."
Popea,person,0.97,1,Popea,P,"Popea daughter to the Earle of Bayeulx, married to Rollo, Duke of Normandie. 288.107."
Popes Nuntio,person,0.97,1,Popes Nuntio,P,Popes Nuntio commeth into England. 1078.23. b
Porchester,place,0.96,1,Porchester,P,Porchester wonne by the Romans 51.33.
Porrer,person,0.87,1,Porrer,P,Porrer slain by his mother. 22 70.
Porrex,person,0.82,1,Porrex,P,"Porrex and Ferrex sonnes to Gorbodug, begin to rule ouer Britayne. 22.36."
Portemouth,person,0.81,1,Portemouth,P,Portemouth disquieteth the French fleete. 1046.10. b.
Portesmouth,place,0.96,2,Portesmouth,P,Portesmouth in Sussex whence so called. 130.11.
Porth,person,0.7,1,Porth,P,Porth entreth Britaine at Por+tesmouth hauen. 130.6
Porthland,place,0.88,1,Porthland,P,"Porthland in deuonshyre, spoyled by the Danes. 238.37."
Possesworth in Warwikshyre,uncertain,0.2,1,Possesworth in Warwikshyre,P,Possesworth in Warwikshyre. 225.6.
Poter,place,0.87,1,Poter,P,Poter dwelling in Red Crosse streete. pag. 1358. col. 1. lin. 47.
Poulesworth Abbey,place,0.87,1,Poulesworth Abbey,P,Poulesworth Abbey builded. 208.7.
Powel,person,0.86,1,Powel,P,Powel hanged for the supremacie. 1580.40.
Prasutagus,person,0.73,2,Prasutagus,P,"Prasutagus king of the Iceni, maketh the Emperour of Rome, and two of his owne daughters, his heires. 60.73"
Prebendes,place,0.84,2,Prebendes,P,"Prebendes in the new Monasterie of Winchester, taken from Vicars, and geuen to Monkes. 234.49."
Prelates,place,0.41,2,Prelates,P,Prelates in a great perplexitie. 740.69.
Prenne,uncertain,0.45,1,Prenne,P,"Prenne, looke Edbert, or Ethelbert King of Kent."
Preston in Auandernes,place,0.84,1,Preston in Auandernes,P,"Preston in Auandernes, brent by the Scottes. 870.8. b."
Price Iohn,person,0.97,1,Price Iohn,P,Price Iohn cited. 137.50.
Priestes of Normandie,person,0.97,1,Priestes of Normandie,P,Priestes of Normandie excommunicated by the Popes Legate. 352.1.
Prince of Portingale,person,0.64,1,Prince of Portingale,P,Prince of Portingale came into England. pag. 1226. col. 1. lin. 57.
Prince of Wales,uncertain,0.45,1,Prince of Wales,P,Prince of Wales discomfited. 622.60.
Princesse of Wales,uncertain,0.45,1,Princesse of Wales,P,Princesse of Wales procureth quietnesse. 1018.48. a.
Prior Iohn,person,0.95,1,Prior Iohn,P,"Prior Iohn eftsons landeth in Sussex, & is hurt in the eye. 1494.20."
Prior of Lawnd,person,0.74,1,Prior of Lawnd,P,Prior of Lawnd apprehended. pa. 1134. co. 1. lin. 33.
Prior of Tiptre,person,0.74,1,Prior of Tiptre,T,Prior of Tiptre thronged to death. 1090.30. a
Priorie of Saint Iames in Bristow,person,0.61,1,Priorie of Saint Iames in Bristow,P,Priorie of Saint Iames in Bristow builded. 351.55.
Priour Iohn,person,0.97,1,Priour Iohn,P,"Priour Iohn commeth into our Ocean with Galleyes, Foistes, and row Galleyes. 1476.25. is assayled in lanke Sable Baye. 1477.10. landeth in Sussex. 1478 10."
Priour of Beuall,person,0.78,1,Priour of Beuall,P,"The Priour of Beuall, executed. 1563.36."
Priours,person,0.86,1,Priours,P,"Priours and Abbots depriued by Archbishop Aselme, and why. 340.30."
Prise Iohn,person,0.97,1,Prise Iohn,P,Prise Iohn cited. 2.105. and. 4.8. and. 4.42. and. 27.58.
Priuetesfloud,uncertain,0.2,1,Priuetesfloud,P,Priuetesfloud. 194.15.
Priuiledge,uncertain,0.36,1,Priuiledge,P,Priuiledge graunted to Saynt Cutbertes Shrine. 219.57.
Priuiledges,uncertain,0.45,1,Priuiledges,P,"Priuiledges and Freedomes reuoked from Cities, Townes, Bishops Secs, and Abbeyes. 303.5. and. 304.46."
Progenie,uncertain,0.45,1,Progenie,P,"Progenie of the West Saxon kyngs, endeth in king Edward the Confessor. 280.48"
Prolocutor,uncertain,0.45,1,Prolocutor,P,"Prolocutor of the parlament, & his office. 354.46"
Prosumptious,uncertain,0.2,1,Prosumptious,P,Prosumptious Prelates. 874.10. a.
Protestantes,uncertain,0.2,1,Protestantes,P,Protestantes returne out of exile. 1798.27.
Ptolomei,person,0.85,1,Ptolomei,P,Ptolomei cited. 55.3.
Pudsey Henry,person,0.97,1,Pudsey Henry,P,"Pudsey Henry, sonne to the Byshop of Durham. 449.54."
Pudsey Hugh,person,0.97,1,Pudsey Hugh,P,"Pudsey Hugh Bishop of Durham, of an old Byshop made a young Earle. 478.74."
Puglia,place,0.9,1,Puglia,P,Puglia. 314.43.
Pulcher Church,place,0.95,1,Pulcher Church,P,Pulcher Church. 228.62.
Pulter Thomas,person,0.97,1,Pulter Thomas,P,Pulter Thomas of the County of Kent attaynted. 1425.51
Purueyers,uncertain,0.2,1,Purueyers,P,Purueyers punished. 929.12. a.
Putta,person,0.95,2,Putta,P,"Putta Byshop of Rochester, fleeth into Mercia, getting his liuing by teaching to sing 181.73."
Putting,uncertain,0.45,1,Putting,P,Putting to death on the Crosse forbidden. 92.12.
Quendred,person,0.95,3,Quendred,Q,Quendred conspyreth king Kenelme her brothers death. 205.43.
Queene Anne,person,0.97,1,Queene Anne,Q,Queene Anne crowned. pag. 1389. col. 1. lin. 1. dyeth sodaynly. pag. 1411. col. 1. lin. 28.
Queene Elizabeth,person,0.97,2,Queene Elizabeth,Q,Queene Elizabeth wyfe to Edward the fourth taketh sanctuarie. pag. 1362. col. 1. lin. 55. her answere to the Cardinal. pag. 1367. co. 2. li. 13. deliuered her son pag. 1369. col. 2. lin. 40. called sorceres pag. 1372. col. 1. lin. 54. deliuereth her fiue daughters to Richard the thyrd. pag. 1410. col. 1. lin. 57.
Queene Iane,person,0.97,1,Queene Iane,Q,"Queene Iane, wyfe to Henrie the fourth deceassed. pag. 1261. col. 2. lin. 44."
Queene Ioan,person,0.97,1,Queene Ioan,Q,"Queene Ioan wyfe to Henrie the fourth, imprisoned in Leeds Castle. pa. 1198, col. 1. lin. 49."
Queene Isabell,person,0.93,2,Queene Isabel | Queene Isabell,Q,Queene Isabel brought to Calays 1089.30. b. marryed there to king Richard the second. 1090.4. a. crowned at Westminster. 1090.38. a.
Queene Katharin,person,0.97,2,Queene Katharin,Q,Queene Katharin wyfe to Henry the fifth deceassed. pag. 1261. col. 1. lin. 51.
Queene Margaret,person,0.87,1,Queene Margaret,Q,Queene Margaret wyfe to Henrie the sixt. pag. 1270. col. 1. lin. 49. described. pag. 1272. col. 1.17. taketh vpon her the gouernment. pag. 1272. col. 2. lin. 47. fled. pag. 1300. col. 1. lin. 8. had the victorie at Saint Albons pag. 1306. col. 1. lin. 3. returned with her husband and sonne Northwarde. col. 2. lin. 14. shee with her sonne goeth into Fraunce pag. 1312. col. 2. lin. 38. arriued in Scotland. pa. 1313 col. 2. lin<?> 14. landed at Tynmouth. pag. 1313. col. 2. lin. 20. tooke Bamborough Castle. pa. 1314. col. 1. li. 6. landed at Weymouth. pag. 1332. col. 1. lin. 1. taken prisoner. pa. 1340. col. 1. li. 56. ransomed. col. 2. line. 55.
Queene Philips,person,0.93,1,Queene Philips,Q,Queene Philips diligence at Neuil Crosse. 939.24. b.
Quichelme,person,0.91,1,Quichelme,Q,"Quichelme, king of the West Saxons, sendeth a murtherer to slaye Kyng Edwyne. 159.51."
Quinburga Edwines,person,0.97,1,Quinburga Edwines,Q,Quinburga Edwines first wife 162.1.
Quinchelme,person,0.88,1,Quinchelme,Q,Quinchelme receyueth the Christian fayth and dyeth 169.23.
Quinci,person,0.93,2,Quinci,Q,Quinci Saer Earle of Winchester. dyeth. 618.18.
Quinci Robert,person,0.97,1,Quinci Robert,Q,"Quinci Robert, Earle of Lincolne. 456.4."
Quintine,person,0.84,1,Quintine,Q,Quintine a Butchar beheaded. pag. 1345. col. 1. lin. 25.
Quisquere Robert,person,0.97,1,Quisquere Robert,Q,Quisquere Robert. 367.45.
Qui<?>us Laberius Durus,person,0.9,1,Qui<?>us Laberius Durus,Q,Qui<?>us Laberius Durus a Tribune slayne. 41.65.
Rad,place,0.87,1,Rad,R,"Rad Pont besieged, and wonne 557.9."
Rafe,person,0.85,1,Rafe,R,Rafe Earle of Hereford. 271.32.
Rayer,uncertain,0.2,1,Rayer,R,"Rayer founder of Saint Bartholomewes by Smythfield, and first Priour therof. 341 54."
Raymond,person,0.97,5,Raymond,R,"Raymond Earle of Tholouse, maryeth with Ioan Queene of Sicil, sister to Richarde the first. 532.102"
Rayneth,place,0.27,3,Rayneth,R,"Rayneth not in Sussex, ye space of three yeeres. 182"
Raynulphe,person,0.97,1,Raynulphe,R,Raynulphe Earle of Chester & Lincolne dyeth. 640
Raleg William,person,0.97,1,Raleg William,R,Raleg William Bishop of Norwich. 705.77. he is remoued to Winchester by the Pope. 705.81. he is kept out of the Citie. eadem. 89. he accurseth the Citie and Cathedral Church. eadem. 90. he stealeth out of the realme into Fraunce. eadem. 100.
Ramsey abbey,place,0.97,2,Ramsey Abbey | Ramsey abbey,R,Ramsey Abbey buylded. 234 24.
Randal Edward,person,0.93,1,Randal Edward,R,"Randal Edward Serieant maior in ye iourney to S. Quintines. 1767.43. Serieant maior in the iourney of Lith. 1804.45. is knight marshal in the iourney to Newhauen 1838.14. his passing pitye shewed vnto the impotent souldiours at Newhauen. 1833. conducteth a thousand footmen into Ireland. 1836.44. discomfited in fight Shane Oneile, and is hymself slayne through ouer much prowesse. 1837.1"
Randol,person,0.63,1,Randol,R,"Randol a Fryer prisoner in the Towre of London. pa, 1198. co. 1. lin. 51."
Ranulfe,person,0.97,3,Ranulfe,R,"Ranulfe Bishop of Chichester, taketh part with Archbishop Anselme agaynst king William Rufus. 333.38."
Ranulfe Erle of Chester,person,0.97,1,Ranulfe Erle of Chester,R,Ranulfe Erle of Chester his oration to his souldiers. 374.29.
Ranulfe Hygden Policronicon,person,0.9,1,Ranulfe Hygden Policronicon,R,Ranulfe Hygden Policronicon cited. 18.80. and. 58.20. & 122.55.
Ranulfe of Chester,person,0.9,1,Ranulfe of Chester,R,Ranulfe of Chester cited. 333 88.
Ranulphe,person,0.97,3,Ranulphe,R,Ranulphe Earle of Chester returneth from the Holy lande. 617.60.
Rat Andrew,person,0.97,1,Rat Andrew,R,Rat Andrew. 1425.55
Ratcliffe,person,0.97,1,Ratcliffe,R,"Ratcliffe Viscount Fitzwater, created Earle of Sussex. 1553.11."
Ratcliffe Iohn,person,0.97,2,Ratcliffe Iohn,R,Ratcliffe Iohn knight. 1448.50.
Ratcliffe Richarde,person,0.97,1,Ratcliffe Richarde,R,Ratcliffe Richarde attaynted. 1425.43.
Ratcliffe Robert,person,0.97,2,Ratcliffe Robert,R,"Ratcliffe Robert Lord Fitzwater, created Viscount Fitzwater. 1536.18"
Ratclife Thom,person,0.97,1,Ratclife Thom,R,"Ratclife Thom. L. Fitzwaters vnhorsed at Muskleborough field. 1625.27. knight of ye garter, & Earle of Sussex, caried the Garter vnto Maximilian the Emperour. 1837 42. is Lieutenant general in the North, and leuied a power against the rebels. 1840 54. entreth Scotland with an army. 1842.10. ordeineth sir Wil. Drury General of a power sent into Scotlande. 1845.58. maketh an Oration vnto the souldiers. 1846.26 eftsoones inuadeth Scotland with a power. 1853.11"
Raucin Geffrey,person,0.95,3,Raucin Geffrey,R,Raucin Geffrey styrreth a rebellion in Guien. 521.54
Rauenspurre,uncertain,0.2,1,Rauenspurre,R,Rauenspurre. 1327. co. 1. li. 52
Rauesteine,person,0.93,1,Rauesteine,R,Rauesteine Lord Rauesteine reuolteth. 1435.54. Taketh the townes of Ipre and Scluse. ibidem. spoyleth al shyppes passyng to Antwerp. 1438.1. is forced to yeelde the towne & castle of Scluse. eadem. 15.
Raufe,person,0.89,19,Raufe,ELNR,Raufe Earle of Westmerland. pag. 1119. co. 2. lin. 28.
Raufe Ferrers,person,0.88,1,Raufe Ferrers,R,Raufe Ferrers knight. 1125 co. 1. lin. 6.
Raufe Iosseline,person,0.9,1,Raufe Iosseline,R,Raufe Iosseline Alderman of London. pag. 1343. co. 1. lin. 32.
Raufe Morthermer,person,0.91,1,Raufe Morthermer,M,Raufe Morthermer made Earle of Gloucester. 815.23. a. deliuered out of prison. 827.40. b.
Raufe Poole Iustice,person,0.7,1,Raufe Poole Iustice,R,Raufe Poole Iustice. pa. 1292 co. 2. lin. 28.
Raufe Verney,person,0.9,1,Raufe Verney,R,Raufe Verney Sheriffe of London. pag. 1292. col. 2. lin. 43.
Raufe Willoughby,person,0.91,1,Raufe Willoughby,R,Raufe Willoughby Esquyre slayne. pag. 1288. co. 1. lin. 16.
Raufes,person,0.63,1,Raufes,R,"Raufes wyfe besieged in the citie of Norwich, yeeldeth the same vpon conditions. 309.12."
Raulfe,uncertain,0.2,1,Raulfe,R,Raulfe constrayned to fle<?> into Britaine. 308.40
Reade Richard,person,0.97,1,Reade Richard,A,"Reade Richard Alderman of London, being commaunded to goe in the warres, is taken prisoner. 1601.21."
Reading Abbey,place,0.97,1,Reading Abbey,R,"Reading Abbey founded, and by whom. 363.47."
Reading Castle,place,0.93,1,Reading Castle,R,Reading Castle deliuered to Duke Henry Fitzempresse. 387.116.
Reason,person,0.84,1,Reason,R,"Reason nor law, permit the sonne to iudge or condemne the father. 405.93."
Redcrossestreete,uncertain,0.2,1,Redcrossestreete,R,Redcrossestreete. pag. 1358. co. 1. lin. 47.
Redfrid,person,0.83,1,Redfrid,R,Redfrid sent to conduct Archbishop Theodore into England. 178.43.
Reding battayle,place,0.9,1,Reding battayle,R,"Reding battayle, fought by the Danes agaynst the English men. 210.6."
Redvers Baldwin,person,0.97,1,Redvers Baldwin,R,"Redvers Baldwin, keepeth Exeter agaynst King Stephan. 367.44."
Redvers Baldwine,person,0.97,1,Redvers Baldwine,R,"Redvers Baldwine, expulsed out of Exeter, and exiled out of the Realme. 367.87."
Redwald,person,0.9,4,Redwald,R,"Redwald at one time, would serue both God and the diuel. 162.32."
Redwals,person,0.91,1,Redwals,R,"Redwals, king of Eastangles. 155.5."
Regent Maisters of Oxford,uncertain,0.45,1,Regent Maisters of Oxford,R,Regent Maisters of Oxford go barefoote to the Legate. 652 50.
Reginald,person,0.97,6,Reginald,R,Reginald Earle of Cornwal. 405.71.
Reginald Peacoke Byshoppe of Chichester,person,0.97,1,Reginald Peacoke Byshoppe of Chichester,R,Reginald Peacoke Byshoppe of Chichester abiured. pag. 1291. col. 2. lin. 1.
Register,place,0.84,1,Register,R,"Register of al Cities, Townes, Villages, and Hamlets, Abbeyes, Monasteries, and Priories, throughout Englande gathered. 312.80."
Reg<?>n,person,0.96,1,Reg<?>n,R,"Reg<?>n second daughter to Leir, maryed to Maglanus Duke of Albania. 19.96."
Reguli,place,0.7,1,Reguli,R,"Reguli, or litle kings in Brytayne, and why so called. 119 14."
Rehald,person,0.88,1,Rehald,R,"Rehald an Earle of the Danes, slayne. 221.28."
Reygnold,uncertain,0.2,1,Reygnold,R,Reygnold Bray. pag. 1400. col. 1. lin. 39. pag. 1398. col. 2. lin. 44. lin. 50. pag. 1399. co. 1. lin. 49. pa. 1413. co. 2. lin. 16.
Reinald,person,0.97,2,Reinald,CG,Reinald Earle of Geldre maryeth king Edward the thirdes sister. 895.13. b. made Duke of Geldre. 903.55. a. in daunger to be slaine by Flemmings. 911.50. a.
Reinerius,person,0.97,1,Reinerius,R,"Reinerius sonne to Redwald, slayne. 155.29."
Reynold,person,0.97,3,Reynold,R,"Reynold, and Aulafe, driuen out of their countreis. 227.104."
Reynolds,person,0.97,1,Reynolds,R,Reynolds a brother of Syon executed. 1563.38
Reiualle abbey,place,0.95,1,Reiualle abbey,R,Reiualle abbey foũded. 394.27
Release,person,0.83,1,Release,R,Release made by king Iohn to the king of Fraunce. 548.65.
Religious,uncertain,0.3,3,Religious,R,Religious men taxed. 571.17.
Remaine,person,0.96,1,Remaine,R,Remaine consecrated bishop of Herefoord. 347.12.
Remclid,person,0.85,2,Remclid,R,"Remclid or Remeline, ordeined Bishop of Hereford. 341.76"
Remfred,person,0.81,1,Remfred,R,Remfred a Monke. 307.103.
Remigius,person,0.9,3,Remigius,R,"Remigius Bishop of Dorchestex, depriued. 305.30."
Remigius Priour of Saint Albons,person,0.82,1,Remigius Priour of Saint Albons,R,Remigius Priour of Saint Albons. 480.69.
Remorintin Castle,place,0.9,1,Remorintin Castle,R,Remorintin Castle won by the blacke Prince. 956.40. b.
Rendlesham,uncertain,0.2,1,Rendlesham,R,Rendlesham. 174.<?>9.
Renues,place,0.75,1,Renues,R,Renues besieged by Henry Duke of Lancaster. 962.46. a.
Repentance,person,0.86,1,Repentance,R,"Repentance commeth too late, 225.112."
Rees ap Meredeth,person,0.97,1,Rees ap Meredeth,M,Rees ap Meredeth condemned and executed. 804.10. a.
Restitutus,person,0.95,1,Restitutus,R,"Restitutus, Bishop of London, goeth ouer to the Synode at <?>les. 94.55."
Reuel Richard of Derb<?>shyre,person,0.97,1,Reuel Richard of Derb<?>shyre,R,Reuel Richard of Derb<?>shyre a<?>ded. 1425.50
Reuenewes,uncertain,0.45,1,Reuenewes,R,Reuenewes of the Churche how they ought to be deuided. 149.8
Rial,place,0.84,1,Rial,R,Rial besieged by the Earle of Aniou. 874.24. b
Rice,person,0.94,1,Rice,R,"Rice Prince of Wales, wyth his vncle Owen, rebel against ye Englishmen. 402.9."
Rice ap Thomas,person,0.91,2,Rice ap Thomas,R,Rice ap Thomas. pa. 1413. co. 2. lin. 13. lin. 49. pag. 1414. col. 1. lin. 42. lin. 56. col. 2. lin. 50. pa. 1415. co. 2. li. 15.
Richall,uncertain,0.2,1,Richall,R,"Richall, where Tostie, and the Norweigians toke land. 284 60."
Richar castle,place,0.95,1,Richar castle,R,Richar castle belongyng to Hugh Mortimer. 771.13
Richard,person,0.97,58,Richard,AER,Richard the second borne. 971.26. b. created Prince of Wales. 997.40. b. beginneth his reigne. 1004.12. a. is crowned. 1005.30 a. marryeth Anne sister to the Emperour. 1038.10. a. rydeth post. 1045.30. a. goeth with an armie against the Scots. 1048.42. b. burneth Edenburgh. 1049.30 a. his answere to the Parliament. 1055.51. a. his affection towardes Delapole. 1057.10. a. at variance with the Nobilitie. 1060.10. a. his wordes to them. 1065.52. b. causeth the Nobilitie to be indicted. 1062 27. a. he keepeth the Towre agaynst them. 1069.33. a. his inconstancie. 1070 1. a. taketh an othe. 1073.16. b. he demaundeth a question of his Nobles. 1075.1. a. remoueth his Nobilitie and officers from him. 1075 40. a. agreed with his Nobilitie. 1075.32. b. offended with the Londoners. 1080.30. b. taketh their liberties from them. 1081.10. b. commeth through London. 1082.36. a. goeth into Ireland. 1085.16. b. returneth into England. 1086.1. b. marryeth the French kings daughter by a Deputie. 1088.3. b. meeteth the French k. 1089.1. his expences at that entervewe. 1090.1. a. beareth the armes of Saint Edward. 1097.55. b. his sentence agaynst the two Dukes at Couentrie. 1101.5. b. passeth into Ireland. 1103.50. a. returneth into England. 1107.47. a. stealeth from his souldiers. 1107.33. b. betaketh himselfe to his enemies. 1109.31. a. commeth to Flint. 1109.2. b. committed to the Towre. 1111.1. a. resigneth his <?>yght to ye crowne. 1113.42. b. the same confirmed by Parliament. 1114.25. b. publication of his deposing. 1115.5. a. his description. 1116.40. b.
Richard Bewchamp,person,0.97,1,Richard Bewchamp,R,Richard Bewchamp sonne to Lord Bewchamp of Powike pag. 1337. col. 1. lin. 54.
Richard Bingham Iustice,person,0.97,1,Richard Bingham Iustice,R,Richard Bingham Iustice. 1292. co. 2. lin. 27.
Richard Bourgh,person,0.97,1,Richard Bourgh,R,Richard Bourgh. pa. 1328. co. 2. lin. 4.
Richard Croftes,person,0.97,1,Richard Croftes,R,Richard Croftes Knight. pag. 1<?>39. col. 2. lin. 51.
Richard Edgecombe,person,0.97,1,Richard Edgecombe,R,Richard Edgecombe knight. pag. 1402. co. 2. lin. 25.
Richard Erle of Arundel,person,0.95,2,Richard Erle of Arundel,A,"Richard Erle of Arundel, Admiral, goeth to the sea. 1057 45. a. ouercommeth the Flenmishe fleete. 1057.30. b. wasteth the coastes of Flaunders. 1058.30. a."
Richard Erle of Chester,person,0.97,1,Richard Erle of Chester,R,Richard Erle of Chester drowned by Shipwracke. 357.108.
Richard Erle of Cornwal,person,0.97,1,Richard Erle of Cornwal,R,Richard Erle of Cornwal brothe to Henry the third elected Emperour. 743.60.
Richard Extons,person,0.97,1,Richard Extons,E,Richard Extons commendation. 1054.15. b.
Richard Griffith,person,0.97,1,Richard Griffith,R,Richard Griffith. 1414. co. 1. lin. 40.
Richard Guifford,person,0.97,1,Richard Guifford,R,Richard Guifford Esquire. pa. 1400. col. 1. lin. 49. col. 2. lin. 34. pag. 1401. col. 2. lin. 52.
Richard Herberte,person,0.97,1,Richard Herberte,R,Richard Herberte knight. pag. 1319. col. 2. lin. 48. valiant pa. 1320. co. 2. lin. 8. headed. lin. 35.
Richard Kilminton,person,0.97,1,Richard Kilminton,K,Richard Kilminton dieth. 968 35. a.
Richard Molineux,person,0.97,1,Richard Molineux,R,Richard Molineux knight. pa. 1295. co. 1. lin. 58.
Richard Neuile,person,0.97,1,Richard Neuile,R,Richard Neuile earle of Warwicke. 1311. co. 1. lin. 1
Richard Radcliffe,person,0.97,1,Richard Radcliffe,R,Richard Radcliffe knight. pag. 1390. co. 2. lin. 4. slaine. pag. 1422. col. 1. lin. 16.
Richard Ratcliffe,person,0.97,1,Richard Ratcliffe,R,Richard Ratcliffe knight. pag. 1376. col. 2. lin. 7.
Richard Tunstal,person,0.97,1,Richard Tunstal,R,Richard Tunstal. 1315. co. 1. lin. 8.
Richard Walgraue,person,0.97,1,Richard Walgraue,R,Richard Walgraue knight. pag. 1313. col. 2. lin. 2.
Richard William,person,0.97,1,Richard William,R,Richard William Doctor of diuinitie. 1443.40.
Richard Wooduile,person,0.88,1,Richard Wooduile,R,"Richard Wooduile, Lorde Riuers. 1298. co. 1. lin. 3. taken lin. 17. Earle Riuers, and high Constable of England. 1316. co. 2. lin. 26."
Richarde Scrope,person,0.97,1,Richarde Scrope,S,Richarde Scrope put fron the office of Chancellor. 1040.1. a
Riche Richard,person,0.97,1,Riche Richard,R,Riche Richard knight created Lord Riche. 1614.24.
Richelinus,person,0.95,1,Richelinus,R,"Richelinus sonne to Cinegiseus, king of Westsaxons. 155 58."
Richer de Aquila,uncertain,0.2,1,Richer de Aquila,R,Richer de Aquila. 390.78.
Riches William,person,0.97,1,Riches William,R,Riches William. 554.71
Richmond castle,place,0.83,1,Richmond castle,R,Richmond castle builded. 301.66.
Richmond house,place,0.89,1,Richmond house,R,Richmond house buylt. 1454.20.
Ricula,person,0.85,1,Ricula,R,"Ricula, sister to king Ethelbert, wyfe to Sl<?>dda. 152.34."
Ridel Geffrey,person,0.97,1,Ridel Geffrey,R,"Ridel Geffrey Archdeacon of Canterbury, made Bishop of Ely. 58."
Riddle Geffray,person,0.97,1,Riddle Geffray,R,"Riddle Geffray, the proude Byshop of Ely<?>, departeth this lyfe. 475.67."
Riddle Geffrey,person,0.97,1,Riddle Geffrey,R,Riddle Geffrey drowned. 357 111.
Ridley Nicholas,person,0.97,1,Ridley Nicholas,R,"Ridley Nicholas doctor bishop of London a meane for the foundation of the hospitals in London. 1713.3. is depriued of his Byshopricke, and conmitted to the towre, and why. 1721.20. disputeth openly at Oxford. 1735.16."
Rye,uncertain,0.45,1,Rye,R,Rye brent by Frenchmen. 1007.7. a.
Rieule,place,0.86,1,Rieule,R,Rieule a borough in Normandy burnt. 385.49
Rigmanus Philesius,person,0.85,1,Rigmanus Philesius,R,Rigmanus Philesius cited. 5.42.
Rigmere battayle,uncertain,0.2,1,Rigmere battayle,R,"Rigmere battayle, looke Wig<?>rere."
Rigsig,person,0.43,2,Rigsig,R,Rigsig departeth this life. 219.33.
Rimemede,person,0.81,1,Rimemede,R,"Rimemede, where King Iohn agreed with his Barons. 590.107."
Riolle,place,0.91,1,Riolle,R,Riolle besieged and wonne by the Earle of Derbie. 927.33. b.
Rion,place,0.84,1,Rion,R,Rion wonne by the Frenchmen. 812.7. b.
Rippeley George,person,0.97,1,Rippeley George,R,Rippeley George. 1462.3
Rippingdon in Mercia,uncertain,0.2,1,Rippingdon in Mercia,R,Rippingdon in Mercia. 212.16
Rippon Abbey,place,0.97,1,Rippon Abbey,R,Rippon Abbey burnt. 229.63
Rise,person,0.93,5,Rise,R,Rise Prince of Wales doeth homage to king Henry the seconde and his sonne. 401.114.
Rise ap Griffin,person,0.93,3,Rise ap Griffin,R,"Rise ap Griffin Prince of south Wales, sweareth fealtie to King Henry the second. 449.73."
Riseley Iohn,person,0.97,1,Riseley Iohn,R,Riseley Iohn knight sent Ambassadour vnto Maximilian Duke of Burgoine. 1439.18. hardly escapeth death at Boloigne. 1440.40.
Rithwal,person,0.8,1,Rithwal,R,Rithwal king of Wales. 297.26.
Riuall,person,0.87,1,Riuall,R,"Riuall and Blengente. Sonnes to Griffyn, made Gouernours of Wales. 277.76."
Riual abbey,place,0.95,1,Riual abbey,R,Riual abbey foũded. 333.96
Riuallon,person,0.97,2,Riuallon,R,"Riuallon sonne to Cunidagius, beginneth to raigne ouer Bri+taine. 21.48"
Ryuers Baldwin,person,0.93,1,Ryuers Baldwin,R,Ryuers Baldwin Earle of the Isle of Wight. 656.26
Riuers Richard,person,0.97,1,Riuers Richard,R,"Riuers Richard trauaileth with kyng Henry the first, to resigne his right to the inuesture of Bishops. 343.7"
Roan,place,0.93,1,Roan,R,Roan besieged by the Englishe. pag. 1194. co. 1. lin. 19. yeelded to the Englishe. pag. 1197. co. 1. lin. 57. yeelded to the French pag. 1275. co. 2. lin. 30.
Roan Castle,place,0.95,1,Roan Castle,R,Roan Castle fortified. 359.56.
Robert,person,0.97,67,Robert,RV,Robert Veer created D. of Ireland. 1054.20. a
Robert Bapthorpe,person,0.97,1,Robert Bapthorpe,R,"Robert Bapthorpe Esquire, slaine. pag. 1288. co. 1. li. 12."
Robert Basset,person,0.97,1,Robert Basset,R,Robert Basset Alderman of London. pag. 1342. co. 2. lin. 37.
Robert Byshoppe of Lincolne,person,0.97,1,Robert Byshoppe of Lincolne,R,"Robert Byshoppe of Lincolne, departeth this lyfe. 410.72."
Robert Brakenbery,person,0.94,1,Robert Brakenbery,R,"Robert Brakenbery Knyght, Constable of the Towre. pag. 1390. col. 1. lin. 20. pa. 1415. col. 2. lin. 36. pag. 1416. col. 1. lin. 28. slayne. pag. 1422. col. 1. lin. 17."
Robert Brus,person,0.97,2,Robert Brus,B,"Robert Brus, Earle of Carrik dyeth. 840.48. a."
Robert Burnel,person,0.97,1,Robert Burnel,B,Robert Burnel bishop of Bathe 791.58. a.
Robert Dartois,person,0.97,1,Robert Dartois,D,Robert Dartois made Earle of Richemont. 900.50. a. vanquisheth the Frenchmen at S. Omers. 910.57. b.
Robert de Namur,person,0.97,1,Robert de Namur,N,Robert de Namur serueth king Edward the third. 940.45 b.
Robert Hal,person,0.82,1,Robert Hal,H,Robert Hal murdered in Westminster church. 1010.12. b
Robert Hilliard,person,0.97,1,Robert Hilliard,R,Robert Hilliard. pag. 1321. co. 1. lin. 1.
Robert Holand,person,0.97,1,Robert Holand,H,Robert Holand slayne. 892.40. a.
Robert Huldorne,person,0.97,1,Robert Huldorne,R,Robert Huldorne beheaded. pag. 1319. col. 1. lin. 50.
Robert Kilwarby,person,0.97,1,Robert Kilwarby,K,Robert Kilwarby Archbishop of Canterbury made Cardinal. 788.40. b
Robert Knolles,person,0.97,2,Robert Knoles | Robert Knolles,KR,Robert Knoles knight. pag. 1152. co. 2. lin. 23.
Robert Shirborne,person,0.97,1,Robert Shirborne,S,"Robert Shirborne deane of Paules, afterwarde Bishoppe of Chichester, sent commissioner into Cornewall. 1450.54"
Robert Trisilian,person,0.97,1,Robert Trisilian,T,Robert Trisilian attainted. 1071.25. a. hanged. 1071.1. b
Robert Vmfreuel,person,0.97,2,Robert Vmfreuel,R,Robert Vmfreuel. knight Vyce Admyrall. pag. 1156. co. 2. lin. 7. mend Market. pag. 1156. co. 2. lin. 25.
Robert Welles,person,0.97,1,Robert Welles,R,Robert Welles knight. pag. 1321. co. 2. lin. 49. taken and beheaded. pag. 1322. co. 1. lin. 34.
Robert Whitingham,person,0.97,1,Robert Whitingham,R,Robert Whitingham knight slain. pa. 1339. co. 2. li. 56
Robert Willoughby,person,0.97,1,Robert Willoughby,R,Robert Willoughby knight. pag. 1402. co. 2. lin. 21.
Robert Winchelsey,person,0.97,1,Robert Winchelsey,W,Robert Winchelsey made Archbishop of Canterburie. 806.13. a. his obstinacie against the King. 822. 20. b. accused to the Pope 841.28. b. dyeth. 852.43. a
Roberte Vfforde,person,0.97,1,Roberte Vfforde,V,Roberte Vfforde created Earle of Suffolke. 900.13. b
Robertes,person,0.94,1,Robertes,R,Robertes gentlenes wynneth the peoples heartes. 339.9.
Roberts,person,0.95,2,Roberts,R,Roberts vndiscreete liberalitie mislyked of his subiects. 344.1.
Roch Guion,uncertain,0.45,1,Roch Guion,R,Roch Guion yeelded to the English. pag. 1198. col. 2. lin. 39.
Roch Laberie castle,uncertain,0.45,1,Roch Laberie castle,R,Roch Laberie castle deliuered to king Henry the second. 410.6.
Rochel,place,0.8,1,Rochel,R,Rochel won from the English men. 626.23.
Roches Peter Byshoppe of Winchester,person,0.97,1,Roches Peter Byshoppe of Winchester,R,Roches Peter Byshoppe of Winchester dieth. 654.11. his worthy commendation. 654.14.
Roches William,person,0.97,1,Roches William,R,Roches William. 560.13.
Rochester,place,0.94,4,Rochester,R,Rochester besieged by the Danes. 215.47.
Rochester Bridge,place,0.97,1,Rochester Bridge,R,Rochester Bridge buylded. pag. 1152. co. 2. lin. 47.
Rochester Castle,place,0.9,5,Rochester Castle,R,Rochester Castle fortified by bishop Odo. 318.44.
Rochester Churche,place,0.87,1,Rochester Churche,R,"Rochester Churche aduanced from foure secular Clerkes, to fiftie Monkes. 320.65."
Rochfort,person,0.82,1,Rochfort,R,Rochfort Lord Rochfort executed. 1561.8.
Rochfort fortresse,place,0.79,1,Rochfort fortresse,R,Rochfort fortresse delyuered to the Englishmen. 399.62.
Rockesborough,uncertain,0.45,1,Rockesborough,R,Rockesborough fortifyed by the Duke of Somerset. 1631.20.
Rockesburgh,place,0.89,1,Rockesburgh,R,Rockesburgh brent by the Scottes. 1010.40. a.
Rockingham Castle,place,0.95,1,Rockingham Castle,R,Rockingham Castle. 331 43.
Rockingham in Rutlandshyre,place,0.8,1,Rockingham in Rutlandshyre,R,Rockingham in Rutlandshyre. 331.42.
Roderike,person,0.8,4,Roderike,R,"Roderike King of Vlnester, ouerthrowen in the field. 448.13."
Roe Thomas,person,0.97,1,Roe Thomas,R,Roe Thomas maketh a newe place of Buriall. 1839.51.
Roger,person,0.97,17,Roger,CMR,Roger Clifford knight executed. pag. 1405. co. 2. lin. 4.
Roger Archedeacon of Canterbury,person,0.97,1,Roger Archedeacon of Canterbury,R,"Roger Archedeacon of Canterbury, consecrated Archbyshop of Yorke. 393."
Roger Byshoppe of Salisburie,person,0.97,2,Roger Byshoppe of Salisburie,R,Roger Byshoppe of Salisburie his first begynning and rising to estimation. 372.18.
Roger Byshoppe of Worceter,person,0.97,1,Roger Byshoppe of Worceter,R,Roger Byshoppe of Worceter. 421.78.
Roger Bullingbrok,person,0.97,1,Roger Bullingbrok,R,Roger Bullingbrok necromancer. pag. 1268. co. 1. lin. 57. co. 2. lin. 10.
Roger Chancellour,person,0.97,1,Roger Chancellour,R,"Roger Chancellour to king Henry the first, consecrated byshop of Salisburie. <?>47.10."
Roger Claringdon,person,0.97,1,Roger Claringdon,R,Roger Claringdon knight executed. pag. 1134. col. 1. lin. 54.
Roger Vaughan,person,0.97,1,Roger Vaughan,R,Roger Vaughan beheaded. pag. 1345. co. 1. lin. 1.
Roges,uncertain,0.45,1,Roges,R,Roges appoynted to be burnt thorough the eare. 1862.2.
Rokesburgh,uncertain,0.45,1,Rokesburgh,R,Rokesburgh yeelded to the English men. 820.42. b
Rollo,person,0.85,8,Rollo,R,Rollo King. 559.47.
Rollo Christined,person,0.78,1,Rollo Christined,R,"Rollo Christined, and called Robert. 288.86."
Romane,group,0.85,6,Romane,R,"Romane Empire inuaded on eche syde, by the Barbarous Nations. 103.65."
Romanes,group,0.85,20,Romanes,R,Romanes vanquished by K. Arthur about Paris. 133 67.
Romanus,person,0.41,2,Romanus,R,Romanus ordeyned Byshoppe of Rochester. 158.80.
Rome,place,0.79,4,Rome,R,Rome buylded. 21.64.
Rome Scot,place,0.75,1,Rome Scot,R,Rome Scot graunted to the Pope. 195.63.
Ronir,person,0.84,1,Ronir,R,"Ronir or Rowen, daughter to Hengist. 112.73."
Roscarocke Nicholas,person,0.97,1,Roscarocke Nicholas,R,Roscarocke Nicholas. 235.78.
Rosse,person,0.79,1,Rosse,R,Rosse Lord Rosse his roade into Scotland. 1522.41.
Rotheram Thomas,person,0.97,1,Rotheram Thomas,R,"Rotheram Thomas Archbyshop of Yorke, dyeth. 1455.37."
Rothes William,person,0.97,1,Rothes William,R,Rothes William general to Arthur of Britayne. 547.14.
Rotrode,person,0.97,1,Rotrode,R,"Rotrode, Archbyshop of Rouen, crowneth Henry, son to king Henry the second, Margaret his wyfe. 421.77."
Rouen,place,0.81,3,Rouen,R,Rouen through famyn is surrendred to the French K. 559.33.
Roufe Iohn of Warwike,person,0.97,1,Roufe Iohn of Warwike,R,Roufe Iohn of Warwike cyted. 7.3.
Rouland,person,0.95,1,Rouland,R,"Rouland Lord of Galloway, submitteth himselfe to king Henry the second and is receyued into fauour. 462.58."
Rous Iohn,person,0.97,1,Rous Iohn,R,Rous Iohn cited. 316.50.
Rousse Iohn,person,0.97,1,Rousse Iohn,R,Rousse Iohn. 1462.14.
Rowen,person,0.53,3,Rowen,R,Rowen married to Kyng Vortigernus. 113.94.
Roxborowe Castle,place,0.97,1,Roxborowe Castle,R,Roxborowe Castle besieged. pag. 1302. col. 2. lin. 40.
Roxbourgh castle,place,0.87,1,Roxbourgh castle,R,Roxbourgh castle guaged to the King of England. 439.40.
Rud,person,0.97,2,Rud,R,"Rud, or Ludhurdibras dieth. 19.10."
Rudacus,person,0.8,1,Rudacus,R,"Rudacus, king of Wales. 22 88."
Rufinianus,person,0.8,1,Rufinianus,R,Rufinianus sent into Brytaine. 149.98.
Rufus William,person,0.95,21,Rufus William,R,"Rufus William, inuadeth Wales with an armie, & returneth without any exployt atchieued. 328.48."
Rufus Williams,person,0.97,3,Rufus Williams,R,"Rufus Williams couetousnes, and shameful meanes to get money. 323.107."
Runingsmede,uncertain,0.2,1,Runingsmede,R,"Runingsmede or Rimemede betwixt Stanes & Winsore, wher king Iohn toke peace with his Barons. 590.107."
Russel Iohn,person,0.93,2,Russel Iohn,R,"Russel Iohn knight Controler of his Maiesties houshold, is created Lord Russel. 1572.53."
Rustein,uncertain,0.45,1,Rustein,R,Rustein a ringleader of rebels taken. 729.42.
Ruthal Thomas,person,0.97,1,Ruthal Thomas,R,Ruthal Thomas Doctor one of the kings counsel. 1464 54. named byshop of Durrham. eadem. 22.
Ruthlan Castle,place,0.88,1,Ruthlan Castle,R,Ruthlan Castle builded. 789 6. a. besieged. 790.52. b
Rutlãd castle,place,0.87,1,Rutlãd castle,R,Rutlãd castle builded. 398.2
Sabart,person,0.91,3,Sabart,S,"Sabart Kyng of the East Saxons, receyueth the fayth of Christ. 152.36"
Sabartes,person,0.97,1,Sabartes,S,"Sabartes sonnes slayne, and their army discomfited by the West Saxons. 158 28"
Sabarts,person,0.87,1,Sabarts,S,Sabarts sonnes refuse to be christened. page. 157. line. 89
Sackuill Nigel,person,0.9,1,Sackuill Nigel,S,Sackuill Nigel accursed. 417.26
Sackuille Tho,person,0.97,1,Sackuille Tho,S,"Sackuille Tho. Knyghte, is sent Ambassadour into Fraunce. 1857.21"
Saffron Walden,place,0.88,1,Saffron Walden,S,Saffron Walden in Essex. 255.78
Say,person,0.92,1,Say,S,Say Wil. escapeth from the battaile of Lewes. 770.88
Saint Agnes Churche in Caunterbury,person,0.6,1,Saint Agnes Churche in Caunterbury,S,Saint Agnes Churche in Caunterbury buylded. 158.71
Saint Albanes Monasterie,place,0.76,1,Saint Albanes Monasterie,S,Saint Albanes Monasterie builded. 194.108
Saint Albons Abbey,place,0.81,1,Saint Albons Abbey,S,Saint Albons Abbey spoyled. 380.46
Saint Albons towne,place,0.79,1,Saint Albons towne,S,Saint Albons towne and monasterie builded. 88.17
Saint Amphibolus,uncertain,0.2,1,Saint Amphibolus,S,"Saint Amphibolus bodye founde out, and translated. 450.69"
Saint Andrewes Church,place,0.71,1,Saint Andrewes Church,S,Saint Andrewes Church in the Ile of Andresey builded. 208.18
Saint Andrewes Church in Rochester,place,0.64,1,Saint Andrewes Church in Rochester,S,Saint Andrewes Church in Rochester builded. 150.62
Saint Audrie of Ely,person,0.9,1,Saint Audrie of Ely,S,Saint Audrie of Ely. 185. line. 77
Saint Augustines Monasterie,place,0.94,1,Saint Augustines Monasterie,S,Saint Augustines Monasterie nigh Caunterbury builded. 150.38
Saint Bartholmewes,uncertain,0.45,1,Saint Bartholmewes,S,Saint Bartholmewes by Smithfild founded. 341. line. 52
Saint Cutbert,person,0.65,1,Saint Cutbert,S,Saint Cutbert appeareth to King Alured in a vision. 214.15
Saint Denise in Fraunce,uncertain,0.45,1,Saint Denise in Fraunce,S,Saint Denise in Fraunce rendred to the Englishe. page. 1255. col. 1. line. 39
Saint Edmonde,person,0.97,1,Saint Edmonde,S,"Saint Edmonde fighteth for the wealthe, but not for the slaughter of hys people. 249.80"
Saint Edmondes ditche,person,0.84,1,Saint Edmondes ditche,S,Saint Edmondes ditche. 220.3<?>
Saint Edmondes land,place,0.59,1,Saint Edmondes land,S,Saint Edmondes land in Suffolke spoyled by the Danes. 249.73
Saint Edmondesburie,place,0.61,1,Saint Edmondesburie,S,Saint Edmondesburie in olde time called Eglesdon. 211.37
Saint Edwardes,person,0.95,1,Saint Edwardes,S,Saint Edwardes lawes instituted. 274.96
Saint Edwards,person,0.9,1,Saint Edwards,S,Saint Edwards fair holden at Westminster. 719. line. 60
Saint Fridancus Church,place,0.97,1,Saint Fridancus Church,S,"Saint Fridancus Church in the Ile of Anglesey, made a kennel for hoũds 328.97"
Saint Germain Geoffrey,person,0.97,1,Saint Germain Geoffrey,S,Saint Germain Geoffrey attainted. 1415.49
Saint Iames Manour,person,0.61,1,Saint Iames Manour,I,Saint Iames Manour built. 1557.54.
Saint Iohns,person,0.89,1,Saint Iohns,I,Saint Iohns order put downe 1578.10.
Saint Iohns Churche,person,0.59,1,Saint Iohns Churche,S,Saint Iohns Churche in Chester builded. 277. line. 34.
Saint Leonardes Hospita<?>,person,0.9,1,Saint Leonardes Hospita<?>,S,Saint Leonardes Hospita<?> at Yorke. page. 1319. col. 1. line. 25
Saint Leonards hospital,person,0.66,1,Saint Leonards hospital,S,Saint Leonards hospital in Yorke founded. 334. line. 71
Saint Mary,person,0.79,1,Saint Mary,S,Saint Mary bow Church roofe in Ch<?>pe in London ouerthrowen by a wynde. 322.12
Saint Martins Churche,place,0.73,2,Saint Martins Churche,S,Saint Martins Churche high Ludgate in London builded. 167.49
Saint Martins Sanctuarie,place,0.71,1,Saint Martins Sanctuarie,S,Saint Martins Sanctuarie. page. 1365. col. 2. line 52
Saint Maure William,person,0.97,1,Saint Maure William,S,Saint Maure William. 1450.45
Saint Michaels Abbathy in Normandy,uncertain,0.45,1,Saint Michaels Abbathy in Normandy,S,Saint Michaels Abbathy in Normandy. 321.72
Saint Michaels College in Cambridge,place,0.7,1,Saint Michaels College in Cambridge,S,Saint Michaels College in Cambridge founded. 872.26. a
Saint Oswils,uncertain,0.2,1,Saint Oswils,S,"Saint Oswils bones trãslated from Bardona, to Saint Peters in Gloucester. 222.46"
Saint Oswins Church,place,0.95,1,Saint Oswins Church,S,Saint Oswins Church at Tinmouth. 326.20
Saint Paules Church in London,place,0.65,2,Saint Paules Church in London,S,Saint Paules Church in London burnte to the ground. 314.<?>7
Saint Peters,person,0.32,2,Saint Peters,S,Saint Peters pence to be gathered and kepte. 409.9
Saint Peters Church,place,0.68,1,Saint Peters Church,S,Saint Peters Church at Wer<?>mouth burned by the Scottes. <?>07.7
Saint Peters Churche,place,0.63,1,Saint Peters Churche,S,Saint Peters Churche at Yorke erected. 161.102
Saint Petrokes Abbey in Cornewall,place,0.97,1,Saint Petrokes Abbey in Cornewall,S,Saint Petrokes Abbey in Cornewall spoyled by the Danes. 237.36
Saint Thomas,person,0.86,1,Saint Thomas,S,Saint Thomas in India. 2<?>7.45
Sainte Albanes,person,0.83,1,Sainte Albanes,S,Sainte Albanes bones taken vp and shrined. 194. line. 107
Sainte Albons Abbey,place,0.65,1,Sainte Albons Abbey,S,Sainte Albons Abbey repaired. 32.68
Sainte Aldermes,person,0.97,1,Sainte Aldermes,S,"Sainte Aldermes boones taken vp, and shrined. <?>1. line. 8"
Sainte Andrewes Church in Welles,uncertain,0.45,1,Sainte Andrewes Church in Welles,S,Sainte Andrewes Church in Welles builded. 188. line. 27
Sainte Andrews Abbey,person,0.69,1,Sainte Andrews Abbey,S,Sainte Andrews Abbey. 406.14.
Sainte Clement Danes Church,person,0.72,1,Sainte Clement Danes Church,S,Sainte Clement Danes Church without Temple barte at London. 267. line. 8
Sainte Clere Hugh,person,0.97,1,Sainte Clere Hugh,S,"Sainte Clere Hugh, accursed by the Archbishop Thomas Becket. 409. line. <?>0"
Sainte Dauid,person,0.9,1,Sainte Dauid,S,"Sainte Dauid, called in olde tyme Mineuia, taken. 123.42"
Sainte Edmondes ditche,person,0.88,1,Sainte Edmondes ditche,S,Sainte Edmondes ditche cast. 250.42
Sainte Edmondesburie Abbey,uncertain,0.45,1,Sainte Edmondesburie Abbey,S,Sainte Edmondesburie Abbey buylded. 211.34.
Sainte Edmonds Church,person,0.62,1,Sainte Edmonds Church,S,"Sainte Edmonds Church builded, and Monkes there established. 250. line. 46"
Sainte Ellutus,person,0.8,1,Sainte Ellutus,S,Sainte Ellutus bell in Glamorgan taken away. 233. <?>94
Sainte Friswides,person,0.63,1,Sainte Friswides,S,Sainte Friswides steeple in Oxforde burned. 251. line. 61
Sainte Iohns Hospitall,person,0.7,1,Sainte Iohns Hospitall,S,Sainte Iohns Hospitall nigh Caunterburie builded. 320.64
Sainte Mary Hall,person,0.69,1,Sainte Mary Hall,S,Sainte Mary Hall in Oxforde founded. 8<?>4. line. 47. a
Sainte Marye,person,0.84,1,Sainte Marye,S,Sainte Marye Queries Church burnt. 574.23
Sainte Maurice,person,0.97,1,Sainte Maurice,S,Sainte Maurice bannes lente to King Adelst<?>e for a present. 227.23
Sainte Ordulfes Monasterie,place,0.64,1,Sainte Ordulfes Monasterie,S,Sainte Ordulfes Monasterie at Essingstock burned by the Danes. 241. line. 4.5
Sainte Paules,person,0.68,1,Sainte Paules,S,"Sainte Paules counsell, in winning of all sorts to the faith. 168.1"
Sainte Werbroughes Church,place,0.65,1,Sainte Werbroughes Church,S,Sainte Werbroughes Church in Chester builded. 277.35
Salle Roberte,person,0.97,1,Salle Roberte,S,Salle Roberte Knighte slayne by Rebelles. 1031.50. a
Salerne,person,0.85,1,Salerne,S,Salerne Prince with others commeth to see his Maiestie. 1579.54
Salestine,uncertain,0.2,1,Salestine,S,"Salestine, a Barde. 4.42"
Salike,uncertain,0.2,1,Salike,S,Salike Lawe. page. 1168. col. 2. line. 31
Salisburie,uncertain,0.27,5,Salisburie,S,"Salisburie taken, and rifled by the Danes. 243. line. 61"
Salisburie Iohn,person,0.76,1,Salisburie Iohn,S,"Salisburie Iohn, Chauncellor to Archbishoppe Thomas Becket. 416. line. 24."
Salomon,person,0.91,2,Salomon,S,Salomon King of Hungarie. 259.31
Saltwood,place,0.8,1,Saltwood,S,"Saltwood claymed, to belong perticularly to the seigniorie of the Sea of Caunterburie. 4.01. line. 101"
Samothe,uncertain,0.2,1,Samothe,S,Samothe a subdued by Albion. 5.34
Samothea,uncertain,0.2,1,Samothea,S,"Samothea, the fyrst pecunar name of Britaine. 2.76"
Samothei,uncertain,0.2,1,Samothei,S,"Samothei, a sect of Philosophers, and their originall. 2.69"
Samothes,uncertain,0.33,2,Samothes,S,Samothes founder of the kingdome of Celtica. 1.101. and. 2.46
Sampson,person,0.97,1,Sampson,S,"Sampson, Abbot of S. Edmonsburie. 483.11"
Samson,person,0.72,1,Samson,S,Samson Doctor Bishoppe of Chichester in the premunire. 1578.20. pardoned. 1580.47
Sandiforde,uncertain,0.2,1,Sandiforde,S,Sandiforde. pa. 1299.42
Sands William,person,0.97,1,Sands William,S,"Sands William Knyghte Treasourer of Calaice, his vallor 1521.45"
Sandwich,place,0.97,1,Sandwich,S,Sandwich spoiled by Danish Pirates. 270.26
Sandwiche,place,0.92,1,Sandwiche,S,Sandwiche spoyled by french. 1290. by Io. Dynham. 1298. taken by Lord Fauconbridge. 1298. kept by Bastarde Fauconbridge. 1344.10
Sanison,person,0.91,1,Sanison,S,"Sanison Byshop of Worceters aunswere, concerning the obedience of the Archbyshop of Yorke, to the Archbyshop of Canterburie. 350.18"
Sapcote William,person,0.97,1,Sapcote William,S,Sapcote William of the Countie of Huntington attainted. 1425.47
Sapcots Iohn,person,0.97,1,Sapcots Iohn,S,Sapcots Iohn Knighte. 1450.17
Sarasins,person,0.86,2,Sarasins,S,"Sarasins beheaded by K. Richard the firste at Acres. 501.43. beaten backe and repulsed in a conflicte, by King Richarde the first. 503.40"
Sarron,person,0.43,2,Sarron,S,Sarron buildeth publike places for learning. 3.10
Sarronides,uncertain,0.2,1,Sarronides,S,"Sarronides, a kinde of Philosophers, whence discended. 3.17"
Sauage Iohn,person,0.97,1,Sauage Iohn,S,Sauage Iohn Knyghte slayne. 1440.35
Sauage Tho,person,0.97,1,Sauage Tho,S,Sauage Tho. remoued from the Bishopprike of London to York. 1455.38
Sauage Thomas Archbishoppe of Yorke,person,0.97,1,Sauage Thomas Archbishoppe of Yorke,S,"Sauage Thomas Archbishoppe of Yorke dyeth, his conmendations. 1461.50"
Sauill,person,0.81,1,Sauill,S,Sauill Io. Knight. 4448. line. 50
Saunders George,person,0.97,1,Saunders George,S,"Saunders George murthered, and the historie thereof. 1865.55"
Sauoy,place,0.91,1,Sauoy,S,"Sauoy spoyled, and brent by Rebels. 1026.30. b"
Saxnot,uncertain,0.45,1,Saxnot,S,"Saxnot, predecessor to the Kings of East Saxons. 131.37"
Saxon,group,0.85,2,Saxon,S,Saxon bloud ceasseth to reigne in Englande. 288. line. 6
Saxon schoole,group,0.85,1,Saxon schoole,S,Saxon schoole in Roome repaired. 207.4.5
Saxons,group,0.85,36,Saxons,S,"Saxons being Paganes, extinguishe the Christian Religion in Britain. 118.22"
"Saxons, Scottes",group,0.85,1,"Saxons, Scottes",S,"Saxons, Scottes, and Pictes inuade the Romaine prouince in Britayne. 106.60"
Saxton,place,0.61,1,Saxton,S,Saxton third King of the Ceires. 3.2
Saxton fielde,place,0.97,1,Saxton fielde,S,Saxton fielde. page. 1311. col. 1. line. 52
Scarborrough Castel,place,0.87,1,Scarborrough Castel,S,Scarborrough Castel deliuered to the King 396. line. 27
Scelton Richard,person,0.97,1,Scelton Richard,S,"Scelton Richard a Tayler, counsellor to Perkin Warbecke. 1449.58"
Scena,person,0.9,1,Scena,S,"Scena, son to Androgeus Erle of London. 43.80"
Sceorstan battaile,place,0.95,1,Sceorstan battaile,S,"Sceorstan battaile fought betweene the Englishmen and Danes, wyth equall victorie. 254.41"
Schoole-built,uncertain,0.2,1,Schoole-built,S,Schoole-built by the company of the Merchaunt Taylers. 1814.50
Scholemaster of Paules,person,0.9,1,Scholemaster of Paules,S,Scholemaster of Paules. page. 1375. col. 1. line. 3
Schollers,uncertain,0.2,1,Schollers,S,Schollers of oxforde withdraw to Northampton to studie. 766.67. fight against King Henrye the third. 766.69
Scorastan battaile,place,0.95,1,Scorastan battaile,S,Scorastan battaile fought by the Danes against the Englishmen. 251.87
Scory,person,0.87,1,Scory,S,Scory Doctor Bishop of Hereford. 1803.9
Scot Iohn,group,0.85,1,Scot Iohn,S,Scot Iohn Earle of Chester poysoned to death by his wife. 650.20
Scotte William,group,0.85,1,Scotte William,S,Scotte William. 1447. line. 20
Scottes,group,0.85,30,Scottes,S,Scottes not once named by the auntient Romane writers. 59.36
"Scottes, Picts",group,0.85,1,"Scottes, Picts",S,"Scottes, Picts, and Saxons inuade the Romane prouince in Britaine. 106.60"
Scottish,group,0.85,8,Scottish,S,Scottish Bishops renoũce their obedience to the Churche of Englande. 443.9
Scottish Churche in Ireland,group,0.85,1,Scottish Churche in Ireland,S,Scottish Churche in Ireland disagreeth in some pointes from the Romaine Church. 156.1
Scottish Lordes,group,0.85,1,Scottish Lordes,S,Scottish Lordes submitte them to King Edwarde the third. 898.27. b
Scottishe,group,0.85,10,Scottishe,S,"Scottishe kings to doe homage and fealtie to the kings of England, being necessarily therevnto required. 440.41"
Scottishe Ambassadoures,group,0.85,1,Scottishe Ambassadoures,S,Scottishe Ambassadoures not suffered to passe thorough England to king Iohn into Normandye. 543.5
Scotland,place,0.88,2,Scotland,S,Scotland interdited. 855.21. a.
Scotlande,place,0.8,3,Scotlande,S,Scotlande spoyled by the Englishmen. 1047.50. a.
Scotlãd,place,0.97,1,Scotlãd,S,Scotlãd spoyled. 899.30. a
Scotney Walter,person,0.97,1,Scotney Walter,S,Scotney Walter arraigned and condemned. 754.20. hee is executed at Winchester. 754.34
Scots,group,0.85,15,Scots,S,"Scots and Picts inuade Britaine, and wast the Countrey. 111.27"
Scotttes,uncertain,0.2,1,Scotttes,S,Scotttes discomfited and put to flight. 370.44
Scotus Iohn,person,0.92,1,Scotus Iohn,S,Scotus Iohn murthered by his Schollers in the Abbey of Malmesburie. 218.34
Scrope Thomas,person,0.97,1,Scrope Thomas,S,"Scrope Thomas, alias Radley. 1462.22"
Scurfa,person,0.87,1,Scurfa,S,"Scurfa, a Danishe Earle slayne. 220.64."
Sea<?>to,uncertain,0.2,1,Sea<?>to,S,Sea<?>to be passed ouer on foote. 353.14
Sebby,person,0.95,3,Sebby,S,"Sebby, sonne to Suward and Sighere, succeede Swidhelme in the kingdome of the East Saxons. 179.3"
Secandone battayle,uncertain,0.2,1,Secandone battayle,S,Secandone battayle fought by the Mercians against their owne Kyng Ethelbaldus. 189.67
Secion,person,0.85,1,Secion,S,Secion cited. 2.70
Secular,person,0.83,1,Secular,S,Secular priests with their wiues brought into Monasteries. 235.100
Secular Priestes,person,0.88,2,Secular Priestes,S,Secular Priestes make complaint of the wrong done vnto them. 235.86
Sedrike,place,0.6,1,Sedrike,S,Sedrike made a Nunne in France. 169.66
Segburg,person,0.95,1,Segburg,S,"Segburg, daughter to the Kyng of East angles, wife to Earconberte. 169.53"
Segninus,person,0.97,1,Segninus,S,Segninus Duke of Allobroges dyeth. 25.42
Seguinus,person,0.83,1,Seguinus,S,Seguinus or Seginus Duke of the allobroges. 24.37
Seianes,uncertain,0.2,1,Seianes,S,"Seianes Horse, whose ryder euer came to some euill ende. 202.11"
Seille Peter,person,0.65,1,Seille Peter,S,Seille Peter kept in close prison. 467.35
Seymer Edwarde,person,0.97,1,Seymer Edwarde,S,"Seymer Edwarde made Knyghte. 1526.40. is created Viscunt Beauchamp. 1561.55. is created Earle of Hertford 1571.4. made Lieutenãunte of the Northe partes. 1592.10. entreth Scotlande wyth an armye committyng greate wast eadem. 50. hys honorable iourney in Bolognois. 1599.33. entring Scotland with a power, destroyeth all the townes in the middell Marches. 1602.37. eftsoones inuadeth Scotlande, burnyng a greate parte of the Mers and Tiuidale. 1603.42. sente ouer wyth a power to wythstande the enterprises of the Frenchmenne in Bolognois. 1607.36. is hyghe Chamberlayne, and one of the executers of the kings testamente, and the gouernors of the yong Kyng. 1611.32. is chosen Lorde Protector of King Edwarde and his dominions. 1614.50. adorneth King Edward with the order of Knightehoode eaden. 4. is created D. of Somerset. 1614.14. inuadeth Scotlande. 1615.10. his aunswere to Huntiers chalenge. 1621.10. sendeth an Epistle exhortatorie vnto the Scottes. 1643.40. setteth foorthe a Proclamation for laying open of enclosures. 1648. 26. fearing the conspiracie of the Lordes, remoueth hastily in the nyghte tyme wyth the yong Kyng to Windsore Castell. 1689.10. his letter to the Lorde priuie scale for ayde eaden, 27. hys letter to the Lords assembled. 1699. 30. hath a Proclamation published agaynste hym eadem. 50. is commytted to Warde in Beauchampe Tower. 1701.10. is committed to the Tower of London, eadem. 20. hath articles obiected againste hym, eadem. 28. is restored vnto hys libertie, but not his protectorshippe. 1702.36. maried hys eldest daughter to Warwike hys eldest sonne. 1703.30. is eftsoones committed to the Tower. 1709.27. wel beloued of the people eadem. 50. condemned of felonie ibidem, is executed. 1710.10. the two speaches which he vsed at his death eadem. 54. is described. 1711.52"
Seymer Iane,person,0.97,1,Seymer Iane,S,Seymer Iane married to King Henrye the eyght. 1561. she dyeth. 1570.44
Seintleger Anthonie,person,0.9,1,Seintleger Anthonie,S,"Seintleger Anthonie, deputie of Irelãd. 1583.29"
Selred,person,0.61,1,Selred,S,Selred succeedeth Offa in the Kingdome of East Saxons. 190.47
Selwood,uncertain,0.2,1,Selwood,S,Selwood. 214.80
Sem,place,0.81,1,Sem,S,Sem allotted vnto Asia. 1.75
Semer Thomas,person,0.97,1,Semer Thomas,S,"Semer Thomas Knight, is created Lorde Semer, and high Admiral. 1614.2<?>. is atteynted & beheaded. 164<?>.26"
Sempringham William,person,0.97,1,Sempringham William,S,"Sempringham William, founder of the order of Sempringham dyeth. 469.63"
Senators of Rome,person,0.86,1,Senators of Rome,S,Senators of Rome slayne by the Gaules. 26.54
Seneschascie of Fraunce,person,0.97,1,Seneschascie of Fraunce,S,"Seneschascie of Fraunce, auntiently belongeth to the Earles of Aniou. 411.42"
Seneshal of Guyen,person,0.85,1,Seneshal of Guyen,G,Seneshal of Guyen taken prisoner by the English men. 928 36. b.
Sens,place,0.75,1,Sens,S,Sens and Monstreau besieged and taken. pa. 1209 col. 1. lin. 33.
Sens Citie in Normandy,place,0.75,1,Sens Citie in Normandy,S,"Sens Citie in Normandy yeelded to He. 5. pag. 1190. col. 1. line. 20 Selred, K. of East Saxons slayne. 197.3<?>"
Seolesew Abbey,place,0.94,1,Seolesew Abbey,S,Seolesew Abbey in Sussex builded. 182.83
Sepulchre,uncertain,0.45,1,Sepulchre,S,"Sepulchre of the Lorde found out at Ierusalem, by Helene the Empresse. 91.106"
Sergeantes,uncertain,0.45,1,Sergeantes,S,Sergeantes of the lawe created. 1837.50
Sermon,person,0.83,1,Sermon,S,Sermon made by Thomas Arundell Archbyshop of Cant. 1116.1. a
Seuall Archebishoppe of Yorke,person,0.91,1,Seuall Archebishoppe of Yorke,S,Seuall Archebishoppe of Yorke dyeth. 750.70
Seuen,uncertain,0.45,1,Seuen,S,Seuen Bishops in Wales 75.20
Seuerne,place,0.76,2,Seuerne,S,"Seuerne a Riuer, page. 1414. col. 2. line. 38. page. 1415. col. 2. line. 44."
Seuerne Riuer,place,0.92,1,Seuerne Riuer,S,Seuerne Riuer. 143.54
Seuerus,person,0.96,14,Seuerus,S,Seuerus returneth again into Fraunce. 121.49
Seuerus Coronell,person,0.95,1,Seuerus Coronell,S,"Seuerus Coronell of the footemen, sente to ayde Nanncus. 105.112"
Seufred,uncertain,0.45,1,Seufred,S,"Seufred and Sigharde, Kings of East Saxons, depart this life. 190.36"
Sewfred,person,0.82,1,Sewfred,S,Sewfred and Sigharde succeede Sebby their father in the Kingdome of the East Saxons. 181.42
Sexburga,person,0.97,1,Sexburga,S,"Sexburga, wife to Lenwalch dyeth. 180.72"
Sexvulf,person,0.96,1,Sexvulf,S,Sexvulf consecrated Bishop of Mercia. 181.12
Sãford Nicholas,person,0.97,1,Sãford Nicholas,S,Sãford Nicholas knighte dyeth. 730.58
Shaftesburie,place,0.8,1,Shaftesburie,S,"Shaftesburie, or Mont Paladoure buylded. 19. line. 4"
Shaftesburie Abbey,place,0.87,1,Shaftesburie Abbey,S,Shaftesburie Abbey builded. 217.58
Sheffield Edmond,person,0.97,1,Sheffield Edmond,S,Sheffield Edmond knight made Lorde Sheffielde. 1614.27. is slain. 1665.47
Shelley Edward,person,0.97,1,Shelley Edward,F,Shelley Edward his Vallor & death. 1624.32.
Sherborne Robert,person,0.97,1,Sherborne Robert,S,"Sherborne Robert Doctor, Ambassadour to the Pope. 1461.20"
Sheriffes of London,person,0.93,2,Sherifes of London | Sheriffes of London,S,Sherifes of London imprisoned. 738.70
Sherifhuton,place,0.95,1,Sherifhuton,S,Sherifhuton a Manour & Castell 1425.20. &. 34
Shippes of Fraunce,person,0.65,1,Shippes of Fraunce,S,Shippes of Fraunce brent. 906.30. b
Shipwrack,uncertain,0.2,1,Shipwrack,S,Shipwrack. 920.34. b
Shirburne Richarde,person,0.97,1,Shirburne Richarde,S,Shirburne Richarde Bishop of Chichester praysed. 1463.26
Shireborn,person,0.61,1,Shireborn,S,Shireborn made a bishops sea. 191.10
Shirebourne Castel,place,0.91,1,Shirebourne Castel,S,Shirebourne Castel builded. 371.70
Shires in Englande,place,0.87,1,Shires in Englande,S,Shires in Englande wasted and destroyed by the Danes. 245.80
Shirewood forest,place,0.95,1,Shirewood forest,S,Shirewood forest. 516.83
Shoreham,uncertain,0.2,1,Shoreham,S,Shoreham. 544.8
Shrewsburie,place,0.8,2,Shrewsburie,S,Shrewsburie parte burnt. 644.69.
Shrewsburie castell,place,0.89,1,Shrewsburie castell,S,Shrewsburie castell.
Shrewsburie towne,place,0.86,1,Shrewsburie towne,S,Shrewsburie towne fortified agaynst king Henry the first. <?>
Sibell,person,0.97,1,Sibell,S,"Sibell sister to the Erle of Conuersans in Pugita, maried to Robert Duke of Normandie. 346.72"
Sichrike,person,0.96,1,Sichrike,S,Sichrike slayeth his brother Nigelius. 223.101
Sicilius,person,0.95,1,Sicilius,S,"Sicilius, sonne to Guintolinus, admitted King <?>f Britaine. 89.12"
Sidius,person,0.8,1,Sidius,S,Sidius Geta his valiancie agaynst the Britaines. 49.34.
Sidonius Appolinaris,person,0.85,1,Sidonius Appolinaris,S,Sidonius Appolinaris cited. 107.75
Sidrack,person,0.87,1,Sidrack,S,"Sidrack, a Danish Earle slaine. 210.4"
Sidroe,person,0.84,1,Sidroe,S,"Sidroe, a Dane slaine. 210 36."
Siga,person,0.8,1,Siga,S,Siga chiefe murthered of Aswald. 19<?>.<?>
Sigebettus,person,0.85,1,Sigebettus,S,Sigebettus cited. 11<?>.41
Sigefero,uncertain,0.45,1,Sigefero,S,"Sigefero a Dane, murthered at Oxford."
Sigefmonde Emperour,person,0.88,1,Sigefmonde Emperour,S,Sigefmonde Emperour came into England pag. 1183. col. 2. li. 57 in league with Henrie the fifth. pa. 1185. col. 1. lin. 38.
Siger de Curtrey,uncertain,0.2,1,Siger de Curtrey,C,Siger de Curtrey put to death. 903.9. a.
Sigharde,person,0.41,2,Sigharde,S,Sigharde and Sewfrede succeede Sebby euen father in the kingdom of the Eastsaxons. <?>.42
Sighelmus Bishoppe of Shireborne,person,0.93,1,Sighelmus Bishoppe of Shireborne,S,"Sighelmus Bishoppe of Shireborne, sent <?> presentes vnto Rome, and into India. 217.45"
Sighere,person,0.66,4,Sighere,S,"Sighere son too Sigibert the litle, and Sebby, succeede Sindhelme in the Kingdome of the Eastsaxons. 179.2"
Sigibert,person,0.94,16,Sigibert,S,"Sigibert, or Sibert, a christian king of the Estangles. 162.42"
Sildius,uncertain,0.2,1,Sildius,S,"Sildius, called also Sildius 21.86"
Siluester,person,0.97,1,Siluester,S,Siluester Prior of Canterburie deposed from his priorship. 383.28
Silures,place,0.23,4,Silures,S,Silures where they inhabite. 54.60 and. <?>9.2<?>.
Simon,person,0.96,4,Simon,BMS,"Simon vseth, and in buried at London. <?>.49."
Simon Bereford,person,0.97,1,Simon Bereford,B,Simon Bereford knight hanged. 895.13. a.
Simon Bishoppe of Whiterne,person,0.97,1,Simon Bishoppe of Whiterne,W,Simon Bishoppe of Whiterne consecrated. 852.3. b
Simon Dane,person,0.97,1,Simon Dane,S,Simon Dane <?>cited. 222 40. and 239. 47.
Simon Digby,person,0.97,1,Simon Digby,S,Simon Digby knight. pa. 1416. col. 2. lin. 42.
Simon Dunelhen,person,0.97,1,Simon Dunelhen,S,Simon Dunelhen. cyted. <?>
Simon Dunelm,person,0.91,2,Simon Dunelm,S,Simon Dunelm in what time he liues. 394.44
Simon Dunelmen,person,0.97,3,Simon Dunelmen,S,Simon Dunelmen. cyted. 258.15. and. 260.32.
Simon Erle of Aranges,person,0.97,1,Simon Erle of Aranges,S,"Simon Erle of Aranges, deliuereth Fortresses to king Henrie the seconde. 399.60."
Simon Erle of Huntington,person,0.97,1,Simon Erle of Huntington,S,Simon Erle of Huntington dieth 459.82
Simon Erle of Northamton,person,0.97,1,Simon Erle of Northamton,S,Simon Erle of Northamton. 374.13
Simon Islep,person,0.97,2,Simon Islep,I,Simon Islep Archbyshop of Canterbury dieth. 951.22. b.
Simon Langham,person,0.97,1,Simon Langham,L,Simon Langham made Archbishop of Canterbury. 971.24. b.
Simon Langton,person,0.97,1,Simon Langton,S,"Simon Langton made Chauncellour to Lewes 600.39. he is excommunicate by Gualo, wyth booke, bell and Candell. 600.62."
Simon Mepham,person,0.97,1,Simon Mepham,M,Simon Mepham made Archbyshop of Cantorbury. 891.7. b dyeth 896.30. b.
Simon Moũtford,person,0.97,1,Simon Moũtford,S,Simon Moũtford knight. pag. 1298. col. 2. lin. 6. taken at Sandwich. lin. 18. beheaded lin. <?>2.
Simon Richard,person,0.85,1,Simon Richard,S,"Simon Richard a Priest, practiseth to make hys scholer king. 1428.10. sayleth with him into Irelande, where hee bruteth him to bee the Earle of warwike, procureth many friendes in Irelande, England and F<?>nders. 1429.3. taken prisoner, <?> committed too perpetuall prison. 1431.24"
Simon Sudburie,person,0.97,1,Simon Sudburie,S,Simon Sudburie made Archbishop of Canterburie. 995.23. a
Simon Zelotis,person,0.97,1,Simon Zelotis,S,Simon Zelotis commeth into Britaine. 31.20
Simonie,uncertain,0.44,1,Simonie,S,"Simonie consisteth as wel in giuing money after promotion receyued, as in brybing afore hande. 336.48."
Simonte,uncertain,0.36,1,Simonte,S,Simonte and ambition in two Monks reproued by King William Ri<?>us. 321.26.
Sindhelme,person,0.97,1,Sindhelme,S,Sindhelme dieth. 178.2
Singing in Churches,place,0.85,1,Singing in Churches,S,"Singing in Churches first vsed in Kent, of all England. 17<?>.76"
Single<?>,person,0.84,1,Single<?>,S,"Single<?>, or Sigbelitie slaine. <?>0.47"
Sinobe,uncertain,0.2,1,Sinobe,S,Sinobe holden at Hatfield 182.113.
Syr Hugh Calurleys,person,0.97,1,Syr Hugh Calurleys,C,Syr Hugh Calurleys valiantnesse. 1008.52. a. 1013. 30. b.
Sir Iohn,person,0.97,1,Sir Iohn,C,Sir Iohn Clerke slain. 1013.10. a.
Sir Iohn de Vienne,person,0.97,1,Sir Iohn de Vienne,V,Sir Iohn de Vienne Captaine of Calais. 938.28. a
Sir Iohn Hankewoods,person,0.97,1,Sir Iohn Hankewoods,H,Sir Iohn Hankewoods prase. 1001.33. a.
Sir Raufe Ferrors,person,0.91,1,Sir Raufe Ferrors,F,Sir Raufe Ferrors accused of treason. 1022.41. b.
Sir Robert Knolles,person,0.97,1,Sir Robert Knolles,K,Sir Robert Knolles winneth Auxer. 962.43. b.
Sir Thomas Dogworths,person,0.97,1,Sir Thomas Dogworths,D,Sir Thomas Dogworths worthines. 926.10. a.
Siricius Archbishoppe of Canterburie,person,0.88,1,Siricius Archbishoppe of Canterburie,S,Siricius Archbishoppe of Canterburie 239.64
Sisillius,person,0.97,1,Sisillius,S,"Sisillius dieth, and is buried at Bathe. 21.98"
Sistllius,person,0.95,1,Sistllius,S,"Sistllius brother to Gurgustius, chosen to the gouernance of Britaine. 21 90."
Sithrike,person,0.97,6,Sithrike,S,Sithrike succeedeth his father Gath<?> for the Kingdome of the Northumders 2<?>.7<?>
Sitomagus,place,0.84,1,Sitomagus,S,"Sitomagus a citie in Britaine, by whome buylded. 2.95"
Siward,person,0.97,2,Siward,S,Siward dieth. 276.62
Siwarde,person,0.92,3,Siwarde,S,Siwarde Earle of Northumberland. 271.30
Siwolfe,person,0.91,1,Siwolfe,S,Siwolfe slaine. 200.47
Sizil,uncertain,0.2,1,Sizil,S,"Sizil, called also Sisillius. 21.96."
Sledda,person,0.81,1,Sledda,S,Sledda second king of the East saxons. 152.34
Sleforde Castell,place,0.95,1,Sleforde Castell,S,Sleforde Castell buylded. 371.75.
Slouth,person,0.81,1,Slouth,S,Slouth engendreth lecherie. 17.79
Smith Thomas,person,0.97,2,Smith Thomas,S,"Smith Thomas knight, made principall secretary 186.41."
Smith William,person,0.78,1,Smith William,S,Smith William founded Brasennose Colledge in Oxforde. 1463.22
Smyth William Doctour,person,0.97,1,Smyth William Doctour,S,"Smyth William Doctour president of Prince Arthures counsaile, and after Bishop of Lincolne. 1456.57."
Smithfield,place,0.95,1,Smithfield,S,"Smithfield a laystall, and place of execution. 341.56"
Snowden Castell,place,0.82,1,Snowden Castell,S,Snowden Castell taken. 793.8. a.
Snowdune,uncertain,0.2,1,Snowdune,S,Snowdune. 276.42
Somerset Charles,person,0.66,1,Somerset Charles,S,"Somerset Charles of the priuie counsaile, and lord Chamberlaine to Henry the eight. 1464.52"
Somerset George,person,0.74,1,Somerset George,S,"Somerset George knight, his prowes. 1591.46"
Somerset shire,place,0.86,1,Somerset shire,S,Somerset shire wasted by the Danes. 252.9
Somerset William,person,0.8,1,Somerset William,S,"Somerset William Earle of worcester goeth Ambassadour into Fraunce, and is robbed vpon the sea by Pyrates. 1864.53"
Somersetshire,person,0.8,1,Somersetshire,S,Somersetshire men ouerthrowne by the Danes at Pentho. 241.70
Sommerton,place,0.91,1,Sommerton,S,"Sommerton besieged, and wonne. 189.56"
Sonne,person,0.66,1,Sonne,S,Sonne punished for the fathers offence. 240.44
Sonnes,person,0.85,1,Sonnes,S,Sonnes to the Earle of March taken forth of windsore Castell. pag. 1145. col. 1. lin. 50.
Sophronius,person,0.82,1,Sophronius,S,Sophronius putriarke of Ierusalem cited. 53.27
Souch Iohn,person,0.97,1,Souch Iohn,S,Souch Iohn Lorde attainted. 1425.41
South,place,0.95,1,South,S,South part of scotland giuen to the Picts. 81.63
Southampton,place,0.97,1,Southampton,S,Southampton spoyled by Frenchmen. 904.20. b
Southampton towne,place,0.97,1,Southampton towne,S,Southampton towne spoiled by the Danes. 238.35
Southamton,place,0.86,1,Southamton,S,Southamton why so called. 51.9
Southrey,person,0.8,1,Southrey,S,Southrey brought vnder subiection of the westsaxons. 203.64
Southsaxons,group,0.85,1,Southsaxons,S,Southsaxons put too the woorse by the westsaxons. 155.49
Southwales,place,0.78,1,Southwales,S,Southwales spoyled by the Danes. 21<?>.69
Southwark,place,0.89,1,Southwark,S,Southwark spoyled by rebels. 1026.45. a
Southwarke,uncertain,0.2,1,Southwarke,S,Southwarke nighe London. 271.105
Southwell Manour,place,0.87,1,Southwell Manour,S,"Southwell Manour, belonging to the Archbishop of Yorke. 349.4"
Spaine,place,0.82,1,Spaine,S,Spaine inuaded by barbarous nations. 98.62
Spalding towne,place,0.97,1,Spalding towne,S,Spalding towne giuen too the sea of Lincolne. 349. 98.
Spaniardes,group,0.85,1,Spaniardes,S,Spaniardes ouercome the English nauie. 1010.19. a
Spanish,group,0.85,1,Spanish,S,Spanish fleete vanquished by King Edwarde the thirde. 945.30. b
Sparatinum,place,0.59,3,Sparatinum,S,Sparatinum besieged by Pandrasus. 11.63
Sparcianus,person,0.85,1,Sparcianus,S,Sparcianus cited. 78.9
Speares,uncertain,0.2,1,Speares,S,"Speares ordeyned, & soone discontinued. 1466.43."
Spencer,person,0.97,3,Spencer,S,Spencer Lord created erle of Gloucester. 1097.30. b
Spencer Edward,person,0.94,1,Spencer Edward,S,Spencer Edward lord taken in Britain. 918.45. a
Spencer Edwarde,person,0.97,1,Spencer Edwarde,S,Spencer Edwarde Lorde dyeth. 996.6. b
Spencer Hugh,person,0.97,4,Spencer Hugh,S,Spencer Hugh Lord chief Iustice of England 759. 35. he is discharged of his office. 759.60
Spencer Iohn,person,0.97,1,Spencer Iohn,S,"Spencer Iohn Knight, made Lorde chiefe Iustice, and keeper of the Tower. 763.69"
Spencers,uncertain,0.2,1,Spencers,S,Spencers banishment reuoked. 862.34. a. theyr iudgement reuersed by Parliament. 868.50. b
Spirites,place,0.81,1,Spirites,S,Spirites seene in the aire. 556.30.
Spiritualtie,place,0.28,3,Spiritualtie,S,"Spiritualtie fleeced both in England and Fraunce, to mainteyne the warres. 522.16."
Spising,person,0.91,1,Spising,S,Spising beheaded. pa. 1345 col. 1. lin. 22.
Sporta,person,0.97,1,Sporta,S,"Sporta, daughter to Hubert Erle of Senlis, maried to William Long espee. 288.113"
Spot Thomas,person,0.97,1,Spot Thomas,S,"Spot Thomas cited, and what time he liued. 293. 47."
Sroope Archbyshoppe of Yorke,person,0.88,1,Sroope Archbyshoppe of Yorke,S,"Sroope Archbyshoppe of Yorke, deuised articles againste Henry the .iiij. page. 1137. col. 1. line. 4.1"
Stafford Edward,person,0.96,1,Stafford Edward,S,"Stafford Edward Duke of Buckingham, his costly gowne all of goldsmithes worke. 1465.15. is pardoned and released. 1466.36"
Stafford Edwarde,person,0.96,3,Stafford Edwarde,S,"Stafford Edwarde, eldest sonne to Edward Duke of Buckingham, restored to his name, dignitie and possessions. 1426.40"
Stafford Humfrey,person,0.96,1,Stafford Humfrey,S,Stafford Humfrey attainted.
Stafford Richarde,person,0.96,1,Stafford Richarde,S,Stafford Richarde slaine. 1048.55.<?>
Stafford Thomas,person,0.9,1,Stafford Thomas,S,Stafford Thomas taketh the Castell of Skarborough. 1767.2. is taken prisoner & executed. ibid.
Stafforde Edward,person,0.96,1,Stafforde Edward,S,"Stafforde Edward Duke of Buckingham, a prince of great towardlinesse, leuyeth power agaynste Perkin Warbecke. 1450. 10."
Stafforde Henrie,person,0.97,1,Stafforde Henrie,S,"Stafforde Henrie Lorde, brother too the Duke of Buckingham committed to the Tower. 1464.18"
Stafforde Humfrey,person,0.93,2,Stafforde Humfrey,S,"Stafforde Humfrey, and Stafford Thomas, brothers, depart out of the sanctuary at Colchester, and made a rebellion in worcestershire. 1427.12"
Stafforde Thomas,person,0.95,1,Stafforde Thomas,S,Stafforde Thomas pardoned. 1428.30
Stafforde towne,uncertain,0.45,1,Stafforde towne,S,Stafforde towne. pag. 1415 col. 1. lin. 22.
Staffordshire,place,0.89,1,Staffordshire,S,Staffordshire wasted by rebels. 339.73
Stamford,place,0.92,1,Stamford,S,Stamford. 252.58
Stamford Castell,place,0.97,1,Stamford Castell,S,Stamford Castell besieged by Henrie Fitzempresse. 388.13.
Stamford towne,place,0.88,1,Stamford towne,S,Stamford towne taken by Henrie Fitzempresse. 388.11.
Standforde bridge,place,0.97,1,Standforde bridge,S,Standforde bridge kept by the Norwegians. 284.72
Stanehorre,place,0.84,1,Stanehorre,S,Stanehorre in the Ile of Tenet. 599.82
Stanes,place,0.81,1,Stanes,S,Stanes. 245.25
Stanhop Michael,person,0.93,1,Stanhop Michael,S,Stanhop Michael knight committed to the tower. 1709.30. is beheaded. 1712.6.
Stanhope parke,place,0.95,1,Stanhope parke,S,Stanhope parke. 890.57. a
Stanley Edward,person,0.97,2,Stanley Edward,S,"Stanley Edward knight, captaine of the rereward at Floddon fielde. 1149 52. created Lord Mont. eagle. 1494.35"
Stanley Humfrey,person,0.97,1,Stanley Humfrey,S,Stanley Humfrey knight. 1447.4.
Stanley Thomas,person,0.97,1,Stanley Thomas,S,"Stanley Thomas Lorde Stanley, created Earle of Darby. 1426.34"
Stanley William,person,0.97,1,Stanley William,S,"Stanley William knight, beheaded. 1444.4"
Star,person,0.86,1,Star,S,Star passeth through the Moone. 194.73
Starres,uncertain,0.2,3,Starres,S,Starres falling straungely from heauen. 705.50
Stephanus,person,0.85,1,Stephanus,S,Stephanus cited. 4.7
Stephen,person,0.96,25,Stephen,S,Stephen Abbot of Glastenburie. 135.45
Stephen Archbishoppe of Canterburie,person,0.97,1,Stephen Archbishoppe of Canterburie,S,Stephen Archbishoppe of Canterburie dyeth 631.6
Stephen Langton,person,0.97,1,Stephen Langton,S,"Stephen Langton Archbishop of Canterburie, a moouer of dissention agaynst king Iohn. 586.67."
Sterling Castell,place,0.87,1,Sterling Castell,S,Sterling Castell gaged to the King of Englande. 439.41.
Steterus,person,0.91,1,Steterus,S,Steterus King of Albania. 22.91
Stewarde Henrie,person,0.97,1,Stewarde Henrie,S,"Stewarde Henrie Lorde Darley, maryeth Mary the Queene of scottes. 1835.20. is murthered. 1837."
Stewarde Mathew Erle of Lennox,person,0.97,1,Stewarde Mathew Erle of Lennox,S,Stewarde Mathew Erle of Lennox goeth intoo scotlande. 1846.18
Stewes,uncertain,0.2,1,Stewes,S,Stewes suppressed. 1067.12.
Stiermarke,uncertain,0.2,1,Stiermarke,S,Stiermarke called Valeria. 105.7
Stigande,person,0.9,8,Stigande,S,Stigande fleeth into scotlande. 303.22
Stilico,person,0.63,1,Stilico,S,"Stilico, son in law to Honorius. 107.19"
Stillington,person,0.81,1,Stillington,S,Stillington Doctor. pag. 1349.
Stirpiney Castell,place,0.97,1,Stirpiney Castell,S,Stirpiney Castell burnt. 385.39.
Stodham william,person,0.97,1,Stodham william,S,Stodham william knight. 595.29.
Stomacking,uncertain,0.2,1,Stomacking,S,"Stomacking betweene the Clergie of the prouinces of Canterburie & Yorke, aboute the Metropolitane prerogatiue. 348.77"
Stone Abbey,place,0.95,1,Stone Abbey,S,Stone Abbey buylded. 277 31.
Stonhenge,place,0.84,1,Stonhenge,S,"Stonhenge vpon the plain of Salisburie, wherefore there erected. 123.27"
Store riuer,place,0.95,1,Store riuer,S,Store riuer. 19.58
Storie Iohn,person,0.97,1,Storie Iohn,S,Storie Iohn Doctor executed. 1858.54
Stow Iohn,person,0.97,1,Stow Iohn,S,Stow Iohn cited. 560.5
Strabo,person,0.85,1,Strabo,S,Strabo cited. 4.7. and. 47. 17.
Stradluid,uncertain,0.2,1,Stradluid,S,Stradluid. 276.41
Strangbow Richard,person,0.94,4,Strangbow Richard,S,"Strangbow Richard pardoned, restored, and ordeyned high stewarde of Ireland. 419.31"
Strangbow Richarde,person,0.9,2,Strangbow Richarde,S,Strangbow Richarde dyeth. 444.74
Strangbowe Rycharde,person,0.92,1,Strangbowe Rycharde,S,"Strangbowe Rycharde, through rebellion and riot, forfeyteth his lands and runneth intoo debt. 418.76."
Strangwers Thomas,person,0.97,1,Strangwers Thomas,S,"Strangwers Thomas, knight. 1448.50"
Stratforde Iohn,person,0.97,1,Stratforde Iohn,S,"Stratforde Iohn, made Archbishop of Canterburie. 896.32. b. writeth to the king. 913.40. a refuseth too come too the Court. 913.30. b. dieth. 943.50. b."
Straunge,person,0.41,6,Straunge,S,Straunge wonders at the time that the Brytaines reuolted from the Romanes. 60.109
Straw Iack,person,0.97,1,Straw Iack,S,"Straw Iack, alias Iohn Tiler captaine of rebels. 1024.40. b."
Strawe Iacke,person,0.97,1,Strawe Iacke,S,Strawe Iacke executed. 1032.46. b.
Strawes Iacke,person,0.97,1,Strawes Iacke,S,Strawes Iacke confession at his death. 1036.30. a
Streaneshall,place,0.88,1,Streaneshall,S,Streaneshall nowe called whithy. 179.<?>1
Streaneshall Monasterie,place,0.95,1,Streaneshall Monasterie,S,Streaneshall Monasterie buylded. 17<?>.82
Streneshall,place,0.7,1,Streneshall,S,"Streneshall, or Trentsall Abbey builded. 208.10"
Strenwolde,person,0.91,1,Strenwolde,S,Strenwolde slaine by the Danes. 239
Striuelin Abbay,place,0.95,1,Striuelin Abbay,S,Striuelin Abbay in scotlande builded. 203.22
Striuelin Castell,place,0.94,2,Striuelin Castell,S,Striuelin Castell left void 821.50. a. besieged. 839.45. b.
Strowde,place,0.68,1,Strowde,S,"Strowde men in Kent, reprochfully cut off Archbishop Thomas Becket his horse tayle. 415.56"
Stuffe,uncertain,0.2,1,Stuffe,S,"Stuffe and wightgar, arriue at Certicestshore, & ouerthrow the Britains. 130.44."
Sture,place,0.86,1,Sture,S,"Sture, a riuer. 17.31"
Sture riuer,place,0.95,1,Sture riuer,S,Sture riuer. 215.53
Sturton,person,0.93,1,Sturton,S,Sturton Lord hanged for murther. 1766.20
Stutesburie,uncertain,0.45,1,Stutesburie,S,"Stutesburie, or Sterdesburie Castell, made plain with the ground. 445.20"
Stuteuile William,person,0.95,2,Stuteuile William | Stuteuile william,S,"Stuteuile william, made keeper of Topclife Castell. 433.35"
Suale riuer,place,0.95,1,Suale riuer,S,Suale riuer. 148.48
Suardus,uncertain,0.45,1,Suardus,S,"Suardus, or Gunhardus, a great Duke in France 22.51."
Subdeacons,uncertain,0.2,2,Subdeacons,S,Subdeacons to liue chastly. 347.53
Sudburie Adam,person,0.91,1,Sudburie Adam,S,Sudburie Adam Abbot of Ierueux put too death. 1570.14.
Sudburie hill,place,0.62,1,Sudburie hill,S,Sudburie hill. pag. 1337. col. 1. lin. 15.
Suetonius,person,0.94,1,Suetonius,S,Suetonius cited. 48.55. & 51.61.
Suffolke,place,0.46,2,Suffolke,S,Suffolke spoyled by the Danes. 245.53
Suidhelme,person,0.3,2,Suidhelme,S,Suidhelme succeedeth Sigibert in the kingdom of the Eastsaxons. 174.90
Sullemny Gilbert,person,0.84,1,Sullemny Gilbert,S,"Sullemny Gilbert, drowned in a tempest. 411.95"
Sunne,uncertain,0.3,3,Sunne,S,Sunne suffreth a great Eclipse. 192.86
Sunnes,uncertain,0.2,1,Sunnes,S,Sunnes twaine appeare at one time. 541.89
Surrey,uncertain,0.45,1,Surrey,S,Surrey Duke Marshall of Englande. 1099.18. a
Sussex,place,0.88,2,Sussex,S,Sussex wasted by the Danes. 240.73. and 245.4
Suthune,person,0.91,1,Suthune,S,"Suthune, bishop of winchester. 206.56"
Sutton Edwarde,person,0.97,1,Sutton Edwarde,S,Sutton Edwarde knight. 1450.16.
Sutton william,person,0.97,1,Sutton william,S,"Sutton william Doctor, 1443.41."
Swaben,person,0.84,1,Swaben,S,"Swaben Duke Henrie came to king Iohn from the Emperor Otho, and returneth againe. <?>67.40"
Swain,person,0.97,1,Swain,S,"Swain dieth of a colde by iourneying, but as other say, was slaine by sarasins. 273.111"
Swaine,person,0.94,6,Swaine,S,Swaine returneth and is pardoned. 270.22
Swainwicke,uncertain,0.2,1,Swainwicke,S,Swainwicke 212.50
Swale riuer,place,0.95,1,Swale riuer,S,Swale riuer. 162.13
Swanescombe,place,0.81,1,Swanescombe,S,Swanescombe. 292.50
Swanus,person,0.97,14,Swanus,S,"Swanus besiegeth London, and is repulsed. 247.96"
Swarde Martine,person,0.97,1,Swarde Martine,S,"Swarde Martine an Almaine, and Colonell of two thousand Almains, landeth at Sowdrey. 1430.50. his valour and strength. ibid. is slaine. 1431.44."
Swarde Richarde,person,0.97,1,Swarde Richarde,S,"Swarde Richarde an outlaw, spoyleth the possessions of the Earle of Cornwall. 644.55"
Swedeners,uncertain,0.45,2,Swedeners,S,"Swedeners, by the English people, called by the name of Danes. 215.15"
Swineshed Abbey in Lincolnshire,place,0.95,1,Swineshed Abbey in Lincolnshire,S,Swineshed Abbey in Lincolnshire. 605.41
Swithed,uncertain,0.43,3,Swithed,S,"Swithed, or Swithred succeedeth Selred in the kingdome of the Eastsaxons. 197.41"
Tacitus,person,0.85,1,Tacitus,T,Tacitus cited. 4.77. and 51.26. and. 52.58. and. 69 14.
Tacuinus,person,0.91,1,Tacuinus,T,Tacuinus ordeyned Archbishop of Canterburie. 191.103.
Tacuinus Archb. of Canterburie,person,0.91,1,Tacuinus Archb. of Canterburie,T,Tacuinus Archb. of Canterburie dieth. 193.27
Tadcaster,place,0.81,1,Tadcaster,T,Tadcaster a town .1820.40
Tay riuer,place,0.95,1,Tay riuer,T,Tay riuer. 69.88
Tailbourgh fortresse,place,0.97,1,Tailbourgh fortresse,T,Tailbourgh fortresse subdued. 4<?>3.90
Tailleux william,person,0.97,1,Tailleux william,T,"Tailleux william, a Chronicler of Normandie cyted. 293.60"
Talbot George,person,0.97,5,Talbot George,T,"Talbot George Earle of Shrewsburie, Lieutenaunt Generall of the north partes. 1522.52"
Talbot Gilbert,person,0.97,2,Talbot Gilbert | Talbot Gylbert,T,"Talbot Gylbert Knight, Ambassador to the Pope. 1461.19."
Talbot Humfrey,person,0.97,1,Talbot Humfrey,T,"Talbot Humfrey knight, Marshall of Calais, sent into Flaunders. 1435.50"
Talbot william,person,0.94,1,Talbot william,T,"Talbot william, defendeth Hereforde in the ryght of Mawd the Empres. 368.74."
Tale,person,0.84,1,Tale,T,Tale howe Swanus was slaine with Saint Edmonds knife. 249.87
Tale of King Arthure,person,0.97,1,Tale of King Arthure,T,"Tale of King Arthure, conueyed awaye by Fairies. 136.20"
Taluan,person,0.93,1,Taluan,T,Taluan Earle of Sagium deliuereth certaine Castels to King Henrie the seconde. 410.3
Tame,uncertain,0.45,1,Tame,T,"Tame foules flie too the woods, and become wild. 314.30."
Tame Robert,person,0.97,1,Tame Robert,T,"Tame Robert Knight, 1450.14."
Tamer riuer,place,0.97,2,Tamer Riuer | Tamer riuer,T,"Tamer Riuer, a confine betweene the Englishmen and Cornishmen. 226.103."
Tamworth towne,place,0.95,1,Tamworth towne,T,Tamworth towne. 1416.57.
Tancred,person,0.96,1,Tancred,T,Tancred elected King of Sicill. 480.104
Tancrede,person,0.81,1,Tancrede,T,Tancrede concludeth an affinitie and league with King Richarde the first. 488.150.
Tankeruile,uncertain,0.45,2,Tankeruile,T,Tankeruile yeelded to the Lorde Talbot. pag. 1262. col. 1. lin. 34.
Tankeruile william,person,0.83,1,Tankeruile william,T,"Tankeruile william, chãberleyne and Lieutenant to King Henrie the first. 359.70."
Tarapha,person,0.85,1,Tarapha,T,Tarapha cited. 1.97
Tearme,uncertain,0.2,1,Tearme,T,Tearme adiourned to saint Albons. 1591.18
Tearme of Trinitie,uncertain,0.2,1,Tearme of Trinitie,T,Tearme of Trinitie adiourned by reason of the warres. 1601.40
Tearmes,uncertain,0.45,1,Tearmes,T,Tearmes ordeyned to bee kept foure tymes in a yeare. 303.40
Tedder Iasper,person,0.97,1,Tedder Iasper,T,"Tedder Iasper, Earle of Pembroke created duke of Bedford. 1426.33. vncle to K. Henrie the .vij. ibid. sent with a power to represse the insurrection of the Lord Louell and others. 1427.4<?>. the which hee doth with effect. 1428.10. sent with a power against the counterfeit Erle of warwike 1430. disconfiteth the army of the counterfeyte. 1431.30."
Temnesford castell,place,0.88,1,Temnesford castell,T,Temnesford castell builded and destroyed. 222.85
Tempest Nicholas,person,0.97,1,Tempest Nicholas,T,Tempest Nicholas put to death. 1570.12
Temple,place,0.94,1,Temple,T,"Temple of peace, nowe Blackwell hall in London builded. 23.16"
Temple of Claudius,place,0.85,1,Temple of Claudius,T,Temple of Claudius and Victoria builded. 54.45
Templers,uncertain,0.45,1,Templers,T,Templers sent from Pandolfe the Popes Legate in Fraunce too King Iohn. 574.83
Temples,place,0.81,1,Temples,T,Temples builded in Brytain by Cunedagius. <?>.40
Tenantius,uncertain,0.2,1,Tenantius,T,Tenantius looke Theomantius.
Tenchard Thomas,person,0.97,1,Tenchard Thomas,T,Tenchard Thomas knight causeth the Archduke to stay. 1459.17
Tenerchbray Castel,place,0.97,1,Tenerchbray Castel,T,Tenerchbray Castel besieged. 345.<?>3
Tenham,uncertain,0.45,1,Tenham,T,Tenham spoiled by the erle of Albemarle. 618.40
Tenpest,uncertain,0.2,1,Tenpest,T,Tenpest of winds. 89<?>.16. b
Tenplers,uncertain,0.2,1,Tenplers,T,Tenplers apprehended. 448 32. a. their lands giuen to the hospitalere. 874.26. a
Terre,uncertain,0.2,1,Terre,T,"Terre filius, howe to bee vnderstoode. 6.9<?>"
Terrouan,place,0.91,1,Terrouan,T,Terrouan besieged and won. 937.43. b
Tertullian,person,0.85,1,Tertullian,T,Tertullian cited. 53.28
Terwin,place,0.84,1,Terwin,T,Terwin rased. 1485.28
Tesra,uncertain,0.2,1,Tesra,T,Tesra williã prohibited to gather money. 844.43. a
Teuide riuer,place,0.95,1,Teuide riuer,T,Teuide riuer. 55.63
Teukesburie,place,0.81,1,Teukesburie,T,Teukesburie 1337.52. field 1338.30.
Textor Rauisius,uncertain,0.2,1,Textor Rauisius,T,Textor Rauisius cyted. 2.105. and 5.27.
"Thamar, an Englishman",person,0.97,1,"Thamar, an Englishman",T,"Thamar, an Englishman, ordeined Bishop of Rochester. 170.36"
Thames,place,0.83,6,Thames,T,Thames frozen ye men passe ouer on horsebacke. 761.12. and .780.37.
Thamworth town,place,0.95,1,Thamworth town,T,Thamworth town. 222.37
Theadford towne,place,0.95,1,Theadford towne,T,Theadford towne. 230.9
Theime,uncertain,0.2,1,Theime,T,"Theime tol graunted to K. Richard the first, 571.52"
Theisedale,place,0.89,1,Theisedale,T,Theisedale wasted by the Scottes. <?>06.115
Theobald,person,0.97,2,Theobald,T,Theobald Earle of Bloys maketh attonement betwene the kings of Eng+land & France. 412.107
Theobald Archb,person,0.97,1,Theobald Archb,T,Theobald Archb. constrayned by the king to depart the realme. 382
Theobald Archb. of Canterburie,person,0.93,1,Theobald Archb. of Canterburie,T,"Theobald Archb. of Canterburie, departeth ouer sea without licence of the king. 382.1<?>"
Theobald Erle of Champaigne,person,0.97,1,Theobald Erle of Champaigne,T,Theobald Erle of Champaigne maketh war vpon the Frenchmen. 354.108
Theobalde,person,0.97,3,Theobalde,T,"Theobalde Abbot of Bechelloum, sacred Archbishop of Canterb. 371.2<?>"
Theodbaldus,person,0.97,1,Theodbaldus,T,Theodbaldus brother too Egelfred slaine. 153.44
Theodora,person,0.82,1,Theodora,T,"Theodora, daughter in law to Herculeus Maximianus, maryed to Constantius. 89.30"
Theodore,person,0.95,2,Theodore,T,Theodore first acknowled<?>ged to bee reimate of all England. 122.38
Theodore Archb,person,0.77,1,Theodore Archb,T,Theodore Archb. excellent well learned. 178.85
Theodore Archb. of Canterburie,person,0.97,1,Theodore Archb. of Canterburie,T,Theodore Archb. of Canterburie dieth. 187.26
Theodoretus,person,0.85,1,Theodoretus,T,Theodoretus cited. 53.21. and. 90.48.
Theodorus Erle of Flanders,person,0.93,2,Theodorus Erle of Flanders,T,Theodorus Erle of Flanders. 395.33
Theodosius,person,0.61,7,Theodosius,T,Theodosius the yonger Emperor. 125.51
Theomantius,person,0.97,2,Theomantius,T,"Theomantius dyeth, and is buried at London. 45 106"
Theophilactus,person,0.94,1,Theophilactus,T,"Theophilactus Bishop of Euder to, sent Legate from Pope Adrian into England, 198.6<?>"
Theophilus,person,0.97,1,Theophilus,T,Theophilus cited. 2.10. and 4.70.
Thetford,uncertain,0.45,1,Thetford,T,Thetford taken and burnt by the Danes. 243.7<?>. and. <?>45.50
Thetford sea,place,0.95,1,Thetford sea,T,Thetford sea remoued too Norwich. 333.78
Thetforde,person,0.8,1,Thetforde,T,Thetforde taken by the Danes. 211.20
Theeues,person,0.84,1,Theeues,T,Theeues ordeyned too bee hanged to death. 363.107
Theuet Andrewe,person,0.9,1,Theuet Andrewe,T,Theuet Andrewe cyted. 15.2
Thira,person,0.85,1,Thira,T,Thira sister too king Hardicnute. 269.34
Thirlbie,person,0.94,1,Thirlbie,T,"Thirlbie Bishop of Elie, sent Ambassador vntoo Rome. 1763.40"
Thistleworth manor,place,0.97,1,Thistleworth manor,T,Thistleworth manor spoiled. 766.6
Tho,person,0.97,1,Tho,T,Tho. lord Stanley wounded. pa. 1375. col. 1. lin <?>
Tho. Burselier Archdi. of Cant,person,0.97,1,Tho. Burselier Archdi. of Cant,T,Tho. Burselier Archdi. of Cant. pa. 1290 col. 2. lin. 4
Tho. Haward,person,0.97,1,Tho. Haward,T,Tho. Haward knight created Erle of Surrey pag. 1386. co. 2. lin. <?>5. pa. 1415 co 2. li. 27. p. 147. c <?> 1415
Tho. Rotheram Archb. of Yorke,person,0.97,1,Tho. Rotheram Archb. of Yorke,T,Tho. Rotheram Archb. of Yorke. pag. 1387. co. 1. li. 7 pag. 1410. col. 2. lin. 48
Tholmeley Roger,person,0.97,1,Tholmeley Roger,C,"Tholmeley Roger knight, is one of the kinges Executors. 1611.50. is excepted out of the generall pardons, why. 1722.1."
Tholous,place,0.8,1,Tholous,T,Tholous erledom engaged and forfeited to Reimond erle of S. Giles. 398.77
Tholous countrey,place,0.92,1,Tholous countrey,T,Tholous countrey spoyled by king Henrie the second. 199.33
Tholous Earledome,uncertain,0.45,1,Tholous Earledome,T,"Tholous Earledome giuen in dowery with Constance, to Eustace sonne to king Stephen. 398.96"
Thom,person,0.96,9,Thom,T,"Thom. Gray knight, marques Dorset. 1316. col 2 lin. 29"
Thom. Bourchier,person,0.96,1,Thom. Bourchier,T,"Thom. Bourchier knight, pa. 1415. col. 2. lin. 39. pa. <?> col. 1. lin. 22."
Thom. Erpingham,person,0.97,1,Thom. Erpingham,T,Thom. Erpingham knight Lord great chamberlain. pa. 1119. col. 2. lin 34.
Thom. Eudouham,person,0.97,1,Thom. Eudouham,T,Thom. Eudouham knight beheaded. 1<?>. col. <?>. li. 27
Thom. Harington,person,0.96,1,Thom. Harington,T,"Thom. Harington knight, pag. 1296. col. 1. li. 1."
Thom. O<?>uill,person,0.97,1,Thom. O<?>uill,T,Thom. O<?>uill bastarde son to Th. lord Fauconbridge bringeth an armye before London pa. 1341. col. 1. li. 47.
Thom. Se<?>eger,person,0.97,1,Thom. Se<?>eger,T,"Thom. Se<?>eger knight, maryed the Dutches of Exeter, executed. pag. 1405. col. 2. lin. 5."
Thomas,person,0.97,33,Thomas,BGLPT,Thomas restored. 305.46
Thomas Aparre,person,0.97,1,Thomas Aparre,T,"Thomas Aparre slaine, 1304.5."
Thomas Archb,person,0.97,1,Thomas Archb,T,Thomas Archb. of yorke. departeth out of this trãsitorie life. 341.115
Thomas Archbishoppe of Yorke,person,0.97,1,Thomas Archbishoppe of Yorke,T,Thomas Archbishoppe of Yorke. 336.55
Thomas Arundell,person,0.97,1,Thomas Arundell,T,Thomas Arundell knight pag. 1402. col. 2. lin. 22.
Thomas Beauchamp,person,0.97,3,Thomas Beauchamp,BT,Thomas Beauchamp erle of warwike. pag. 1119. col. 2. lin. 43.
Thomas Bradwedin,person,0.97,1,Thomas Bradwedin,B,Thomas Bradwedin made Archbyshop of Canterburie 943.55. b.
Thomas Chanon of Bayeux,person,0.97,1,Thomas Chanon of Bayeux,T,"Thomas Chanon of Bayeux, made Archbishop of Yorke. 305.11"
Thomas Coniers,person,0.97,1,Thomas Coniers,T,Thomas Coniers recorder of Yorke. 1328.48
Thomas Corbrige,person,0.97,1,Thomas Corbrige,C,Thomas Corbrige made Archbyshop of Yorke. 835.1. b. dyeth. 840.37. a.
Thomas de Laund,person,0.97,1,Thomas de Laund,T,Thomas de Laund knight taken. 1322.38
Thomas Dimocke,person,0.95,2,Thomas Dimocke,T,Thomas Dimocke champion at Coronation pag. 1120. col. 1. lin. 44.
Thomas Dogworth,person,0.97,1,Thomas Dogworth,D,Thomas Dogworth knight discomfiteth Frenchmen at Roche Darsen. 940.54. b. he is slaine. 946.13. a.
Thomas Dutton,person,0.97,1,Thomas Dutton,T,Thomas Dutton. pa. 1295 col. 1. lin. 56.
Thomas Erle of Salisburie,person,0.97,1,Thomas Erle of Salisburie,T,Thomas Erle of Salisburie slaine. 1240. col. <?> lin. 3
Thomas Fitz william,person,0.97,1,Thomas Fitz william,T,Thomas Fitz william recorder of London. pag. 1383. col. 1. lin. 14.
Thomas Gargraue,person,0.97,1,Thomas Gargraue,T,"Thomas Gargraue slaine, 1240. col. 1. lin. 7."
Thomas Holand,person,0.97,1,Thomas Holand,H,Thomas Holand created Duke of Surrey 1097.30. b.
Thomas Husey,person,0.97,1,Thomas Husey,T,Thomas Husey knight. 1314. col. 2. lin. 26. beheaded. 1315. col 1. lin. 1.
Thomas Hutton,person,0.97,1,Thomas Hutton,T,Thomas Hutton Ambassador from king Richard the third into Britain pa. 1401. col. 1. lin. 8.
Thomas Kitiel,person,0.97,1,Thomas Kitiel,T,Thomas Kitiel knight pa. 1276. col. 1. lin. 23. beheaded. pa. 135. col. 2. lin. 4.
Thomas Louell,person,0.97,1,Thomas Louell,T,Thomas Louell knight. pag. 1401. col. 2. lin. 40.
Thomas Molineux,person,0.97,1,Thomas Molineux,M,Thomas Molineux slaine. 1068.3. a
Thomas Mountgomerie,person,0.97,1,Thomas Mountgomerie,T,Thomas Mountgomerie knight. pa. 13<?>9. co. 1. li. 17
Thomas Mowbrey,person,0.97,4,Thomas Mowbrey,MT,Thomas Mowbrey duke of Norffolk died at Venice. pa. 1125. co. 2. lin. 53
Thomas of Brotherton,person,0.97,1,Thomas of Brotherton,B,Thomas of Brotherton borne. 835.45. b.
Thomas of VVodstocke,person,0.97,2,Thomas of VVodstocke | Thomas of VVoodstocke,W,Thomas of VVoodstocke created Earle of Buckingham. 1050.2. b
Thomas Rainston,person,0.97,1,Thomas Rainston,T,Thomas Rainston knight taken by French. pa. 1152 col. 1. lin. 43. drowned. pag. ibid. col. 2. lin. 55.
Thomas Robert,person,0.97,1,Thomas Robert,T,"Thomas Robert, maister Gunner of Englãd slain. 1835.42. and, 1872.37"
Thomas Rosselin,person,0.97,1,Thomas Rosselin,R,Thomas Rosselin knight slayne. 499.51. a.
Thomas Rotheram,person,0.97,1,Thomas Rotheram,T,Thomas Rotheram archbishop of York. pag. <?>45. col. 1. lin. 54.
Thomas Southwel,person,0.97,1,Thomas Southwel,T,Thomas Southwel priest 1262. co. 1. li. 55. co. 2. li. 14
Thomas Stafforde,person,0.97,1,Thomas Stafforde,T,Thomas Stafforde. 1422 24.
Thomas Vaughan,person,0.97,1,Thomas Vaughan,T,Thomas Vaughan knight beheaded at Pomfroc. pa. 1362. col. 1. lin. 36.
Thomas william,person,0.97,1,Thomas william,T,Thomas william executed 1755.30
Thorne william,person,0.97,1,Thorne william,T,"Thorne william cited, and what time hee liued. 299 48."
Thorney,place,0.88,1,Thorney,T,"Thorney, and why so called. 75.41"
Thorney Abbey,place,0.95,1,Thorney Abbey,T,Thorney Abbey establyshed. 234.9
Thorsbye Iohn,person,0.97,1,Thorsbye Iohn,T,Thorsbye Iohn made Archb. of Yorke. 944.1. a
Three,person,0.9,2,Three,T,"Three horses slaine vnder duke william of Normãdie, in the battaile at Hasting. 287.28"
Throckmerton Iohn,person,0.97,1,Throckmerton Iohn,T,Throckmerton Iohn <?> for a rebell. <?>
Throckmerton Nicholas,person,0.97,1,Throckmerton Nicholas,T,"Throckmerton Nicholas Knight, arreigned and acquited. 1727.42 the order of his arraigment set forth at large ibid."
Throckmorton,person,0.86,1,Throckmorton,T,Throckmorton executed for treason. 1766.<?>
Thrustain,person,0.81,2,Thrustain,T,"Thrustain contendeth with Raufe Archbishoppe of Canterburie, aboute the right and title of the Primacie. 352.12"
Thrustan,person,0.86,1,Thrustan,T,Thrustan made lieutenant of the north parts. 369.2<?>
Thrustane,person,0.82,2,Thrustane,T,Thrustane restored vntoo his Archbishoprike vpon condition. 358.44
Thunnir,place,0.85,1,Thunnir,T,Thunnir a cruell murtherer in Kent. 180.102
Thurst william,person,0.97,1,Thurst william,T,Thurst william Abbot of Fountaines put to death. 1<?>76.13.
Thurstane,person,0.85,3,Thurstane,T,"Thurstane restored againe by king Rufus, for money. 313.33"
Thwaites,person,0.93,1,Thwaites,T,Thwaites his valor. 1522 30.
Thwaites Thom,person,0.97,1,Thwaites Thom,T,"Thwaites Thom. knight, 1443.38."
Tickhill Castell,place,0.92,1,Tickhill Castell,T,Tickhill Castell fortified agaynst king Henrie the first. 339.62
Tileburg vpon Thames,uncertain,0.2,1,Tileburg vpon Thames,T,"Tileburg vpon Thames, 174.46."
Til<?>ey Abbey,place,0.97,1,Til<?>ey Abbey,T,Til<?>ey Abbey founded. 394.25
Tiler wat,person,0.97,1,Tiler wat,T,Tiler wat slain. 1029.1. a
Tileres Gilbert,person,0.89,1,Tileres Gilbert,T,Tileres Gilbert owner of Danuile Castel. 428.88
Tilwall towne,place,0.87,1,Tilwall towne,T,Tilwall towne builded. 222.75.
Timagines,person,0.84,1,Timagines,T,Timagines first bringeth the Greke letters fron the Druides to Athens. 3.80
Tindall william,person,0.75,1,Tindall william,T,"Tindall william burned, 1764.26. his byrth and workes. ibid."
Tine riuer,place,0.97,3,Tine riuer,T,Tine riuer. 302.61
Tineas,person,0.91,1,Tineas,T,Tineas king of Babilon. 15.39
Tinemouth,uncertain,0.2,1,Tinemouth,T,Tinemouth. 202.45
Tinninghã,place,0.8,1,Tinninghã,T,Tinninghã burnt. 227.73
Tinmouth,place,0.86,1,Tinmouth,T,Tinmouth. 325.12
Tinmouth Castell,place,0.79,1,Tinmouth Castell,T,Tinmouth Castell taken by King william Rufus 326.5
Tirrel Iames,person,0.97,2,Tirell Iames | Tirrel Iames,T,Tirell Iames knight attainted & beheded. 1457.40
Tirrell walter,person,0.97,2,Tirrell walter,T,"Tirrell walter a Frenche knight, sleaeth K. williã with an arrow. 334.39"
Tithes,place,0.85,1,Tithes,T,"Tithes too bee payed too Churches in Irelande, 420.108"
Tithings,place,0.85,1,Tithings,T,"Tithings and hundreds, first deuised in England, and why. 217"
Titus,person,0.97,1,Titus,T,Titus Emperor of Rome dieth. 73.44
Titus Liuius,person,0.85,1,Titus Liuius,T,Titus Liuius cited. 27.70
Togodummus,person,0.87,1,Togodummus,T,"Togodummus, son to Cynobellitius vanquished. 49.6."
Tonneys Iohn,person,0.97,1,Tonneys Iohn,T,Tonneys Iohn. 1461.47
Tong,place,0.85,1,Tong,T,Tong a place in Kent .126.26.
Tonque Castell,place,0.97,1,Tonque Castell,T,Tonque Castell besieged by Henry ye fifth pa. 1187 col. 1. li. 57. yelded. co. 2. li. 3
Tonstall,person,0.88,1,Tonstall,T,Tonstall doctor maister of the Rolles. 1506.10
Tonstal Cathbert,person,0.91,1,Tonstal Cathbert,T,"Tonstal Cathbert Bishop of Duresme, one of the executors of the will of king Henrie the eight, and of the Counsaylers assigned vnto his f<?>e. 1611.40."
Tonstall Richarde,person,0.97,1,Tonstall Richarde,T,Tonstall Richarde knight. 1435.30.
Topelife Castell,place,0.97,1,Topelife Castell,T,Topelife Castell fortified. 433.35.
Torksey,place,0.9,2,Torksey,T,Torksey in Linsey. 212 14
Tormace,uncertain,0.2,1,Tormace,T,"Tormace, loke Theomantius."
Tosty,person,0.35,2,Tosty,T,"Tosty fleeing out of Scotland into Norway, perswadeth k Harold Harfager to make a conquest of England. 284.35"
Tostie,person,0.94,7,Tostie,T,Tostie made Erle of Northumberland. 276.74
Tottenhall battaile,place,0.95,1,Tottenhall battaile,T,"Tottenhall battaile, fought by the Englishmen against the Danes. 221.63"
Touceter towne,place,0.97,1,Touceter towne,T,Touceter towne repayred. 222.81.
Touracy,uncertain,0.45,1,Touracy,T,Touracy yeelded vnto King Henrye. 1487.2. sworne true vnto the K. 1487.22
Tourney,place,0.9,3,Tourney,T,Tourney besieged by king Edwarde the thirde. 910. 27. b. siege rased. 912.9. b
Tower of London,place,0.95,9,Tower of London,T,Tower of London buylded. 28.8
Townes in Fraunce,person,0.23,3,Townes in Fraunce,T,Townes in Fraunce taken by the English armie. 930.7. a
Towton field,place,0.95,1,Towton field,T,Towton field. 1311. c. 2. l. 9
Tracy William,person,0.91,1,Tracy William,T,Tracy William Knight. throwne downe too the grounde by Archbishop Thomas Becket. 416.85
Tracie William,person,0.97,1,Tracie William,T,Tracie William Knight. 415.61.
Trahern,person,0.4,2,Trahern,T,"Trahern one of Helen the Empresse vncles, sent wt an army into Brytain against Octauius. 92.103"
Traherne,person,0.93,1,Traherne,T,Traherne slaine by treason 93.16.
Treacherie of Philip,person,0.97,1,Treacherie of Philip,T,"Treacherie of Philip king of Fraunce, towarde Richarde the firste king of Englande, vpon the way towardes the holy lande. 490.74."
Treasure,place,0.84,1,Treasure,T,"Treasure in Holt Castell, 1108.5<?>. b"
Trebellius,person,0.62,4,Trebellius,T,Trebellius Maximus hũbleth himself to his souldiours. 66 38
Trebonius,person,0.81,1,Trebonius,T,Trebonius gyueth the Brytains an ouerthrow 41.102.
Tremarle Thomas,person,0.97,1,Tremarle Thomas,T,Tremarle Thomas knight 1450.16.
Trenchard Thomas,person,0.97,1,Trenchard Thomas,T,Trenchard Thomas knight 1450.41.
Trenchuile William,person,0.97,1,Trenchuile William,T,Trenchuile William Lord a man of greate power. 399.12.
Trent riuer,place,0.85,1,Trent riuer,T,Trent riuer runneth backwarde. 351.36
Tressham,person,0.9,1,Tressham,T,The Tressham knight beheaded. pa. 1340. co. 2. li. 21
Tresham Thomas,person,0.84,1,Tresham Thomas,T,Tresham Thomas knight instituted Lord of Saint Iohns of Ierusalem in England. 1769.48
Treske Castel,place,0.87,1,Treske Castel,T,Treske Castel deliuered to king Henrie the seconde. 436.30.
Trimare,uncertain,0.2,1,Trimare,T,"Trimare, a Celtike word. 4.104."
Trinitie Church in Irelande,place,0.86,1,Trinitie Church in Irelande,T,Trinitie Church in Irelande made the Metropolitane. 386.38
Triphon,uncertain,0.45,1,Triphon,T,Triphon slain by Hercules in Egypt. 5.106
Troians,group,0.85,2,Troians,T,Troians besieged in theyr campe by the Gaules. 14.52.
Troinouantes,uncertain,0.45,1,Troinouantes,T,Troinouantes where they inhabited. 42.53
Trou<?>onal,uncertain,0.45,1,Trou<?>onal,T,Trou<?>onal or Troinewith builded. 16.1<?>
Trow town,place,0.97,1,Trow town,T,Trow town burned. 468. line. 12
Trubleuile Henrie,person,0.97,1,Trubleuile Henrie,T,Trubleuile Henrie a worthie captaine. 653.68
Trumhere,person,0.81,1,Trumhere,T,Trumhere thirde Bishop of Mercia. 176.22
Trumnine,uncertain,0.2,1,Trumnine,T,Trumnine ordeyned Pastour of the Pictes. 182.27.
Trutulensis hauen,place,0.95,1,Trutulensis hauen,T,Trutulensis hauen. 73.41
Tuda,person,0.97,1,Tuda,T,Tuda dyeth. 1774.8
Tu<?>e Brian,person,0.97,1,Tu<?>e Brian,T,Tu<?>e Brian cited. 4.74
Tully,person,0.85,1,Tully,T,Tully cited. 2.109. and .3. line. 7<?>
Tumbart,person,0.91,1,Tumbart,T,Tumbart ordeyned Byshop of Hagunald. 182.29
Tunbridge Castell,place,0.91,3,Tunbridge Castel | Tunbridge Castell,T,Tunbridge Castell yeelded to Kyng William Rufus. 319.51
Tunstall Cuthbert,person,0.97,2,Tunstall Cuthbert,T,Tunstall Cuthbert made B. of Duresme. 1553.41
Turberuils,person,0.84,1,Turberuils,T,Turberuils treason. 813.40. b. executed. 814.30. b
Turburie Castell,place,0.82,1,Turburie Castell,T,Turburie Castell ouerthrowen and defaced. 767.22
Turgusius,person,0.95,1,Turgusius,T,"Turgusius, brother to Gurmundus King of the Affricanes. 144.2"
Turinus,person,0.84,1,Turinus,T,"Turinus, Nephewe to Brute slayne. 14.75"
Turkell,person,0.88,10,Turkel | Turkell,T,Turkell made gouernour of East angle. 259.11
Turketell Mirenchened,uncertain,0.45,1,Turketell Mirenchened,T,"Turketell Mirenchened his treason, in fleeing to the Danes. 245.45"
Turketellus,uncertain,0.2,1,Turketellus,T,Turketellus a leader of the Danish army against King William. 302.23
Turketillus,uncertain,0.45,1,Turketillus,T,"Turketillus a Danishe Earle, subdued by Kyng Edwarde. 221.47"
Turnamentes,uncertain,0.2,1,Turnamentes,T,Turnamentes forbidden. 838.3. b
Turneham Robert,person,0.97,1,Turneham Robert,T,Turneham Robert taken prisoner by the Frenche King. 562.15
Turneham Robert Lieutenance,person,0.97,1,Turneham Robert Lieutenance,T,Turneham Robert Lieutenance to King Iohn. 560.11
Turneham Roberte,person,0.97,1,Turneham Roberte,T,Turneham Roberte. 542. line. 22
Turneham Stephan,person,0.97,1,Turneham Stephan,T,Turneham Stephan conmitted to prison 474.21
Turold Erle,person,0.93,1,Turold Erle,T,Turold Erle sent against the Danes. 240.14.
Turstan,person,0.84,1,Turstan,T,Turstan a collector slaine. 267.24
Tutburie Castell,place,0.87,1,Tutburie Castell,T,Tutburie Castell deliuered to King Henrye the second. 436.32
Tweede Riuer,place,0.89,1,Tweede Riuer,T,Tweede Riuer at thys daye deuideth the two Realmes of Englande and Scotland. 428.7
Twichet Iames,person,0.97,1,Twichet Iames,T,Twichet Iames Lorde Ande<?>y Chiefetaine of the Cornishe Rebelles 1447.10. beheaded. eadem. 43
Twine Iohn,person,0.97,1,Twine Iohn,T,"Twine Iohn, a learned Antiquarte. 1219.72. hys diligence and wary circumspection in keeping the Citie of Caunterburie from ioining with Wyat. 1724.62"
Twing Robert,person,0.97,1,Twing Robert,T,Twing Robert a Knyght withstandeth straungers incumbents. 639.93
Twing Roberte,person,0.92,2,Twing Roberte,T,Twing Roberte restored to his patronage of Luthun in Yorkeshire. 655. line. 53
Valdoys,uncertain,0.28,3,Valdoys,V,Valdoys derogate from the grace of the sacraments. 400.33
Valdors,person,0.8,1,Valdors,V,"Valdors condemned, and slerued to death. 400.87"
Valence William,person,0.97,2,Valence William,V,Valence William Earle of Pembroke. 749.60. greate variaunce beetwixte hym and other Earles. 749.67. hee calleth the Earle of Leycester traytor. 749.71
Valencunus,uncertain,0.45,1,Valencunus,V,Valencunus moueth a rebellion in Britaine. 105. line. 17
Valenrinianus,person,0.97,1,Valenrinianus,V,"Valenrinianus elected Emperoure, admitteth Valens his brother fellowe wyth hym in the Empire. 103.62"
Valentia,place,0.84,1,Valentia,V,"Valentia, the prouince in Britaine so called. 105. line. 55"
Valentinian,person,0.9,1,Valentinian,V,Valentinian the Emperor slayne. 121.62
Valentinian Emperoure,person,0.88,1,Valentinian Emperoure,V,Valentinian Emperoure. 121.54
Valentinianus,person,0.88,2,Valentinianus,V,"Valentinianus, brother to Gratianus the Emperour. 96.15"
Valeran,person,0.97,1,Valeran,P,"Valeran Earle of Saint Paule, marryeth the kings halfe sister. 1016.11. b."
Valeria,place,0.83,1,Valeria,V,"Valeria, now called Stiermacke. 105.7"
Vandales,group,0.85,1,Vandales,V,Vandales chased & slayne by the Englishmen. 260 line. 84.
Vandosme towne,place,0.82,1,Vandosme towne,V,Vandosme towne taken by the Englishmen. 432. line. 46
Vane Raufe,person,0.93,1,Vane Raufe,V,Vane Raufe knyght committed to ye tower. 1709.31. is hanged. 1712.5
Vannes,place,0.8,1,Vannes,V,Vannes won by the Englishmen. 918.2. b
Vauconuillers Castel,place,0.93,1,Vauconuillers Castel,V,"Vauconuillers Castel besieged, and taken by the Englishe. page. 1021. col. 1. line. 58"
Vdall William,person,0.97,1,Vdall William,V,"Vdall William Knyght, counsellor to Prince Arthur. 1456.53"
Vebane,person,0.96,1,Vebane,V,"Vebane, consecrated Byshop of Glamorgan. 347. line. 14"
Vecta,person,0.92,1,Vecta,V,"Vecta, sonne to Woden. 113.17"
Vectius Volanus,person,0.91,1,Vectius Volanus,V,"Vectius Volanus, Lieutenant of Britain. 66.46"
Veduriones,uncertain,0.2,1,Veduriones,V,"Veduriones, a kynde of Pi<?>s. 104.6"
Vellocatus,person,0.86,1,Vellocatus,V,Vellocatus married Qu. Cartimandua. 58.82
Venutius,person,0.78,3,Venutius,V,Venutius becommeth enimie to the Romaines. 58.86
Vepount Robert,person,0.97,1,Vepount Robert,V,Vepount Robert. 595.71
Veer Alberike,person,0.9,2,Veer Alberike,V,Veer Alberike slayne in a tumult at London. 377. line. 103
Verannius,person,0.46,2,Verannius,V,Verannius Lieutenant of Britaine. 59.57
Vere Henry,person,0.97,1,Vere Henry,V,Vere Henry Constable of Gisors. 464.25
Vere Iohn,person,0.97,1,Vere Iohn,V,"Vere Iohn, Earle of Oxforde sente against the counterfete Earle of Warwik. 1430.1. at black heath field. 1447.1. Lord Stewarde of Englande on the arraignemente of Edward Earle of Warwike. 1454.32"
Verianianus,uncertain,0.2,1,Verianianus,V,"Verianianus and Dindimus, two breethren slain by Constans. 98.51"
Verrine,person,0.91,1,Verrine,V,Verrine Captayn of Bollogne. 1596.50
Vernon,uncertain,0.3,3,Vernon,V,"Vernon Warren, Baron of Shipbroke. 323.47"
Vernon Henrye,person,0.86,1,Vernon Henrye,V,Vernon Henrye Knighte. 1450.15
Vernon towne,place,0.76,1,Vernon towne,V,Vernon towne and Castel taken by the frenchmen. 385.51
Vernueill,place,0.82,2,Vernueill,V,"Vernueill besieged by the French King, but not taken, as some write. 429. line. 18"
Vernuel,uncertain,0.45,1,Vernuel,V,Vernuel in Perche taken by the Duke of Lancaster. 955 37. b
Verolanium,place,0.88,1,Verolanium,V,"Verolanium a towne, and where situate. 64.22"
Vertuous,uncertain,0.2,1,Vertuous,V,"Vertuous zeale of Alured, to bring his people to an honest trade of life. 218.8"
Vesie William,person,0.97,1,Vesie William,V,"Vesie William, an english Captaine. 434.26"
Vespasian,uncertain,0.37,3,Vespasian,V,Vespasian sente into Britaine with an army. 52.12
Vespasian Emperour,person,0.97,1,Vespasian Emperour,V,Vespasian Emperour dyeth. 73.44
Vespasian Emperoure of Rome,person,0.88,1,Vespasian Emperoure of Rome,V,Vespasian Emperoure of Rome. 66.63
Veuxin in Normãdy,place,0.84,1,Veuxin in Normãdy,V,Veuxin in Normãdy wasted 385.32
Vffa,uncertain,0.45,1,Vffa,V,Vffa beginner of ye kingdome of East angles. 126.84
Vffines,uncertain,0.2,1,Vffines,V,"Vffines dominion, or Vffines. 126.92"
Vicount of Melune,person,0.89,1,Vicount of Melune,V,"Vicount of Melune a French man, lying sicke at London whereof hee died, discouereth to certaine Englishe Barons the purpose of Lewes against them. 603.39"
Vidues Robert,person,0.97,1,Vidues Robert,V,Vidues Robert. 1463.1
Vies,place,0.8,1,Vies,V,Vies builded. 23.51
Vies Castell,place,0.88,1,Vies Castell,V,Vies Castell builded. 371. line. 70
Vigenius,uncertain,0.2,2,Vigenius,V,Vigenius and Peredurus conspire against Elidurus. 31.83
Vigferd,person,0.97,1,Vigferd,V,"Vigferd, Bishop of Shirbourne slayne. 204.66"
Vikillus,person,0.83,2,Vikillus,V,"Vikillus leadeth an army against the Danes, and is vanquished. 245 35"
Vilianous,uncertain,0.2,1,Vilianous,V,"Vilianous and shamefull abuses of the Romains towards Queene Voadicia, & others in Britaine. 64.77"
Vimer,person,0.46,2,Vimer,V,"Vimer Kyng of Northwales, subdued by king Adelstane. 225.22"
Viniano,person,0.64,1,Viniano,V,"Viniano Cardinal, Popes Legate in Ireland. 448. line. 24"
Viper,person,0.87,1,Viper,V,Viper a Saxon Captaine slayne. 126.30
Vision of King Edward,person,0.97,1,Vision of King Edward,V,"Vision of King Edward, touching the state of this Realme after his death. 279.100"
Vitailes,uncertain,0.45,1,Vitailes,V,Vitailes great plenty sent into Fraunce to Henry the third. 704.55
Vites,uncertain,0.2,1,Vites,V,Vites or Iutes come ouer out of Germanie into Britaine. 112.82
Vlfe,person,0.95,1,Vlfe,V,"Vlfe, Bishop of Lincolne, departeth the Realme. 274.35"
Vlfridus,person,0.97,1,Vlfridus,V,"Vlfridus, sonne to Penda succeedeth his father in the Kingdome of Mertia. 167.35"
Vlpius Marcellus,person,0.41,2,Vlpius Marcellus,V,Vlpius Marcellus sente Lieutenante into Britaine. 76.92
Vlsus,uncertain,0.45,1,Vlsus,V,"Vlsus and Aulafus, princes of Swedeners, ouerthrowen by King Cnute. 261.16"
Vulthere,person,0.93,1,Vulthere,V,"Vulthere King of Mercia, selleth the Bishopricke of London. 17<?>.77"
Vmfreyuille Odonet,uncertain,0.45,1,Vmfreyuille Odonet,V,"Vmfreyuille Odonet, an English Captaine. 434. line. 27"
Vngust,person,0.91,1,Vngust,V,"Vngust King of Pictes, and Egberte King of Northumberlande, receyue the Britains subiection. 194.63"
Vniuersall,uncertain,0.2,1,Vniuersall,V,Vniuersall murreyne of Cartaile through out al England. 361.76
Vniuersitie Colledge,place,0.97,1,Vniuersitie Colledge,V,Vniuersitie Colledge in Oxford founded. 312.58
Vniuersitie of Cambridge more,place,0.8,1,Vniuersitie of Cambridge more,V,Vniuersitie of Cambridge more auntiente than of Oxford. 217.61
Vniuersitie of Cambrige,place,0.85,1,Vniuersitie of Cambrige,V,Vniuersitie of Cambrige founded. 171.106
Vniuersitie of Oxforde,place,0.85,1,Vniuersitie of Oxforde,V,Vniuersitie of Oxforde founded. 217.61
Vnlearned,person,0.85,1,Vnlearned,V,Vnlearned men preferred 1117.20. a
Vnthankefull,uncertain,0.2,1,Vnthankefull,V,Vnthankefull attemptes required with sorrowe. 429.40
Vnwone,person,0.91,1,Vnwone,V,Vnwone Bishop of Ligor. 199.15
Voadicia,person,0.97,3,Voadicia,V,Voadicia dyeth. 65.35
Voadicias,uncertain,0.28,3,Voadicias,V,Voadicias exhortation to hir Souldyers. 61.68
Volusenus,person,0.84,2,Volusenus,V,Volusenus returneth out of Britaine with aunswere. 35.63
Vortigernus,person,0.8,17,Vortigernus,V,Vortigernus subtile dealing to get the peoples fauour. 109.101
Vortigerus,person,0.5,1,Vortigerus,V,"Vortigerus, looke Vortigernus."
Vortimer,person,0.96,4,Vortimer,V,"Vortimer restoreth ye christian Religion, decayed by the Saxons. 117.41"
Vortiporus,person,0.91,3,Vortiporus,V,Vortiporus dieth without issue. 141.15
Vprore in London,uncertain,0.2,1,Vprore in London,V,Vprore in London against the Venicians. 1290. col. <?>. line. 10
Vripreds landes,uncertain,0.2,1,Vripreds landes,V,Vripreds landes giuen to Iricius. 252.71
Vrsula,person,0.97,2,Vrsula,V,Vrsula taken and slayne as she was sayling into little Britaine. 95.106
Vrswike Christopher,person,0.97,1,Vrswike Christopher,V,"Vrswike Christopher the Kings Chaplaine, sente Ambassador into Frãce. 1432.2. sent thither Ambassador again. 1433.10. sente Ambassador into Naples. 1440.30. kings Aulmonen iadem, sente Ambassador vnto Max<?>mulion the King of the Romaines. 439.18"
Vserers,person,0.27,3,Vserers,V,Vserers the Popes Merchants. 725.50
Vter,person,0.78,10,Vter,V,Vter Pendragon dyeth of poyson. 129.18
Vther,person,0.87,1,Vther,V,"Vther, a Danishe Earle slayne. 22<?>.64"
Vthred,person,0.9,3,Vthred,V,"Vthred taken, and put to death. 252.71"
Wade,person,0.97,1,Wade,W,"Wade Duke rebelleth against King Ardulfe, and is chased out of the field 201.61"
Wake Baldwine,person,0.97,1,Wake Baldwine,W,Wake Baldwine taken prisoner. 777.29
Walasco,person,0.83,1,Walasco,W,"Walasco a Frier, sent fron the Pope into England. 757.30"
Walbroke in London,place,0.83,1,Walbroke in London,W,"Walbroke in London, why so called. 82.50"
Walc<?>,uncertain,0.2,1,Walc<?>,W,Walc<?> reduced into forme of good order. 277.84
Walcher,person,0.93,2,Walcher,W,"Walcher Bishop of Durham, made gouernoure of Northumberlande. 312.44"
VValdene,uncertain,0.44,1,VValdene,W,"VValdene Earle, looke VValteof."
VValdene Castel,place,0.87,1,VValdene Castel,W,VValdene Castel deliuered to King Stephen. 380.41
Walley battaile,place,0.87,1,Walley battaile,W,"Walley battaile fought by King Ardulfe, againste Duke Wade, and his confederates. 201.64"
Waleton Castell,place,0.86,1,Waleton Castell,W,Waleton Castell made playne with the ground. 445.19
Wallingford,uncertain,0.42,1,Wallingford,W,Wallingford taken by the Danes. 244.34
Wallingford Castel,place,0.97,1,Wallingford Castel,W,Wallingford Castel besieged. 373.47
VVallingforde,place,0.85,1,VVallingforde,W,"VVallingforde newe Castell, ouer against the old Castell builded. 381.29"
Walkeline,person,0.7,1,Walkeline,W,Walkeline yeeldeth the Castell of Douer. 369. line. 16
Walkelme,person,0.96,1,Walkelme,W,Walkelme made Byshop of Winchester. 305.12
Walkhem,person,0.91,1,Walkhem,W,"Walkhem, Bishop of winchester. 320.94"
VVallop Iohn,person,0.79,1,VVallop Iohn,W,VVallop Iohn Knighte burneth. 21. Townes and Villages in Normandie. 1494.44
Walstod,person,0.91,1,Walstod,W,"Walstod, Bishop of Herford. 192.16"
Walteof,person,0.9,2,Walteof,W,Walteof marrieth Iudith neece to Kyng William. 308.72
Walteofes,person,0.8,1,Walteofes,W,Walteofes issue and honors. 309.1
Walter,person,0.97,5,VValter | Walter,CW,VValter Lorde Ferrers of Chartley slayn. page. 1422. col. 1. line. 15
VValter Archbishoppe of Yorke,person,0.97,1,VValter Archbishoppe of Yorke,W,VValter Archbishoppe of Yorke dyeth. 739.48
Walter Bentley,person,0.94,1,Walter Bentley,B,"Walter Bentley knyght, committed to the Tower. 948.40. a."
Walter Bishoppe of Alba,person,0.97,1,Walter Bishoppe of Alba,W,"Walter Bishoppe of Alba, bringeth the Pall to Anselme the Archbishoppe. 333.5."
Walter Bishoppe of Winchester,person,0.97,1,Walter Bishoppe of Winchester,W,Walter Bishoppe of Winchester dyeth. 723.25
Walter Diffe,person,0.97,1,Walter Diffe,D,Walter Diffe a Frier. 1058.45. b.
Walter Giffard,person,0.97,1,Walter Giffard,G,Walter Giffard Archbyshop of Yorke dyeth. 789.35. a.
VValter Herbert,person,0.97,1,VValter Herbert,W,VValter Herbert knight page. 1413. col. 1. line. 55. col. 2. line. 5. page. 1414. col. 1. line. 26. line. 42. line. 55. page. 1415. col. 2. line. 15
VValter Hungerforde,person,0.97,1,VValter Hungerforde,W,VValter Hungerforde Knighte. page. 1415. col. 2. line. 40. page. 1416. col. 1. line. 22
Walthã Abbey,place,0.97,1,Walthã Abbey,W,Walthã Abbey by whome founded. 288.32
Waltham Castel,place,0.91,1,Waltham Castel,W,Waltham Castel builded. 377.52
Waltham Colledge,place,0.93,1,Waltham Colledge,W,Waltham Colledge altered fron Priests to Chanons regular. 447.56
Waltheof,person,0.79,2,Waltheof,W,"Waltheof sonne to Siwarde, made Earle of Northumberlande. 307. line. 71"
VValthir,person,0.91,1,VValthir,W,VValthir Bishop of Durham. 307.112
Walton,place,0.8,1,Walton,W,Walton. 431.40
Walton Castell,place,0.95,1,Walton Castell,W,Walton Castell. 369.1
Walwine,uncertain,0.2,1,Walwine,W,"Walwine, looke Gawain."
Warram Castell,place,0.95,1,Warram Castell,W,Warram Castell. 368.78
VVarrham Castell,place,0.97,1,VVarrham Castell,W,VVarrham Castell besieged and rendred vp. 378. line. 98
VVarrham VVilliam,person,0.8,1,VVarrham VVilliam,W,"VVarrham VVilliam, Doctor of the Lawes, sente Ambassador vnto Philip the Archeduke. 1443.18. his Oration vnto the Archduke, eadem. 30. Bishoppe of London. 1455.40 is created Archbishoppe of Canterburie. 1458.35. is of the counsell to king Henry the eyght and Lorde Chauncellor. 1464.47 Crownoth Henry the eyght and Queene Katherine. 1465.46. is Godfather to Henry the firste begotten sonne of Henry the eyght. 1468.48 his oration in the Parliament house. 1472.44 giueth vp his office of Chancellorshippe, and why. 1497.33. withdraweth himselfe from the Courte, and why. 1499. line. 23"
Warine,person,0.97,1,Warine,W,"Warine Earle of Shrewsburie, appointed gouernour of the marches of Wales. 359.6"
Warlamchester,place,0.72,2,Warlamchester,W,Warlamchester destroyed. 88.20
Warlewast,uncertain,0.45,1,Warlewast,W,Warlewast sente to Rome in Ambassage to ye Pope. 342.23
Warlewest William,person,0.97,1,Warlewest William,W,Warlewest William hys replye vnto Pope Pascall. 342.52
water Iohn,person,0.79,1,water Iohn,A,A water Iohn Maior of Corke hanged. 1454.10.
VVaterforde Citie,place,0.97,1,VVaterforde Citie,W,VVaterforde Citie giuen to Robert de Poer. 450. line. 18
Waterforde Citie in Ireland,place,0.97,1,Waterforde Citie in Ireland,W,"Waterforde Citie in Ireland, wonne by the Englishmen. 419.10"
Waterfoorde in Irelande,uncertain,0.45,1,Waterfoorde in Irelande,W,Waterfoorde in Irelande made a Bishoppes Sea. 328.5
VVatkins Richard Herrauld,person,0.97,1,VVatkins Richard Herrauld,W,VVatkins Richard Herrauld of armes attainted. 1425.50
VVAuerley,uncertain,0.2,1,VVAuerley,W,VVAuerley. 445.7
VVebbeley Castel,place,0.95,1,VVebbeley Castel,W,VVebbeley Castel. 371.20
VVednesday,place,0.83,1,VVednesday,W,VVednesday why so called. 113.9
VVeights,uncertain,0.2,1,VVeights,W,"VVeights and measures ordered after one vniforme order, throughout all England. <?>34.53"
VVelche,group,0.85,4,VVelche | Welche,W,"VVelche tong, the incorrupted speech of the antient Britaines. 4.98"
Welchman,group,0.85,1,Welchman,W,Welchman hanged for treason. 821.46. a
Welchmen,group,0.85,24,VVelchmen | Welchmen,W,"Welchmen moue warre, and are subdued by the Englishmen, and theyr Princes brought to confusion. 270.44"
VVelchmen wast,group,0.85,1,VVelchmen wast,W,"VVelchmen wast Chesshire, and are distressed. 381.41"
Welchmenne,group,0.85,5,VVelchmenne | Welchmenne,W,"Welchmenne wrongfully accused of Rebellion, detect Earle Godwin of a commotion. 271.39"
VVelchmens,group,0.85,1,VVelchmens,W,VVelchmens presumptuous fiercenesse tamed by the Flemings. 347.42
Welchwomen,uncertain,0.45,1,Welchwomen,W,Welchwomen permitted to ioyne in marriage with Englishmen. 288. line. 71
Wellehare battayle,place,0.81,1,Wellehare battayle,W,Wellehare battayle fought in Northumberlãd. 201.73
Welgistus,person,0.92,1,Welgistus,W,"Welgistus, sonne to Vecta. 113.18"
VVellsloweth,uncertain,0.2,1,VVellsloweth,W,VVellsloweth with bloud at Finchamsteede. 329. line. 40
Wenlock Abbey,place,0.87,1,Wenlock Abbey,W,Wenlock Abbey builded. 277.31
VVentworth,person,0.81,1,VVentworth,W,VVentworth Lorde arraigned and acquitted. 1801.43
Werd,place,0.82,1,Werd,W,"Werd, the name of ye forth in Scotland. 140.9"
VVerefridus,person,0.91,1,VVerefridus,W,"VVerefridus, Bishop of VVorcester. 218.26"
Weremouth,person,0.8,1,Weremouth,W,Weremouth taken by the Scottes. 307.6
VVerlewod,uncertain,0.2,1,VVerlewod,W,VVerlewod. 232.105
VVerstan,person,0.81,1,VVerstan,W,VVerstan ordeyned Byshoppe of Shirebourne. 223.57
VVertermore in Scotland,place,0.82,1,VVertermore in Scotland,W,VVertermore in Scotland. 225.68
West,place,0.95,1,West,W,West saxe deuided into fyue diocesses. 223.45
VVest Countreys,place,0.95,1,VVest Countreys,W,VVest Countreys submitte themselues to Cnute. 252.20
West Saxons,place,0.95,1,West Saxons,W,West Saxons conuerted to the Christian saythe. 168.113
West Saxons kingdome,place,0.97,1,West Saxons kingdome,W,West Saxons kingdome deuided into two Byshoprickes. 191.5
VVestefoord Citie,place,0.95,1,VVestefoord Citie,W,VVestefoord Citie gyuen to VVilliã Fitz Adeline. 450.17
Westmaria,place,0.83,1,Westmaria,W,"Westmaria, nowe called Westmerland. 68.2"
Westmer,person,0.5,1,Westmer,W,"Westmer, looke Marius."
VVestminster,place,0.97,3,VVestminster | Westminster,W,Westminster palaice built 1557.50
Westminster Church,place,0.94,3,VVestminster church | Westminster Church,W,Westminster Church royally repayred. 279.34
VVestminster Hall,place,0.94,2,VVestminster Hal | VVestminster Hall,W,VVestminster Hal should haue bin larger. 329.14
Westminster Monastery,place,0.97,1,Westminster Monastery,W,Westminster Monastery erected. 150.76
Westminster Sanctuarye,place,0.91,1,Westminster Sanctuarye,W,Westminster Sanctuarye. page. 1365. col. 2. line. 52
VVestminster Towne,place,0.97,1,VVestminster Towne,W,"VVestminster Towne, and parish Church spoiled. 778.115"
Weston,person,0.91,2,Weston,W,Weston Doctor prolocutor of the Conuocation. 1723.47
VVestwod,place,0.81,1,VVestwod,W,VVestwod or Lesnes Abbey founded. 447.8
Wexford Citie in Irelãd,place,0.95,1,Wexford Citie in Irelãd,W,Wexford Citie in Irelãd. 421.31
Wharton Thomas,person,0.97,1,Wharton Thomas,W,Wharton Thomas knight Lord Warden of the West marches. 1595.40
Whirlepoles,person,0.8,1,Whirlepoles,W,Whirlepoles fyshes taken. 1557.47
Whitby,place,0.83,1,Whitby,W,Whitby in olde tyme called Streaneshall. 175.82
Whitby Abbey,place,0.84,2,Whitby Abbey,W,Whitby Abbey builded. 308.1
White,person,0.88,1,White,W,"White Swanne, Queene Margarets cognisance page. 1295. col. 1. line. 14"
VVhite Monkes,person,0.96,2,VVhite Monkes,W,VVhite Monkes brought into England. 333.93
Whiterne,place,0.84,1,Whiterne,W,Whiterne in olde tyme called Candida Casa. 192.27
Whitlafe,person,0.46,2,Whitlafe,W,"Whitlafe king of Mercia, chased out of his estate. 203.82."
Whitring Richard,person,0.97,1,Whitring Richard,W,Whitring Richard Abbot of Glastenbur<?>e hanged for the supremacie. 1574.35
Whitsand,place,0.8,1,Whitsand,W,Whitsand besides Canterburie. 225.<?>8
Whitsand bay,place,0.95,1,Whitsand bay,W,Whitsand bay. page. 1297. col. 2. line. 45
Whitsandbay,uncertain,0.2,1,Whitsandbay,W,Whitsandbay. page. 1323. col. 1. line. 30
Wia<?> Henry Knightes,person,0.97,1,Wia<?> Henry Knightes,W,"Wia<?> Henry Knightes, one of the kings priuie counsell. 1464.54"
VViat Thomas,person,0.97,1,VViat Thomas,W,"VViat Thomas Knyght Rebelleth. 1724.17. the discourse of hys whole life manye leaues following, is distressed in fyghte. 1731.10. commeth in and submitteth hymselfe vnto the Queene, eadem. 30. is arraigned. 1735.35. is executed. 1737. line. 10"
Wibbas,person,0.92,1,Wibbas,W,"Wibbas or Wipha, succeedeth his father Crida in the Kingdome of Mercia. 145.88"
Wibteth Archb. of Rauenna,uncertain,0.45,1,Wibteth Archb. of Rauenna,W,Wibteth Archb. of Rauenna set vp Pope by Henrie the Emperour against Vrbane. 330.96
Wichport,place,0.89,1,Wichport,W,Wichport spoyled by the Danes 239.39. &. 241.39
Wichwood,uncertain,0.2,1,Wichwood,W,Wichwood beside Stony Stratford. page. 1316. col. 1. line. 46
Wiccies prouince,place,0.95,1,Wiccies prouince,W,"Wiccies prouince, nowe Worcester. 192.19"
Wicklifes,uncertain,0.2,2,Wicklifes | Wickliffes,W,Wicklifes doctrine mainteyned. page. 1155. col. 1. line. 43. his bookes condemned line. 55
Wicleuistes,uncertain,0.2,1,Wicleuistes,W,Wicleuistes increase. 1075.50. a. 1088.44. a.
Wicleuists,uncertain,0.33,2,Wicleuists,W,Wicleuists rage against the Friers Augustins. 1059.30. a.
Wicliffes Iohn,person,0.97,1,Wicliffes Iohn,W,Wicliffes Iohn opinions. 993.30. b. 1023.57. a.
Wye riuer,place,0.97,2,Wye riuer,W,Wye riuer. 297.29
VVighart,person,0.9,2,VVighart,W,VVighart dieth at Rome of the pestilence. 178.2
Wight,place,0.97,1,Wight,W,Wight spoyled by Frenche men. 1007.10. a
VVightgar,uncertain,0.2,1,VVightgar,W,"VVightgar and Stuffe arriue at Certicestshore, and ouerthrow the Britaines. 130.44"
Wightham Towne,place,0.95,1,Wightham Towne,W,Wightham Towne buylded. 221.1
Wigmere battell,place,0.97,1,Wigmere battell,W,Wigmere battell foughte by the Danes against the Englishmen. 245.35
Wigmore Castell,place,0.95,2,Wigmore Castell,W,Wigmore Castell surrendred to the king. 396.13
Wigmore towne,place,0.97,1,Wigmore towne,W,Wigmore towne repayred. 222.82.
Wil,person,0.89,4,VVil | Wil,W,Wil. Malm. cited. 364.72
Wil. Conqueroure,person,0.92,1,Wil. Conqueroure,W,"Wil. Conqueroure returneth out of Normandye into England. 297.32. hee leadeth an army againste ye Citie of Exeter. 299.41 he leadeth an army into the Northe againste the Danes, and Englishe exiles. 301.2"
Wil Corum,person,0.95,1,Wil Corum,W,Wil Corum slaine. 1288.13
Wil. Hosey,person,0.83,1,Wil. Hosey,W,Wil. Hosey esquier. 1288.56
Wil. Marleb,person,0.93,1,Wil. Marleb,W,Wil. Marleb cited. 305.69
Wil. Witlesey,person,0.88,1,Wil. Witlesey,W,Wil. Witlesey made Archb. of Canterburie. 975.34. b
Wil. Zouch,person,0.95,1,Wil. Zouch,W,Wil. Zouch slaine. 1288.11
VVilfaresdowne,uncertain,0.2,1,VVilfaresdowne,W,VVilfaresdowne. 170.53
VVilford Iames,person,0.97,1,VVilford Iames,W,VVilford Iames knight valiauntlye defendeth Hadington. 1638.20. is taken prisoner. 1640.3
VVilfred,person,0.48,2,VVilfred,W,VVilfred made Bishop of Northumberlande. 177. line. 51
VVilfrid,person,0.68,4,VVilfrid,W,VVilfrid Bishop of Hexham dyeth. 190.105
Wilfride,person,0.57,3,Wilfride,W,Wilfride Bishop of worcester. 192.20
Williã,person,0.96,3,VVilliã | Williã,W,Williã Lucre knight slain. 1300.1.
Williã Barkeley,person,0.97,1,Williã Barkeley,W,Williã Barkeley Knight. page. 1402. col. 2. line. 23
Wylliã Bohun,person,0.96,1,Wylliã Bohun,B,Wylliã Bohun created Earle of Northampton. 900.13. b
Williã Conquerour,person,0.97,1,Williã Conquerour,W,Williã Conquerour crowned King of Englande. 291.<?>0
Williã Trowtbeck,person,0.97,1,Williã Trowtbeck,W,Williã Trowtbeck knight. pag. 129<?>. col. 2. lin. 34.
VVilliã VVicwan,person,0.97,1,VVilliã VVicwan,W,VVilliã VVicwan made Archbishop of York. 789. 36 .a. dyeth. 794.48. a
Williã Zouch,person,0.97,1,Williã Zouch,W,Williã Zouch made Archbishop of York. 908.13. a dieth. 943.38. b
William,person,0.96,68,VVilliam | William,BCDHLMW,William a Parre slaine. 1304.5.
VVilliam Archbyshoppe of Yorke,person,0.97,1,VVilliam Archbyshoppe of Yorke,W,"VVilliam Archbyshoppe of Yorke, complayned of to the Pope, and deposed. 382.38"
VVilliam Byshoppe of Durham,person,0.95,1,VVilliam Byshoppe of Durham,W,"VVilliam Byshoppe of Durham, exiled the lande. 320.37"
William Butley,person,0.97,1,William Butley,W,William Butley speaker of the Parliament. 1271.55
William Catesby,person,0.97,1,William Catesby,W,William Catesby. 1371.57
William Conquerour,person,0.97,9,William Conquerour,W,"William Conquerour protesteth, that hee came too the rule of Englande by mere conquest. 303.26"
VVilliam Conqueroure,person,0.97,7,VVilliam Conqueroure | William Conqueroure,W,"William Conqueroure leadeth an army against his eldest sonne Roberte in Normandy. 310.34. he is vnhorsed by his sonne Roberte, and is by hym eftsoones horsed againe 310.45. they are made friends. 310.69"
VVilliam Conqueroures,person,0.97,1,VVilliam Conqueroures,W,VVilliam Conqueroures issue. 315.111
VVilliam Conqueroures Sepulchre,person,0.97,1,VVilliam Conqueroures Sepulchre,W,VVilliam Conqueroures Sepulchre opened with the length and bignes of his body. 316.61
William de Valence,person,0.97,1,William de Valence,W,William de Valence Earle of Penbroke dieth. 815.35
VVilliam Erle of Pembroke,person,0.97,1,VVilliam Erle of Pembroke,W,VVilliam Erle of Pembroke perswadeth the nobilitie against Lewes and to take parte wyth Henry the third. 608.60
William Fitz Osbert,person,0.97,1,William Fitz Osbert,W,"William Fitz Osbert with the long bearde, is conueted before the B. of Caunterbury. 529.80 hee appeareth, and is dismissed quietly. 529.86. he is newly attached and escapeth into saint Mary Bowe Churche, keepeth it by force, is forced out by fire. 529. 105. he is wounded with a knife. 529.116. he is araigned in the Tower, condemned, drawen, and executed. 530.4"
William Gatesby,person,0.97,1,William Gatesby,W,William Gatesby knight page. 1390. col. 2. line. 5. beheaded pag. 1422. col. 1. line. 19
William Grenefeld,person,0.97,1,William Grenefeld,G,William Grenefeld made Arch+byshop of Yorke. 840 39. a payeth money to the Pope. 843.44. a. dyeth. 852.51. a.
William Malmesb,person,0.97,2,William Malmesb,W,William Malmesb. cyted. 223.61 and .264.74.
William Malmesburie,person,0.94,4,VVilliam Malmesburie | William Malmesburie,W,William Malmesburie dyeth. 136.1<?>.
William Mandeuile,person,0.97,1,William Mandeuile,W,William Mandeuile executed for conspiracie. 1249.36
William Montagew,person,0.97,1,William Montagew,M,William Montagew created Earle of Salisburye. 900.13. b.
William Mountagew,person,0.97,1,William Mountagew,M,William Mountagew Earle of Salisbury dyeth. 924.21 b.
William Mulmesburie,person,0.97,1,William Mulmesburie,W,William Mulmesburie cited. 219.71
William Nenuil,person,0.97,1,William Nenuil,W,William Nenuil Lord Fauconbridge. 1311.25
Willyam of Hatfield,person,0.97,1,Willyam of Hatfield,H,Willyam of Hatfield sonne to kyng Edward the thyrde borne. 900.28. a.
William of Malmesb,person,0.97,1,William of Malmesb,W,William of Malmesb. cited. 118.50. and .125.9. and 129.26. and .134.34.
William of Malmesburie,person,0.97,2,William of Malmesburie,W,William of Malmesburie confuted. 19.28
William Paruus,person,0.97,1,William Paruus,W,William Paruus cited. 394.34. and .433.64.
William Rheuell<?>nsts,person,0.87,1,William Rheuell<?>nsts,W,"William Rheuell<?>nsts, in what time he liued. 394. line. 47"
VVilliam Sautre,person,0.87,1,VVilliam Sautre,W,VVilliam Sautre brente in Smithfield. page. 1132 col. 2. line. 30
William Scrope,person,0.97,1,William Scrope,S,William Scrope created Erle of Wiltshire. 1097.30. b. fleeth to Bristowe. 1105.12. b. beheaded. 1106 14. b.
William Slaughtar,person,0.97,1,William Slaughtar,W,"William Slaughtar, one of ye murtherers of Edward the fourthes children page. 1390. col. 2. line. 47"
VVilliam Stãley,person,0.97,1,VVilliam Stãley,W,VVilliam Stãley knight page. 1321. col. 1. line. 55
VVilliam Tailbois Erle of Kyme,person,0.97,1,VVilliam Tailbois Erle of Kyme,W,VVilliam Tailbois Erle of Kyme page. 1315. col. 1. line. 6. beheaded. li. 12
VVilliam Tirell,person,0.97,1,VVilliam Tirell,W,VVilliam Tirell esquier beheaded page. 1313. col. 1. line. 28
VVilliam Venoure,person,0.97,1,VVilliam Venoure,W,VVilliam Venoure. page 1120. col. 2. line. 17
William Vfford,person,0.97,1,William Vfford,V,William Vfford Earle of Suffolk dyeth. 1038.47. a
William Wickham,person,0.97,2,William Wickham,W,William Wickham Bishop of Winchester. 1144.3
VVilliam VVilford,person,0.93,1,VVilliam VVilford,W,VVilliam VVilford toke Shippes on the coastes of Britaine. page. 1140. col. 2. line. 34
William Wittelsey,person,0.97,1,William Wittelsey,W,William Wittelsey Archbishop of Caunterburye dyeth. 995.17. a
Wilingham,uncertain,0.2,1,Wilingham,W,Wilingham. 219.40
Wilkinson,person,0.86,1,Wilkinson,W,Wilkinson Oswalde executed. 1864.40
VVilmote,person,0.81,1,VVilmote,W,"VVilmote, a noble man of Sussex banished, lyeth rouing vppon the coastes. 244"
Wilnosus,person,0.9,1,Wilnosus,W,Wilnosus son to erle Godwin. 273.94
VVilnotus,uncertain,0.2,2,VVilnotus | Wilnotus,W,VVilnotus emprisoned againe by K. VVilliam Rufus. 317.37
Willoughby Robert,person,0.89,1,Willoughby Robert,W,"Willoughby Robert Lord Brooke, generall of the army into Britain. 1434 line. 10"
VVilloughby Roberte,person,0.93,3,VVilloughby Roberte,W,VVilloughby Roberte created Lorde Brooke. 1426.38
VVilloughby VVilliam,person,0.97,1,VVilloughby VVilliam,W,"VVilloughby VVilliam Knight, is created Lorde VVilloughby. 1614.25"
Willoughbie Henry,person,0.97,1,Willoughbie Henry,W,Willoughbie Henry knight sent into Flãders. 1435.48
Wilshire,place,0.89,1,Wilshire,W,Wilshire wasted by the Danes. 245.77. & .252.10
Wilson,person,0.72,1,Wilson,W,Wilson Doctor in the premunire. 1578.21. pardoned. 1581.48
Wilton,place,0.95,1,Wilton,W,Wilton woon and rifled by the Danes. 243.59
Wilton Abbey,place,0.97,1,Wilton Abbey,W,Wilton Abbey buylded. 226.116
VVilton battaile,place,0.97,1,VVilton battaile,W,VVilton battaile foughte by the Danes againste the Englishmen. 212.2
VVilton Nunrie,place,0.96,2,VVilton Nunrie | Wilton Nunrie,W,"Wilton Nunrie buylded, & richly endowed. 234.10"
Wilton Towne,place,0.97,1,Wilton Towne,W,Wilton Towne set on fire. 379.75.
VVim,person,0.45,2,VVim,W,VVim Byshop commeth into England. 171.69
Wimond,person,0.97,1,Wimond,W,"Wimond a Monke, fyrste Byshoppe of the Ile of Man, had his eyes put out. 386.6"
Wimundham,place,0.8,1,Wimundham,W,Wimundham. 445.8
Wimundham Priory,place,0.97,1,Wimundham Priory,W,Wimundham Priory founded. 705
VVinborne Abbey,place,0.95,1,VVinborne Abbey,W,VVinborne Abbey. 211.14
Winbourne towne,place,0.86,1,Winbourne towne,W,Winbourne towne taken. 219.95
Winchcomb Abbey,place,0.97,1,Winchcomb Abbey,W,Winchcomb Abbey founded. 201.5
Winchcomb. Church,place,0.89,1,Winchcomb. Church,W,Winchcomb. Church builded. 200.105
VVinchcombe,place,0.81,1,VVinchcombe,W,VVinchcombe Steeple & Church throwne downe by thunder and lyghtning. 322.1
Winchelsey,uncertain,0.45,3,Winchelsey,W,"Winchelsey won by force, by prince Edward. 776.44"
Winchelsey town,place,0.82,1,Winchelsey town,W,Winchelsey town spoyled by the rage of the Sea. 723.53
Winchester,place,0.84,5,VVinchester | Winchester,W,"Winchester won by surrender, and spoyled by the Barons. 772.49"
Winchester castell,place,0.94,2,Winchester castel | Winchester castell,W,Winchester castel besieged. 377.60.
VVinchester Churche,place,0.85,1,VVinchester Churche,W,VVinchester Churche builded. 180.70
VVinchester Citie,place,0.94,1,VVinchester Citie,W,VVinchester Citie destroyed by the Danes. 208.55
Wincigi,uncertain,0.2,1,Wincigi,W,"Wincigi an army of strangers, departe out of England. 215.37"
Windesor Castell,place,0.95,1,Windesor Castell,W,Windesor Castell. 326.36
Windham Iohn,person,0.97,1,Windham Iohn,W,Windham Iohn Knyghte and beheaded. 1457.40
Windsor Castell,place,0.94,1,Windsor Castell,W,Windsor Castell besieged by the Barons. 603.19. they raise theyr Campe secretely in the nyghte. 604.46
Windsore,place,0.95,1,Windsore,W,Windsore. 278.76
Windsore castell,place,0.97,2,Windsore castell,W,Windsore castell repayred. 963.34. b.
Windsore fortresse,place,0.97,1,Windsore fortresse,W,Windsore fortresse. 391.12
Wine,uncertain,0.2,1,Wine,W,Wine good cheape. 1058.40
Winnebert,uncertain,0.2,1,Winnebert,W,"Winnebert, murtherer of K. Ethelbert. 196.113"
VVinfrid,person,0.43,2,VVinfrid,W,VVinfrid deposed for disobedience. 181.8
Wingfields,uncertain,0.2,1,Wingfields,W,Wingfields letters conteyning the blacke Printers iourney. 952.1. b
Winghã Henrie,person,0.97,1,Winghã Henrie,W,Winghã Henrie elected B. of Winchester. 755.87
VVinleshore battell,place,0.97,1,VVinleshore battell,W,VVinleshore battell foughte by the Englishmen against ye Danes. 207.13
Wiptish fielde,place,0.95,1,Wiptish fielde,W,Wiptish fielde fought betweene the Britains and Saxons. 126.25
VVire riuer,place,0.95,1,VVire riuer,W,VVire riuer. 178.105
VViremouth Abbey,place,0.93,2,VViremouth Abbey | Wiremouth Abbey,W,Wiremouth Abbey buylded. 163.8
VVisbasdowne battaile,place,0.95,1,VVisbasdowne battaile,W,VVisbasdowne battaile foughte betweene the Saxons one with another. 142.95
Wisbeche,uncertain,0.2,1,Wisbeche,W,Wisbeche people perishe by rage of water. 649.34
Wissher<?> Archbishoppe of Northumberlande,person,0.88,1,Wissher<?> Archbishoppe of Northumberlande,W,Wissher<?> Archbishoppe of Northumberlande expulsed. 219.23
Wishhere,person,0.86,1,Wishhere,W,Wishhere Archbishop restored. 219.26
Witgaresbridge,place,0.84,1,Witgaresbridge,W,Witgaresbridge in the Ile of Wight. 131.48
Withred,person,0.89,2,Withred,W,Withred son to Gegherte made K. of Kent. 187.10
VVlnardus Bishoppe of Hereforde,person,0.88,1,VVlnardus Bishoppe of Hereforde,W,VVlnardus Bishoppe of Hereforde. 195.12
VVoden,uncertain,0.43,2,VVoden,W,VVoden an ancient prince of the Saxons. 1<?>3.5
VVodenesborne battaile,place,0.95,1,VVodenesborne battaile,W,"VVodenesborne battaile, fought by the Britaines agaynste the Saxons. 145.77."
VVodenesdic,uncertain,0.2,1,VVodenesdic,W,VVodenesdic. 145.57
VVodens,person,0.27,3,VVodens | Wodens,W,VVodens pedegrue deriued from Adams. 239.29
Woodfield battaile,place,0.95,1,Woodfield battaile,W,"Woodfield battaile, fought by the Englishmen against the Danes. 221.66"
Woodhouse Thomas,person,0.97,1,Woodhouse Thomas,W,Woodhouse Thomas executed. 1869.54
VVodnesburie battayle,uncertain,0.2,1,VVodnesburie battayle,W,VVodnesburie battayle sought betweene the west Saxons and Mercians. 187.104.
VVoodstock manor,place,0.87,1,VVoodstock manor,W,VVoodstock manor builded. 364.13
VVoduile Edward,person,0.97,1,VVoduile Edward,W,"VVoduile Edward Lord VVoduile, aydeth the duke of Brytaine with foure. C. men withoute the kings consent. 14<?>3. 34. hath almost all hys men slaine. ead. 56."
VVool,uncertain,0.2,2,VVool | VVooll,W,VVool staple remoued fron Flaunders intoo Englande. 941.27. a
VVolde VVilliam,person,0.97,1,VVolde VVilliam,W,VVolde VVilliam prior of Birlington putte too death. 1570.15
wolles,uncertain,0.2,1,wolles,W,wolles stayed. 809.17. b
VVoolfes,uncertain,0.45,1,VVoolfes,W,VVoolfes payed to King Edgar for a yearely trybute. 232
VVolfgangus Lazius,person,0.85,1,VVolfgangus Lazius,W,VVolfgangus Lazius cited. 105.92
wolney,place,0.81,1,wolney,W,wolney foure Miles from warwike. 1321.40
Wolsey,person,0.97,1,Wolsey,W,"Wolsey Cardinall thought to be author of the kings doubt of the lawfulnesse of his mariage. 1551.1 is displeased with the Emperor and why. 1551.7. sitteth in iudgement vppon the kings mariage. 1551.24. offended wyth the Kings liking of the Ladie Anne Bolongne, laboreth to stay sentence 1552.21. is in displeasure with the king, eadem. 43. hath the great seale taken from him. ead. 20. is condemned in a Premn<?>ire. ead. 30. is depriued of the Bishoprike of Duresme and the Abbey of Saint Albons, & all his goods. ead. 40. is sent downe into his Diocesse of York. 1554.20. writeth too the King for his Pall and Miter. 1555.8. is arrested. ead. 24. dieth. ead. 46 is described. 1556.1"
VVolsey Thomas,person,0.97,1,VVolsey Thomas,W,"VVolsey Thomas, the kings Almoner. 1479.7. taketh the oth of the Citizens of Tourney for the king. 1479.21. consecrated Bishop of Lincolne. 1494.36. borne at Ipswich and described. ibid. consecrated Archbishop of yorke. 1496.50. chosen Cardinall. 1497.19. is made Lord chancelor. cad. 42. hath his Car+dinals Hat brought too London with great tryumph. ead. 53. calleth too accountes all those that hadde medled with the kings money. 1498.27. executeth iustice very seuerely. ead. 34. conceiueth a grudge agaynst Frances the Frenche king. 1499.1. obteyneth the bishoprike of Bath. 1504.50. obteyneth a gainfull court of Legate to be erected. 1504.30. hurteth all the Cleargie with his ill example of pride. ead. 45. his excessiue pride. ea. 52. and .1505.1. hath a thousande Markes of yearely pension of the Frenche king. 1505.40. his pompe. 1510.22. hath great authoritie and credite committed vnto him by the English & French kings. 1510.30. goeth to Calais to parle with the French Ambassadours. 1516.55. goeth to Bruges the Emperour comming a mile oute of the towne to meete him. 1517 27. carieth the great seale with him beyonde the seas. ead. 3. maketh meanes to the Pope. 1518.20. giueth a generall dispensation for eating of white meates one Lent. 1519.40. his pompe and pride. 1520.3. and ead. 22 is made B. of Durham. 1524.11. resigneth the bishoprike of Bath. ead. 11. laboureth tooth and nayle to get a great subsidie graunted. 1524.40. remoueth the conuocation from Poules too westminster. 1524.32. woulde haue visited the Friers Obseruantes, but they withstood him. 1533.40. erecteth two Colledges. ead. 56. suppresseth small Monasteries. 1534.41. deuiseth straunge Commissions. ead. 41. altereth the state of the Kings house. 1526.24. goeth Ambassador into France with a thousand two hũdred horses. 1539.16. deuiseth a newe forme of Letanie 1539.22"
VVolshere,person,0.97,2,VVolshere | Wolshere,W,"Wolshere brother to Peada, made king of Mercia. 176.47"
VVolstane,person,0.97,5,VVolstane | wolstane,W,wolstane bishop of worcester dieth. 336.5
VVolstane Bishoppe of VVorcester,person,0.97,1,VVolstane Bishoppe of VVorcester,W,"VVolstane Bishoppe of VVorcester, submitteth himselfe to King VVilliam. 291.56"
VVolstans,person,0.92,1,VVolstans,W,VVolstans Crosier staffe myraculously sticketh fast in Sainte Edwardes tombe. 309.75
VVoolstaple,uncertain,0.2,1,VVoolstaple,W,VVoolstaple at Sandwich. 799.4 a
VVoluesey castell,place,0.97,1,VVoluesey castell,W,VVoluesey castell won by Lewes. <?>01.3
VVonden,uncertain,0.2,1,VVonden,W,"VVonden, people called by the Englishmen, by ye name of Danes. 215.16"
VVonwaldremere,uncertain,0.2,1,VVonwaldremere,W,VVonwaldremere. 201.35
VVorcester Citie,place,0.87,1,VVorcester Citie,W,"VVorcester Citie taken, and sacked by the Barons. 765.54"
VVorceter Abbey,place,0.93,1,VVorceter Abbey,W,VVorceter Abbey buylded. 277.31
VVorceter castell,place,0.94,1,VVorceter castell,W,VVorceter castell besieged and deliuered. 384.20
VVorceter Citie,place,0.91,4,VVorceter Citie | VVorceter citie,W,"VVorceter Citie and the Countrey burnt, and sacked, for sleaing K. Hardicnuts collectors. 267.26"
VVorlde,person,0.8,1,VVorlde,W,VVorlde drowned by the great deluge. 1.53
VVorldly,uncertain,0.45,1,VVorldly,W,VVorldly pleasures turne too naught in a moment. 188.62.
VVorseley William,person,0.93,1,VVorseley William,W,VVorseley William deane of Poules traitor. 1443.42
VVorshipping of Images,person,0.83,1,VVorshipping of Images,W,VVorshipping of Images refused by the Princes and bishops in Englande. 199.<?>8
VVorthie,uncertain,0.2,1,VVorthie,W,VVorthie answere of Henrie the thirde to the Popes Nuncio. 713.74
VVoulston Iohn,person,0.97,1,VVoulston Iohn,W,"VVoulston Iohn, Counsellor to Prince Arthur. 1456.55"
wraw Iohn,person,0.97,2,wraw Iohn,W,wraw Iohn priest executed. 1038.30. b
wreckes,person,0.83,1,wreckes,W,wreckes pardoned by king Richard the first. 489.77
wriothesley Tho,person,0.97,1,wriothesley Tho,W,"wriothesley Tho. knight, Secretarie created Lord wriothesley of Trihefield. 1591.54"
wriothesley Thomas,person,0.97,1,wriothesley Thomas,W,"wriothesley Thomas lord wriothesley, made Lord Chancellour and knight of the Garter. 1610.38. one of the Kings executors. 1611.55. is created Earle of Southamton. .1614.15. depriued of the Chauncellorship and authoritie in the Counsail. ead. 47."
writers,person,0.61,1,writers,W,writers that liued in king Iohns dayes. 607.36
wulferth,uncertain,0.2,1,wulferth,W,"wulferth, looke Vimer."
wulhard,person,0.9,1,wulhard,W,wulhard Earle ouerthroweth the Danes wyth an armye at Hampton. 206.77.
ZEno,person,0.81,1,ZEno,Z,ZEno Emperor. 122.87
